{"display":{"thirdperson_righthand":{"rotation":[53.0,0.0,0.0],"translation":[0.0,2.5,0.0],"scale":[0.3,0.3,0.3]},"thirdperson_lefthand":{"rotation":[53.0,0.0,0.0],"translation":[0.0,2.5,0.0],"scale":[0.3,0.3,0.3]},"firstperson_righthand":{"translation":[-9.0,3.0,0.0],"scale":[0.43,0.43,0.43]},"firstperson_lefthand":{"translation":[0.0,2.0,0.25],"scale":[0.32,0.32,0.32]},"ground":{"translation":[0.0,4.25,-2.75]},"gui":{"rotation":[9.0,161.0,0.0],"translation":[-2.0,-1.5,0.0],"scale":[0.5,0.5,0.5]},"head":{"translation":[0.0,-20.0,-2.0],"scale":[2.75,2.75,2.75]},"fixed":{"rotation":[-90.0,0.0,0.0],"translation":[0.0,-2.25,-29.75],"scale":[4.0,4.0,4.0]}},"elements":[{"from":[2.825,2.05799,3.59116],"to":[13.175,5.50799,11.35366],"rotation":{"origin":[8.0,5.625,7.25247],"axis":"y","angle":0.0},"faces":{"north":{"uv":[5.0,3.0,7.0625,3.6875],"texture":"#1"},"east":{"uv":[5.0,5.0,6.5625,5.6875],"texture":"#1"},"south":{"uv":[5.0,4.0,7.0625,4.6875],"texture":"#1"},"west":{"uv":[0.0,6.0,1.5625,6.6875],"texture":"#1"},"up":{"uv":[2.0625,5.5625,0.0,4.0],"texture":"#1"},"down":{"uv":[4.5625,4.0,2.5,5.5625],"texture":"#1"}}},{"from":[12.01063,1.59236,2.85804],"to":[13.90813,5.90486,4.75554],"rotation":{"origin":[8.0,5.375,7.25247],"axis":"y","angle":0.0},"faces":{"north":{"uv":[7.0,8.75,7.375,9.625],"texture":"#1"},"east":{"uv":[7.75,8.75,8.125,9.625],"texture":"#1"},"south":{"uv":[8.5,8.75,8.875,9.625],"texture":"#1"},"west":{"uv":[1.5,9.0,1.875,9.875],"texture":"#1"},"up":{"uv":[10.125,4.125,9.75,3.75],"texture":"#1"},"down":{"uv":[4.875,9.75,4.5,10.125],"texture":"#1"}}},{"from":[2.39375,0.42361,3.15991],"to":[13.60625,2.14861,11.78491],"rotation":{"origin":[8.0,5.5,7.25247],"axis":"y","angle":0.0},"faces":{"north":{"uv":[2.0,6.0,4.25,6.375],"texture":"#1"},"east":{"uv":[0.0,7.0,1.75,7.375],"texture":"#1"},"south":{"uv":[4.5,6.0,6.75,6.375],"texture":"#1"},"west":{"uv":[7.5,0.0,9.25,0.375],"texture":"#1"},"up":{"uv":[2.25,1.75,0.0,0.0],"texture":"#1"},"down":{"uv":[2.25,2.0,0.0,3.75],"texture":"#1"}}},{"from":[2.39375,5.36111,3.15991],"to":[13.60625,7.08611,11.78491],"rotation":{"origin":[8.0,5.5,7.25247],"axis":"y","angle":0.0},"faces":{"north":{"uv":[2.0,6.0,4.25,6.375],"texture":"#1"},"east":{"uv":[0.0,7.0,1.75,7.375],"texture":"#1"},"south":{"uv":[4.5,6.0,6.75,6.375],"texture":"#1"},"west":{"uv":[7.5,0.0,9.25,0.375],"texture":"#1"},"up":{"uv":[2.25,1.75,0.0,0.0],"texture":"#1"},"down":{"uv":[2.25,2.0,0.0,3.75],"texture":"#1"}}},{"from":[11.66562,-0.00764,2.51304],"to":[14.25313,2.57986,5.10054],"rotation":{"origin":[8.0,5.5,7.25247],"axis":"y","angle":0.0},"faces":{"north":{"uv":[2.25,9.0,2.75,9.5],"texture":"#1"},"east":{"uv":[3.5,9.0,3.0,9.5],"texture":"#1"},"south":{"uv":[9.0,3.0,9.5,3.5],"texture":"#1"},"west":{"uv":[4.25,9.0,3.75,9.5],"texture":"#1"},"up":{"uv":[9.5,4.25,9.0,3.75],"texture":"#1"},"down":{"uv":[5.0,9.0,4.5,9.5],"texture":"#1"}}},{"from":[11.88125,4.95174,2.29741],"to":[14.46875,7.53924,4.88491],"rotation":{"origin":[8.21563,10.45938,7.03685],"axis":"y","angle":0.0},"faces":{"north":{"uv":[2.25,9.0,2.75,9.5],"texture":"#1"},"east":{"uv":[3.5,9.0,3.0,9.5],"texture":"#1"},"south":{"uv":[9.0,3.0,9.5,3.5],"texture":"#1"},"west":{"uv":[4.25,9.0,3.75,9.5],"texture":"#1"},"up":{"uv":[9.5,4.25,9.0,3.75],"texture":"#1"},"down":{"uv":[5.0,9.0,4.5,9.5],"texture":"#1"}}},{"from":[1.53125,4.95174,2.29741],"to":[4.11875,7.53924,4.88491],"rotation":{"origin":[7.78437,10.45938,7.03685],"axis":"y","angle":0.0},"faces":{"north":{"uv":[2.75,9.0,2.25,9.5],"texture":"#1"},"east":{"uv":[3.75,9.0,4.25,9.5],"texture":"#1"},"south":{"uv":[9.5,3.0,9.0,3.5],"texture":"#1"},"west":{"uv":[3.0,9.0,3.5,9.5],"texture":"#1"},"up":{"uv":[9.0,4.25,9.5,3.75],"texture":"#1"},"down":{"uv":[4.5,9.0,5.0,9.5],"texture":"#1"}}},{"from":[1.53125,4.95174,10.03517],"to":[4.11875,7.53924,12.62267],"rotation":{"origin":[7.78437,10.45938,14.77461],"axis":"y","angle":0.0},"faces":{"north":{"uv":[2.75,9.0,2.25,9.5],"texture":"#1"},"east":{"uv":[3.75,9.0,4.25,9.5],"texture":"#1"},"south":{"uv":[9.5,3.0,9.0,3.5],"texture":"#1"},"west":{"uv":[3.0,9.0,3.5,9.5],"texture":"#1"},"up":{"uv":[9.0,4.25,9.5,3.75],"texture":"#1"},"down":{"uv":[4.5,9.0,5.0,9.5],"texture":"#1"}}},{"from":[11.88125,4.95174,10.03517],"to":[14.46875,7.53924,12.62267],"rotation":{"origin":[8.21563,10.45938,14.77461],"axis":"y","angle":0.0},"faces":{"north":{"uv":[2.25,9.0,2.75,9.5],"texture":"#1"},"east":{"uv":[3.5,9.0,3.0,9.5],"texture":"#1"},"south":{"uv":[9.0,3.0,9.5,3.5],"texture":"#1"},"west":{"uv":[4.25,9.0,3.75,9.5],"texture":"#1"},"up":{"uv":[9.5,4.25,9.0,3.75],"texture":"#1"},"down":{"uv":[5.0,9.0,4.5,9.5],"texture":"#1"}}},{"from":[1.74688,-0.00764,2.51304],"to":[4.33438,2.57986,5.10054],"rotation":{"origin":[8.0,5.5,7.25247],"axis":"y","angle":0.0},"faces":{"north":{"uv":[2.75,9.0,2.25,9.5],"texture":"#1"},"east":{"uv":[3.75,9.0,4.25,9.5],"texture":"#1"},"south":{"uv":[9.5,3.0,9.0,3.5],"texture":"#1"},"west":{"uv":[3.0,9.0,3.5,9.5],"texture":"#1"},"up":{"uv":[9.0,4.25,9.5,3.75],"texture":"#1"},"down":{"uv":[4.5,9.0,5.0,9.5],"texture":"#1"}}},{"from":[1.74688,-0.00764,9.81955],"to":[4.33438,2.57986,12.40705],"rotation":{"origin":[8.0,5.5,14.55899],"axis":"y","angle":0.0},"faces":{"north":{"uv":[2.75,9.0,2.25,9.5],"texture":"#1"},"east":{"uv":[3.75,9.0,4.25,9.5],"texture":"#1"},"south":{"uv":[9.5,3.0,9.0,3.5],"texture":"#1"},"west":{"uv":[3.0,9.0,3.5,9.5],"texture":"#1"},"up":{"uv":[9.0,4.25,9.5,3.75],"texture":"#1"},"down":{"uv":[4.5,9.0,5.0,9.5],"texture":"#1"}}},{"from":[11.66562,-0.00764,9.81955],"to":[14.25313,2.57986,12.40705],"rotation":{"origin":[8.0,5.5,14.55899],"axis":"y","angle":0.0},"faces":{"north":{"uv":[2.25,9.0,2.75,9.5],"texture":"#1"},"east":{"uv":[3.5,9.0,3.0,9.5],"texture":"#1"},"south":{"uv":[9.0,3.0,9.5,3.5],"texture":"#1"},"west":{"uv":[4.25,9.0,3.75,9.5],"texture":"#1"},"up":{"uv":[9.5,4.25,9.0,3.75],"texture":"#1"},"down":{"uv":[5.0,9.0,4.5,9.5],"texture":"#1"}}},{"from":[2.09188,1.59236,2.85804],"to":[3.98938,5.90486,4.75554],"rotation":{"origin":[8.0,5.375,7.25247],"axis":"y","angle":0.0},"faces":{"north":{"uv":[7.375,8.75,7.0,9.625],"texture":"#1"},"east":{"uv":[1.875,9.0,1.5,9.875],"texture":"#1"},"south":{"uv":[8.875,8.75,8.5,9.625],"texture":"#1"},"west":{"uv":[8.125,8.75,7.75,9.625],"texture":"#1"},"up":{"uv":[9.75,4.125,10.125,3.75],"texture":"#1"},"down":{"uv":[4.5,9.75,4.875,10.125],"texture":"#1"}}},{"from":[12.01063,1.59236,10.16455],"to":[13.90813,5.90486,12.06205],"rotation":{"origin":[8.0,5.375,7.66761],"axis":"y","angle":0.0},"faces":{"north":{"uv":[8.875,8.75,8.5,9.625],"texture":"#1"},"east":{"uv":[8.125,8.75,7.75,9.625],"texture":"#1"},"south":{"uv":[7.375,8.75,7.0,9.625],"texture":"#1"},"west":{"uv":[1.875,9.0,1.5,9.875],"texture":"#1"},"up":{"uv":[10.125,3.75,9.75,4.125],"texture":"#1"},"down":{"uv":[4.875,10.125,4.5,9.75],"texture":"#1"}}},{"from":[2.09188,1.59236,10.16455],"to":[3.98938,5.90486,12.06205],"rotation":{"origin":[8.0,5.375,7.66761],"axis":"y","angle":0.0},"faces":{"north":{"uv":[8.5,8.75,8.875,9.625],"texture":"#1"},"east":{"uv":[1.5,9.0,1.875,9.875],"texture":"#1"},"south":{"uv":[7.0,8.75,7.375,9.625],"texture":"#1"},"west":{"uv":[7.75,8.75,8.125,9.625],"texture":"#1"},"up":{"uv":[9.75,3.75,10.125,4.125],"texture":"#1"},"down":{"uv":[4.5,10.125,4.875,9.75],"texture":"#1"}}},{"from":[6.4475,4.81518,2.63379],"to":[9.5525,7.92018,3.66879],"rotation":{"origin":[8.0,5.5,7.25247],"axis":"x","angle":0.0},"faces":{"north":{"uv":[0.0,7.75,0.625,8.375],"texture":"#1"},"east":{"uv":[10.0,8.25,10.1875,8.875],"texture":"#1"},"south":{"uv":[1.0,7.75,1.625,8.375],"texture":"#1"},"west":{"uv":[10.0,9.25,10.1875,9.875],"texture":"#1"},"up":{"uv":[8.125,4.6875,7.5,4.5],"texture":"#1"},"down":{"uv":[9.125,4.5,8.5,4.6875],"texture":"#1"}}},{"from":[6.43826,3.96414,2.73729],"to":[8.62901,6.10314,3.77229],"rotation":{"origin":[8.0,5.5,7.25247],"axis":"z","angle":45.0},"faces":{"north":{"uv":[9.5,2.25,9.9375,2.6875],"texture":"#1"},"east":{"uv":[3.5,8.25,3.6875,8.6875],"texture":"#1"},"south":{"uv":[9.5,4.5,9.9375,4.9375],"texture":"#1"},"west":{"uv":[2.25,10.5,2.4375,10.9375],"texture":"#1"},"up":{"uv":[3.1875,10.6875,2.75,10.5],"texture":"#1"},"down":{"uv":[10.9375,3.0,10.5,3.1875],"texture":"#1"}}},{"from":[12.24781,4.59698,1.63589],"to":[14.10219,7.18448,3.53339],"rotation":{"origin":[8.0,5.5,7.25247],"axis":"x","angle":45.0},"faces":{"north":{"uv":[9.5,5.25,9.875,5.75],"texture":"#1"},"east":{"uv":[9.5,6.0,9.875,6.5],"texture":"#1"},"south":{"uv":[9.5,6.75,9.875,7.25],"texture":"#1"},"west":{"uv":[9.25,9.5,9.625,10.0],"texture":"#1"},"up":{"uv":[5.625,10.125,5.25,9.75],"texture":"#1"},"down":{"uv":[6.375,9.75,6.0,10.125],"texture":"#1"}}},{"from":[12.22625,8.76514,4.49679],"to":[14.12375,10.66264,10.44804],"rotation":{"origin":[8.0,5.5,7.25247],"axis":"x","angle":0.0},"faces":{"north":{"uv":[10.0,0.75,10.375,1.125],"texture":"#1"},"east":{"uv":[7.5,3.0,8.6875,3.375],"texture":"#1"},"south":{"uv":[10.0,1.5,10.375,1.875],"texture":"#1"},"west":{"uv":[7.5,3.75,8.6875,4.125],"texture":"#1"},"up":{"uv":[4.375,8.6875,4.0,7.5],"texture":"#1"},"down":{"uv":[5.125,7.5,4.75,8.6875],"texture":"#1"}}},{"from":[7.05125,7.53924,2.85804],"to":[8.94875,8.74674,4.53991],"rotation":{"origin":[8.0,5.5,7.25247],"axis":"y","angle":0.0},"faces":{"north":{"uv":[10.25,5.25,10.625,5.5],"texture":"#1"},"east":{"uv":[3.5,10.5,3.8125,10.75],"texture":"#1"},"south":{"uv":[10.25,5.75,10.625,6.0],"texture":"#1"},"west":{"uv":[10.5,3.5,10.8125,3.75],"texture":"#1"},"up":{"uv":[0.375,10.5625,0.0,10.25],"texture":"#1"},"down":{"uv":[10.625,0.0,10.25,0.3125],"texture":"#1"}}},{"from":[7.05988,4.68323,1.85151],"to":[8.94013,7.09822,3.53339],"rotation":{"origin":[8.0,5.5,7.25247],"axis":"x","angle":45.0},"faces":{"north":{"uv":[2.25,9.75,2.625,10.25],"texture":"#1"},"east":{"uv":[9.75,3.0,10.0625,3.5],"texture":"#1"},"south":{"uv":[3.0,9.75,3.375,10.25],"texture":"#1"},"west":{"uv":[3.75,9.75,4.0625,10.25],"texture":"#1"},"up":{"uv":[1.125,10.5625,0.75,10.25],"texture":"#1"},"down":{"uv":[1.875,10.25,1.5,10.5625],"texture":"#1"}}},{"from":[7.05125,8.76514,4.58304],"to":[8.94875,10.44701,10.36179],"rotation":{"origin":[8.0,5.5,7.25247],"axis":"y","angle":0.0},"faces":{"north":{"uv":[10.25,2.25,10.625,2.5625],"texture":"#1"},"east":{"uv":[7.0,8.0,8.125,8.3125],"texture":"#1"},"south":{"uv":[10.25,4.5,10.625,4.8125],"texture":"#1"},"west":{"uv":[2.0,8.25,3.125,8.5625],"texture":"#1"},"up":{"uv":[5.875,8.625,5.5,7.5],"texture":"#1"},"down":{"uv":[6.625,7.5,6.25,8.625],"texture":"#1"}}},{"from":[2.82069,4.87141,2.3939],"to":[13.17931,6.76891,4.33453],"rotation":{"origin":[8.0,5.49476,7.25031],"axis":"x","angle":45.0},"faces":{"north":{"uv":[2.0,6.75,4.0625,7.125],"texture":"#1"},"east":{"uv":[6.75,10.0,7.125,10.375],"texture":"#1"},"south":{"uv":[4.5,6.75,6.5625,7.125],"texture":"#1"},"west":{"uv":[7.5,10.0,7.875,10.375],"texture":"#1"},"up":{"uv":[9.0625,5.375,7.0,5.0],"texture":"#1"},"down":{"uv":[9.0625,5.75,7.0,6.125],"texture":"#1"}}},{"from":[2.825,6.67674,3.37554],"to":[13.175,8.48799,11.56929],"rotation":{"origin":[8.0,7.58236,7.47241],"axis":"y","angle":0.0},"faces":{"north":{"uv":[7.0,6.5,9.0625,6.875],"texture":"#1"},"east":{"uv":[2.0,7.5,3.625,7.875],"texture":"#1"},"south":{"uv":[7.0,7.25,9.0625,7.625],"texture":"#1"},"west":{"uv":[7.5,2.25,9.125,2.625],"texture":"#1"},"up":{"uv":[4.5625,1.625,2.5,0.0],"texture":"#1"},"down":{"uv":[4.5625,2.0,2.5,3.625],"texture":"#1"}}},{"from":[2.81637,8.32035,4.71727],"to":[13.18363,9.82972,10.23727],"rotation":{"origin":[8.0,5.46174,7.25733],"axis":"x","angle":0.0},"faces":{"north":{"uv":[7.5,0.75,9.5625,1.0625],"texture":"#1"},"east":{"uv":[8.5,8.0,9.625,8.3125],"texture":"#1"},"south":{"uv":[7.5,1.5,9.5625,1.8125],"texture":"#1"},"west":{"uv":[0.0,8.75,1.125,9.0625],"texture":"#1"},"up":{"uv":[7.0625,1.125,5.0,0.0],"texture":"#1"},"down":{"uv":[7.0625,1.5,5.0,2.625],"texture":"#1"}}},{"from":[12.22625,7.53924,2.64241],"to":[14.12375,8.83299,4.53991],"rotation":{"origin":[8.0,5.5,7.25247],"axis":"x","angle":0.0},"faces":{"north":{"uv":[10.25,6.25,10.625,6.5],"texture":"#1"},"east":{"uv":[10.25,6.75,10.625,7.0],"texture":"#1"},"south":{"uv":[9.0,10.25,9.375,10.5],"texture":"#1"},"west":{"uv":[9.75,10.25,10.125,10.5],"texture":"#1"},"up":{"uv":[10.375,7.875,10.0,7.5],"texture":"#1"},"down":{"uv":[8.625,10.0,8.25,10.375],"texture":"#1"}}},{"from":[1.87625,8.76514,4.49679],"to":[3.77375,10.66264,10.44804],"rotation":{"origin":[8.0,5.5,7.25247],"axis":"x","angle":0.0},"faces":{"north":{"uv":[10.375,0.75,10.0,1.125],"texture":"#1"},"east":{"uv":[8.6875,3.75,7.5,4.125],"texture":"#1"},"south":{"uv":[10.375,1.5,10.0,1.875],"texture":"#1"},"west":{"uv":[8.6875,3.0,7.5,3.375],"texture":"#1"},"up":{"uv":[4.0,8.6875,4.375,7.5],"texture":"#1"},"down":{"uv":[4.75,7.5,5.125,8.6875],"texture":"#1"}}},{"from":[1.89781,4.59698,1.63589],"to":[3.75219,7.18448,3.53339],"rotation":{"origin":[8.0,5.5,7.25247],"axis":"x","angle":45.0},"faces":{"north":{"uv":[9.875,5.25,9.5,5.75],"texture":"#1"},"east":{"uv":[9.625,9.5,9.25,10.0],"texture":"#1"},"south":{"uv":[9.875,6.75,9.5,7.25],"texture":"#1"},"west":{"uv":[9.875,6.0,9.5,6.5],"texture":"#1"},"up":{"uv":[5.25,10.125,5.625,9.75],"texture":"#1"},"down":{"uv":[6.0,9.75,6.375,10.125],"texture":"#1"}}},{"from":[1.87625,7.53924,2.64241],"to":[3.77375,8.83299,4.53991],"rotation":{"origin":[8.0,5.5,7.25247],"axis":"x","angle":0.0},"faces":{"north":{"uv":[10.625,6.25,10.25,6.5],"texture":"#1"},"east":{"uv":[10.125,10.25,9.75,10.5],"texture":"#1"},"south":{"uv":[9.375,10.25,9.0,10.5],"texture":"#1"},"west":{"uv":[10.625,6.75,10.25,7.0],"texture":"#1"},"up":{"uv":[10.0,7.875,10.375,7.5],"texture":"#1"},"down":{"uv":[8.25,10.0,8.625,10.375],"texture":"#1"}}},{"from":[12.22625,7.53924,10.38017],"to":[14.12375,8.83299,12.27767],"rotation":{"origin":[8.0,5.5,7.66761],"axis":"x","angle":0.0},"faces":{"north":{"uv":[9.375,10.25,9.0,10.5],"texture":"#1"},"east":{"uv":[10.625,6.75,10.25,7.0],"texture":"#1"},"south":{"uv":[10.625,6.25,10.25,6.5],"texture":"#1"},"west":{"uv":[10.125,10.25,9.75,10.5],"texture":"#1"},"up":{"uv":[10.375,7.5,10.0,7.875],"texture":"#1"},"down":{"uv":[8.625,10.375,8.25,10.0],"texture":"#1"}}},{"from":[12.24781,4.59698,11.3867],"to":[14.10219,7.18448,13.2842],"rotation":{"origin":[8.0,5.5,7.66761],"axis":"x","angle":-45.0},"faces":{"north":{"uv":[9.875,6.75,9.5,7.25],"texture":"#1"},"east":{"uv":[9.875,6.0,9.5,6.5],"texture":"#1"},"south":{"uv":[9.875,5.25,9.5,5.75],"texture":"#1"},"west":{"uv":[9.625,9.5,9.25,10.0],"texture":"#1"},"up":{"uv":[5.625,9.75,5.25,10.125],"texture":"#1"},"down":{"uv":[6.375,10.125,6.0,9.75],"texture":"#1"}}},{"from":[1.89781,4.59698,11.3867],"to":[3.75219,7.18448,13.2842],"rotation":{"origin":[8.0,5.5,7.66761],"axis":"x","angle":-45.0},"faces":{"north":{"uv":[9.5,6.75,9.875,7.25],"texture":"#1"},"east":{"uv":[9.25,9.5,9.625,10.0],"texture":"#1"},"south":{"uv":[9.5,5.25,9.875,5.75],"texture":"#1"},"west":{"uv":[9.5,6.0,9.875,6.5],"texture":"#1"},"up":{"uv":[5.25,9.75,5.625,10.125],"texture":"#1"},"down":{"uv":[6.0,10.125,6.375,9.75],"texture":"#1"}}},{"from":[1.87625,7.53924,10.38017],"to":[3.77375,8.83299,12.27767],"rotation":{"origin":[8.0,5.5,7.66761],"axis":"x","angle":0.0},"faces":{"north":{"uv":[9.0,10.25,9.375,10.5],"texture":"#1"},"east":{"uv":[9.75,10.25,10.125,10.5],"texture":"#1"},"south":{"uv":[10.25,6.25,10.625,6.5],"texture":"#1"},"west":{"uv":[10.25,6.75,10.625,7.0],"texture":"#1"},"up":{"uv":[10.0,7.5,10.375,7.875],"texture":"#1"},"down":{"uv":[8.25,10.375,8.625,10.0],"texture":"#1"}}},{"from":[7.05988,4.68323,11.3867],"to":[8.94013,7.09822,13.06857],"rotation":{"origin":[8.0,5.5,7.66761],"axis":"x","angle":-45.0},"faces":{"north":{"uv":[3.375,9.75,3.0,10.25],"texture":"#1"},"east":{"uv":[10.0625,3.0,9.75,3.5],"texture":"#1"},"south":{"uv":[2.625,9.75,2.25,10.25],"texture":"#1"},"west":{"uv":[4.0625,9.75,3.75,10.25],"texture":"#1"},"up":{"uv":[1.125,10.25,0.75,10.5625],"texture":"#1"},"down":{"uv":[1.875,10.5625,1.5,10.25],"texture":"#1"}}},{"from":[7.05125,7.53924,10.38017],"to":[8.94875,8.74674,12.06205],"rotation":{"origin":[8.0,5.5,7.66761],"axis":"x","angle":0.0},"faces":{"north":{"uv":[10.625,5.75,10.25,6.0],"texture":"#1"},"east":{"uv":[3.8125,10.5,3.5,10.75],"texture":"#1"},"south":{"uv":[10.625,5.25,10.25,5.5],"texture":"#1"},"west":{"uv":[10.8125,3.5,10.5,3.75],"texture":"#1"},"up":{"uv":[0.375,10.25,0.0,10.5625],"texture":"#1"},"down":{"uv":[10.625,0.3125,10.25,0.0],"texture":"#1"}}},{"from":[2.82069,4.87142,10.62002],"to":[13.17931,6.76892,12.56065],"rotation":{"origin":[8.0,5.49477,7.70423],"axis":"x","angle":-45.0},"faces":{"north":{"uv":[6.5625,6.75,4.5,7.125],"texture":"#1"},"east":{"uv":[7.125,10.0,6.75,10.375],"texture":"#1"},"south":{"uv":[4.0625,6.75,2.0,7.125],"texture":"#1"},"west":{"uv":[7.875,10.0,7.5,10.375],"texture":"#1"},"up":{"uv":[9.0625,5.0,7.0,5.375],"texture":"#1"},"down":{"uv":[9.0625,6.125,7.0,5.75],"texture":"#1"}}},{"from":[9.76601,5.67451,13.5],"to":[10.76601,6.67451,14.5],"rotation":{"origin":[15.949,6.17816,15.96125],"axis":"z","angle":22.5},"faces":{"north":{"uv":[7.0,4.66667,6.66667,5.0],"texture":"#3"},"east":{"uv":[5.66667,8.66667,5.33333,9.0],"texture":"#3"},"south":{"uv":[9.0,4.0,8.66667,4.33333],"texture":"#3"},"west":{"uv":[9.0,3.33333,8.66667,3.66667],"texture":"#3"},"up":{"uv":[8.66667,6.33333,9.0,6.0],"texture":"#3"},"down":{"uv":[7.33333,8.66667,7.66667,9.0],"texture":"#3"}}},{"from":[10.2,4.25,13.6],"to":[11.0,5.25,14.4],"rotation":{"origin":[15.949,6.17816,15.96125],"axis":"y","angle":0.0},"faces":{"north":{"uv":[9.25,8.0,9.0,8.33333],"texture":"#3"},"east":{"uv":[9.58333,2.0,9.33333,2.33333],"texture":"#3"},"south":{"uv":[9.58333,1.33333,9.33333,1.66667],"texture":"#3"},"west":{"uv":[9.25,8.66667,9.0,9.0],"texture":"#3"},"up":{"uv":[10.0,3.58333,10.25,3.33333],"texture":"#3"},"down":{"uv":[10.0,4.0,10.25,4.25],"texture":"#3"}}},{"from":[12.54015,1.45669,13.595],"to":[13.34015,2.20669,14.405],"rotation":{"origin":[15.949,6.17816,15.96125],"axis":"z","angle":-45.0},"faces":{"north":{"uv":[5.58333,10.0,5.33333,10.25],"texture":"#3"},"east":{"uv":[9.91667,10.0,9.66667,10.25],"texture":"#3"},"south":{"uv":[10.25,9.33333,10.0,9.58333],"texture":"#3"},"west":{"uv":[9.25,10.0,9.0,10.25],"texture":"#3"},"up":{"uv":[10.33333,0.91667,10.58333,0.66667],"texture":"#3"},"down":{"uv":[10.33333,4.66667,10.58333,4.91667],"texture":"#3"}}},{"from":[-13.90934,0.79455,15.5],"to":[6.84066,21.59455,15.5],"rotation":{"origin":[2.051,10.17816,17.46125],"axis":"y","angle":22.5},"faces":{"north":{"uv":[16.0,0.0,0.0,16.0],"texture":"#0"},"south":{"uv":[0.0,0.0,16.0,16.0],"texture":"#0"}}},{"from":[9.15934,0.79455,15.5],"to":[29.90934,21.59455,15.5],"rotation":{"origin":[13.949,10.17816,17.46125],"axis":"y","angle":-22.5},"faces":{"north":{"uv":[0.0,0.0,16.0,16.0],"texture":"#0"},"south":{"uv":[16.0,0.0,0.0,16.0],"texture":"#0"}}},{"from":[9.73507,6.96318,13.4],"to":[11.23507,8.46318,14.6],"rotation":{"origin":[15.949,6.17816,15.96125],"axis":"z","angle":45.0},"faces":{"north":{"uv":[5.83333,5.33333,5.33333,5.83333],"texture":"#3"},"east":{"uv":[8.08333,0.0,7.66667,0.5],"texture":"#3"},"south":{"uv":[5.83333,6.33333,5.33333,6.83333],"texture":"#3"},"west":{"uv":[7.75,6.66667,7.33333,7.16667],"texture":"#3"},"up":{"uv":[7.66667,1.41667,8.16667,1.0],"texture":"#3"},"down":{"uv":[7.33333,7.66667,7.83333,8.08333],"texture":"#3"}}},{"from":[11.78434,7.0392,13.7],"to":[13.28434,8.5392,14.3],"rotation":{"origin":[15.949,6.17816,15.96125],"axis":"z","angle":22.5},"faces":{"north":{"uv":[6.83333,5.33333,6.33333,5.83333],"texture":"#3"},"east":{"uv":[9.5,3.66667,9.33333,4.16667],"texture":"#3"},"south":{"uv":[6.83333,6.33333,6.33333,6.83333],"texture":"#3"},"west":{"uv":[9.5,2.66667,9.33333,3.16667],"texture":"#3"},"up":{"uv":[9.33333,4.83333,9.83333,4.66667],"texture":"#3"},"down":{"uv":[5.33333,9.33333,5.83333,9.5],"texture":"#3"}}},{"from":[12.50767,5.95394,13.75],"to":[13.15767,7.45394,14.25],"rotation":{"origin":[15.949,6.17816,15.96125],"axis":"y","angle":0.0},"faces":{"north":{"uv":[8.91667,1.33333,8.66667,1.83333],"texture":"#3"},"east":{"uv":[7.16667,9.33333,7.0,9.83333],"texture":"#3"},"south":{"uv":[8.91667,2.33333,8.66667,2.83333],"texture":"#3"},"west":{"uv":[6.5,9.33333,6.33333,9.83333],"texture":"#3"},"up":{"uv":[10.33333,6.83333,10.58333,6.66667],"texture":"#3"},"down":{"uv":[7.33333,10.33333,7.58333,10.5],"texture":"#3"}}},{"from":[13.17426,8.42913,13.745],"to":[13.85426,9.10913,14.255],"rotation":{"origin":[15.949,6.17816,15.96125],"axis":"z","angle":22.5},"faces":{"north":{"uv":[10.58333,5.33333,10.33333,5.58333],"texture":"#3"},"east":{"uv":[8.16667,10.33333,8.0,10.58333],"texture":"#3"},"south":{"uv":[6.25,10.33333,6.0,10.58333],"texture":"#3"},"west":{"uv":[10.5,7.33333,10.33333,7.58333],"texture":"#3"},"up":{"uv":[10.33333,8.16667,10.58333,8.0],"texture":"#3"},"down":{"uv":[10.33333,8.66667,10.58333,8.83333],"texture":"#3"}}},{"from":[11.64529,4.15281,13.725],"to":[13.14529,5.65281,14.275],"rotation":{"origin":[15.949,6.17816,15.96125],"axis":"z","angle":-22.5},"faces":{"north":{"uv":[7.16667,0.0,6.66667,0.5],"texture":"#3"},"east":{"uv":[8.5,9.33333,8.33333,9.83333],"texture":"#3"},"south":{"uv":[7.16667,1.0,6.66667,1.5],"texture":"#3"},"west":{"uv":[7.83333,9.33333,7.66667,9.83333],"texture":"#3"},"up":{"uv":[9.0,9.5,9.5,9.33333],"texture":"#3"},"down":{"uv":[9.66667,0.0,10.16667,0.16667],"texture":"#3"}}},{"from":[14.18653,0.64425,14.0],"to":[15.68653,1.29425,14.5],"rotation":{"origin":[15.949,6.17816,15.96125],"axis":"z","angle":-22.5},"faces":{"north":{"uv":[8.66667,1.83333,8.91667,1.33333],"texture":"#3","rotation":90},"east":{"uv":[10.58333,6.66667,10.33333,6.83333],"texture":"#3","rotation":270},"south":{"uv":[8.66667,2.83333,8.91667,2.33333],"texture":"#3","rotation":270},"west":{"uv":[7.58333,10.5,7.33333,10.33333],"texture":"#3","rotation":270},"up":{"uv":[6.33333,9.83333,6.5,9.33333],"texture":"#3","rotation":270},"down":{"uv":[7.0,9.83333,7.16667,9.33333],"texture":"#3","rotation":270}}},{"from":[13.59287,1.17004,13.995],"to":[14.27287,1.85004,14.505],"rotation":{"origin":[15.949,6.17816,15.96125],"axis":"y","angle":0.0},"faces":{"north":{"uv":[10.33333,5.58333,10.58333,5.33333],"texture":"#3","rotation":90},"east":{"uv":[10.58333,8.0,10.33333,8.16667],"texture":"#3","rotation":270},"south":{"uv":[6.0,10.58333,6.25,10.33333],"texture":"#3","rotation":270},"west":{"uv":[10.58333,8.83333,10.33333,8.66667],"texture":"#3","rotation":270},"up":{"uv":[10.33333,7.58333,10.5,7.33333],"texture":"#3","rotation":270},"down":{"uv":[8.0,10.58333,8.16667,10.33333],"texture":"#3","rotation":270}}},{"from":[12.09952,2.82315,14.0],"to":[12.74952,4.32315,14.5],"rotation":{"origin":[15.949,6.17816,15.96125],"axis":"z","angle":22.5},"faces":{"north":{"uv":[8.66667,0.25,9.16667,0.0],"texture":"#3","rotation":90},"east":{"uv":[9.83333,5.33333,9.33333,5.5],"texture":"#3","rotation":270},"south":{"uv":[8.66667,0.91667,9.16667,0.66667],"texture":"#3","rotation":270},"west":{"uv":[9.83333,6.16667,9.33333,6.0],"texture":"#3","rotation":270},"up":{"uv":[10.33333,6.25,10.5,6.0],"texture":"#3","rotation":270},"down":{"uv":[6.66667,10.58333,6.83333,10.33333],"texture":"#3","rotation":270}}},{"from":[15.68842,0.70168,13.975],"to":[17.18842,2.20168,14.525],"rotation":{"origin":[15.949,6.17816,15.96125],"axis":"z","angle":-45.0},"faces":{"north":{"uv":[6.66667,0.5,7.16667,0.0],"texture":"#3","rotation":90},"east":{"uv":[9.5,9.33333,9.0,9.5],"texture":"#3","rotation":270},"south":{"uv":[6.66667,1.5,7.16667,1.0],"texture":"#3","rotation":270},"west":{"uv":[10.16667,0.16667,9.66667,0.0],"texture":"#3","rotation":270},"up":{"uv":[7.66667,9.83333,7.83333,9.33333],"texture":"#3","rotation":270},"down":{"uv":[8.33333,9.83333,8.5,9.33333],"texture":"#3","rotation":270}}},{"from":[12.20295,1.73996,13.95],"to":[13.70295,3.23996,14.55],"rotation":{"origin":[15.949,6.17816,15.96125],"axis":"y","angle":0.0},"faces":{"north":{"uv":[6.33333,5.83333,6.83333,5.33333],"texture":"#3","rotation":90},"east":{"uv":[9.83333,4.66667,9.33333,4.83333],"texture":"#3","rotation":270},"south":{"uv":[6.33333,6.83333,6.83333,6.33333],"texture":"#3","rotation":270},"west":{"uv":[5.83333,9.5,5.33333,9.33333],"texture":"#3","rotation":270},"up":{"uv":[9.33333,3.16667,9.5,2.66667],"texture":"#3","rotation":270},"down":{"uv":[9.33333,4.16667,9.5,3.66667],"texture":"#3","rotation":270}}},{"from":[9.07066,2.34731,13.9],"to":[23.32066,16.59731,14.15],"rotation":{"origin":[15.949,6.17816,15.96125],"axis":"z","angle":45.0},"faces":{"north":{"uv":[0.0,10.08333,4.75,5.33333],"texture":"#3","rotation":180},"east":{"uv":[10.33333,14.75,10.33333,10.0],"texture":"#3","rotation":180},"south":{"uv":[4.75,10.08333,0.0,5.33333],"texture":"#3","rotation":180},"west":{"uv":[8.66667,15.08333,8.66667,10.33333],"texture":"#3","rotation":180},"up":{"uv":[4.75,10.66667,0.0,10.66667],"texture":"#3","rotation":180},"down":{"uv":[15.41667,0.0,10.66667,0.0],"texture":"#3","rotation":180}}},{"from":[13.00489,9.30323,13.75],"to":[14.50489,9.95323,14.25],"rotation":{"origin":[15.949,6.17816,15.96125],"axis":"z","angle":45.0},"faces":{"north":{"uv":[9.16667,0.0,8.66667,0.25],"texture":"#3"},"east":{"uv":[6.83333,10.33333,6.66667,10.58333],"texture":"#3"},"south":{"uv":[9.16667,0.66667,8.66667,0.91667],"texture":"#3"},"west":{"uv":[10.5,6.0,10.33333,6.25],"texture":"#3"},"up":{"uv":[9.33333,5.5,9.83333,5.33333],"texture":"#3"},"down":{"uv":[9.33333,6.0,9.83333,6.16667],"texture":"#3"}}},{"from":[5.23399,5.67451,13.5],"to":[6.23399,6.67451,14.5],"rotation":{"origin":[0.051,6.17816,15.96125],"axis":"z","angle":-22.5},"faces":{"north":{"uv":[6.66667,4.66667,7.0,5.0],"texture":"#3"},"east":{"uv":[8.66667,3.33333,9.0,3.66667],"texture":"#3"},"south":{"uv":[8.66667,4.0,9.0,4.33333],"texture":"#3"},"west":{"uv":[5.33333,8.66667,5.66667,9.0],"texture":"#3"},"up":{"uv":[9.0,6.33333,8.66667,6.0],"texture":"#3"},"down":{"uv":[7.66667,8.66667,7.33333,9.0],"texture":"#3"}}},{"from":[5.0,4.25,13.6],"to":[5.8,5.25,14.4],"rotation":{"origin":[0.051,6.17816,15.96125],"axis":"y","angle":0.0},"faces":{"north":{"uv":[9.0,8.0,9.25,8.33333],"texture":"#3"},"east":{"uv":[9.0,8.66667,9.25,9.0],"texture":"#3"},"south":{"uv":[9.33333,1.33333,9.58333,1.66667],"texture":"#3"},"west":{"uv":[9.33333,2.0,9.58333,2.33333],"texture":"#3"},"up":{"uv":[10.25,3.58333,10.0,3.33333],"texture":"#3"},"down":{"uv":[10.25,4.0,10.0,4.25],"texture":"#3"}}},{"from":[2.65985,1.45669,13.595],"to":[3.45985,2.20669,14.405],"rotation":{"origin":[0.051,6.17816,15.96125],"axis":"z","angle":45.0},"faces":{"north":{"uv":[5.33333,10.0,5.58333,10.25],"texture":"#3"},"east":{"uv":[9.0,10.0,9.25,10.25],"texture":"#3"},"south":{"uv":[10.0,9.33333,10.25,9.58333],"texture":"#3"},"west":{"uv":[9.66667,10.0,9.91667,10.25],"texture":"#3"},"up":{"uv":[10.58333,0.91667,10.33333,0.66667],"texture":"#3"},"down":{"uv":[10.58333,4.66667,10.33333,4.91667],"texture":"#3"}}},{"from":[4.76493,6.96318,13.4],"to":[6.26493,8.46318,14.6],"rotation":{"origin":[0.051,6.17816,15.96125],"axis":"z","angle":-45.0},"faces":{"north":{"uv":[5.33333,5.33333,5.83333,5.83333],"texture":"#3"},"east":{"uv":[7.33333,6.66667,7.75,7.16667],"texture":"#3"},"south":{"uv":[5.33333,6.33333,5.83333,6.83333],"texture":"#3"},"west":{"uv":[7.66667,0.0,8.08333,0.5],"texture":"#3"},"up":{"uv":[8.16667,1.41667,7.66667,1.0],"texture":"#3"},"down":{"uv":[7.83333,7.66667,7.33333,8.08333],"texture":"#3"}}},{"from":[2.71566,7.0392,13.7],"to":[4.21566,8.5392,14.3],"rotation":{"origin":[0.051,6.17816,15.96125],"axis":"z","angle":-22.5},"faces":{"north":{"uv":[6.33333,5.33333,6.83333,5.83333],"texture":"#3"},"east":{"uv":[9.33333,2.66667,9.5,3.16667],"texture":"#3"},"south":{"uv":[6.33333,6.33333,6.83333,6.83333],"texture":"#3"},"west":{"uv":[9.33333,3.66667,9.5,4.16667],"texture":"#3"},"up":{"uv":[9.83333,4.83333,9.33333,4.66667],"texture":"#3"},"down":{"uv":[5.83333,9.33333,5.33333,9.5],"texture":"#3"}}},{"from":[2.84233,5.95394,13.75],"to":[3.49233,7.45394,14.25],"rotation":{"origin":[0.051,6.17816,15.96125],"axis":"y","angle":0.0},"faces":{"north":{"uv":[8.66667,1.33333,8.91667,1.83333],"texture":"#3"},"east":{"uv":[6.33333,9.33333,6.5,9.83333],"texture":"#3"},"south":{"uv":[8.66667,2.33333,8.91667,2.83333],"texture":"#3"},"west":{"uv":[7.0,9.33333,7.16667,9.83333],"texture":"#3"},"up":{"uv":[10.58333,6.83333,10.33333,6.66667],"texture":"#3"},"down":{"uv":[7.58333,10.33333,7.33333,10.5],"texture":"#3"}}},{"from":[2.14574,8.42913,13.745],"to":[2.82574,9.10913,14.255],"rotation":{"origin":[0.051,6.17816,15.96125],"axis":"z","angle":-22.5},"faces":{"north":{"uv":[10.33333,5.33333,10.58333,5.58333],"texture":"#3"},"east":{"uv":[10.33333,7.33333,10.5,7.58333],"texture":"#3"},"south":{"uv":[6.0,10.33333,6.25,10.58333],"texture":"#3"},"west":{"uv":[8.0,10.33333,8.16667,10.58333],"texture":"#3"},"up":{"uv":[10.58333,8.16667,10.33333,8.0],"texture":"#3"},"down":{"uv":[10.58333,8.66667,10.33333,8.83333],"texture":"#3"}}},{"from":[2.85471,4.15281,13.725],"to":[4.35471,5.65281,14.275],"rotation":{"origin":[0.051,6.17816,15.96125],"axis":"z","angle":22.5},"faces":{"north":{"uv":[6.66667,0.0,7.16667,0.5],"texture":"#3"},"east":{"uv":[7.66667,9.33333,7.83333,9.83333],"texture":"#3"},"south":{"uv":[6.66667,1.0,7.16667,1.5],"texture":"#3"},"west":{"uv":[8.33333,9.33333,8.5,9.83333],"texture":"#3"},"up":{"uv":[9.5,9.5,9.0,9.33333],"texture":"#3"},"down":{"uv":[10.16667,0.0,9.66667,0.16667],"texture":"#3"}}},{"from":[0.31347,0.64425,14.0],"to":[1.81347,1.29425,14.5],"rotation":{"origin":[0.051,6.17816,15.96125],"axis":"z","angle":22.5},"faces":{"north":{"uv":[8.66667,1.33333,8.91667,1.83333],"texture":"#3","rotation":90},"east":{"uv":[7.58333,10.33333,7.33333,10.5],"texture":"#3","rotation":270},"south":{"uv":[8.66667,2.33333,8.91667,2.83333],"texture":"#3","rotation":270},"west":{"uv":[10.58333,6.83333,10.33333,6.66667],"texture":"#3","rotation":270},"up":{"uv":[6.33333,9.33333,6.5,9.83333],"texture":"#3","rotation":270},"down":{"uv":[7.0,9.33333,7.16667,9.83333],"texture":"#3","rotation":270}}},{"from":[1.72713,1.17004,13.995],"to":[2.40713,1.85004,14.505],"rotation":{"origin":[0.051,6.17816,15.96125],"axis":"y","angle":0.0},"faces":{"north":{"uv":[10.33333,5.33333,10.58333,5.58333],"texture":"#3","rotation":90},"east":{"uv":[10.58333,8.66667,10.33333,8.83333],"texture":"#3","rotation":270},"south":{"uv":[6.0,10.33333,6.25,10.58333],"texture":"#3","rotation":270},"west":{"uv":[10.58333,8.16667,10.33333,8.0],"texture":"#3","rotation":270},"up":{"uv":[10.33333,7.33333,10.5,7.58333],"texture":"#3","rotation":270},"down":{"uv":[8.0,10.33333,8.16667,10.58333],"texture":"#3","rotation":270}}},{"from":[3.25048,2.82315,14.0],"to":[3.90048,4.32315,14.5],"rotation":{"origin":[0.051,6.17816,15.96125],"axis":"z","angle":-22.5},"faces":{"north":{"uv":[8.66667,0.0,9.16667,0.25],"texture":"#3","rotation":90},"east":{"uv":[9.83333,6.0,9.33333,6.16667],"texture":"#3","rotation":270},"south":{"uv":[8.66667,0.66667,9.16667,0.91667],"texture":"#3","rotation":270},"west":{"uv":[9.83333,5.5,9.33333,5.33333],"texture":"#3","rotation":270},"up":{"uv":[10.33333,6.0,10.5,6.25],"texture":"#3","rotation":270},"down":{"uv":[6.66667,10.33333,6.83333,10.58333],"texture":"#3","rotation":270}}},{"from":[-1.18842,0.70168,13.975],"to":[0.31158,2.20168,14.525],"rotation":{"origin":[0.051,6.17816,15.96125],"axis":"z","angle":45.0},"faces":{"north":{"uv":[6.66667,0.0,7.16667,0.5],"texture":"#3","rotation":90},"east":{"uv":[10.16667,0.0,9.66667,0.16667],"texture":"#3","rotation":270},"south":{"uv":[6.66667,1.0,7.16667,1.5],"texture":"#3","rotation":270},"west":{"uv":[9.5,9.5,9.0,9.33333],"texture":"#3","rotation":270},"up":{"uv":[7.66667,9.33333,7.83333,9.83333],"texture":"#3","rotation":270},"down":{"uv":[8.33333,9.33333,8.5,9.83333],"texture":"#3","rotation":270}}},{"from":[2.29705,1.73996,13.95],"to":[3.79705,3.23996,14.55],"rotation":{"origin":[0.051,6.17816,15.96125],"axis":"y","angle":0.0},"faces":{"north":{"uv":[6.33333,5.33333,6.83333,5.83333],"texture":"#3","rotation":90},"east":{"uv":[5.83333,9.33333,5.33333,9.5],"texture":"#3","rotation":270},"south":{"uv":[6.33333,6.33333,6.83333,6.83333],"texture":"#3","rotation":270},"west":{"uv":[9.83333,4.83333,9.33333,4.66667],"texture":"#3","rotation":270},"up":{"uv":[9.33333,2.66667,9.5,3.16667],"texture":"#3","rotation":270},"down":{"uv":[9.33333,3.66667,9.5,4.16667],"texture":"#3","rotation":270}}},{"from":[-3.77985,-0.70018,13.9],"to":[10.47015,13.54982,14.15],"rotation":{"origin":[0.051,6.17816,15.96125],"axis":"z","angle":45.0},"faces":{"north":{"uv":[0.0,5.33333,4.75,10.08333],"texture":"#3","rotation":270},"east":{"uv":[4.75,10.66667,0.0,10.66667],"texture":"#3","rotation":90},"south":{"uv":[4.75,5.33333,0.0,10.08333],"texture":"#3","rotation":90},"west":{"uv":[15.41667,0.0,10.66667,0.0],"texture":"#3","rotation":90},"up":{"uv":[10.33333,10.0,10.33333,14.75],"texture":"#3","rotation":90},"down":{"uv":[8.66667,10.33333,8.66667,15.08333],"texture":"#3","rotation":90}}},{"from":[1.49511,9.30323,13.75],"to":[2.99511,9.95323,14.25],"rotation":{"origin":[0.051,6.17816,15.96125],"axis":"z","angle":-45.0},"faces":{"north":{"uv":[8.66667,0.0,9.16667,0.25],"texture":"#3"},"east":{"uv":[10.33333,6.0,10.5,6.25],"texture":"#3"},"south":{"uv":[8.66667,0.66667,9.16667,0.91667],"texture":"#3"},"west":{"uv":[6.66667,10.33333,6.83333,10.58333],"texture":"#3"},"up":{"uv":[9.83333,5.5,9.33333,5.33333],"texture":"#3"},"down":{"uv":[9.83333,6.0,9.33333,6.16667],"texture":"#3"}}},{"from":[-2.0,4.44628,15.75],"to":[18.0,24.44628,16.25],"rotation":{"origin":[8.0,15.43147,16.0],"axis":"y","angle":0.0},"faces":{"north":{"uv":[0.0,0.0,16.0,16.0],"texture":"#4"},"east":{"uv":[0.0,0.0,5.33333,0.0],"texture":"#4","rotation":270},"south":{"uv":[16.0,0.0,0.0,16.0],"texture":"#4"},"west":{"uv":[0.0,0.0,5.33333,0.0],"texture":"#4","rotation":270},"up":{"uv":[0.0,5.33333,0.0,0.0],"texture":"#4","rotation":270},"down":{"uv":[0.0,5.33333,0.0,0.0],"texture":"#4","rotation":270}}},{"from":[-0.125,8.29166,16.0],"to":[16.125,24.54166,16.0],"rotation":{"origin":[8.0,15.43147,16.0],"axis":"y","angle":0.0},"faces":{"north":{"uv":[0.0,0.0,4.75,4.75],"texture":"#3"},"east":{"uv":[8.66667,10.33333,8.66667,15.08333],"texture":"#3"},"south":{"uv":[0.0,0.0,4.75,4.75],"texture":"#3"},"west":{"uv":[10.33333,10.0,10.33333,14.75],"texture":"#3"},"up":{"uv":[4.75,10.66667,0.0,10.66667],"texture":"#3"},"down":{"uv":[15.41667,0.0,10.66667,0.0],"texture":"#3"}}},{"from":[0.04182,12.49984,15.25],"to":[7.79182,20.49984,16.75],"rotation":{"origin":[3.91682,16.49984,16.75],"axis":"y","angle":0.0},"faces":{"north":{"uv":[16.0,0.05,0.0,16.0],"texture":"#5"},"south":{"uv":[0.0,0.05,16.0,16.0],"texture":"#5"}}},{"from":[8.20818,12.49984,15.25],"to":[15.95818,20.49984,16.75],"rotation":{"origin":[12.08318,16.49984,16.75],"axis":"y","angle":0.0},"faces":{"north":{"uv":[0.0,0.05,16.0,16.0],"texture":"#5"},"south":{"uv":[16.0,0.05,0.0,16.0],"texture":"#5"}}},{"from":[0.04182,4.75016,15.25],"to":[7.79182,12.75016,16.75],"rotation":{"origin":[3.91682,8.75016,16.75],"axis":"y","angle":0.0},"faces":{"north":{"uv":[16.0,16.0,0.0,0.0],"texture":"#5"},"south":{"uv":[0.0,16.0,16.0,0.0],"texture":"#5"}}},{"from":[8.20818,4.75016,15.25],"to":[15.95818,12.75016,16.75],"rotation":{"origin":[12.08318,8.75016,16.75],"axis":"y","angle":0.0},"faces":{"north":{"uv":[0.0,16.0,16.0,0.0],"texture":"#5"},"south":{"uv":[16.0,16.0,0.0,0.0],"texture":"#5"}}},{"from":[6.875,12.29166,15.5875],"to":[9.125,14.54166,16.4125],"rotation":{"origin":[8.0,14.45603,16.0],"axis":"y","angle":0.0},"faces":{"north":{"uv":[5.33333,0.0,6.08333,0.75],"texture":"#3"},"east":{"uv":[8.0,2.0,8.25,2.75],"texture":"#3"},"south":{"uv":[5.33333,1.33333,6.08333,2.08333],"texture":"#3"},"west":{"uv":[8.0,3.33333,8.25,4.08333],"texture":"#3"},"up":{"uv":[8.75,4.91667,8.0,4.66667],"texture":"#3"},"down":{"uv":[8.75,5.33333,8.0,5.58333],"texture":"#3"}}},{"from":[6.75506,14.68097,15.6175],"to":[7.77506,15.70097,16.3825],"rotation":{"origin":[8.0,14.45603,16.0],"axis":"z","angle":-45.0},"faces":{"north":{"uv":[9.0,6.66667,9.33333,7.0],"texture":"#3"},"east":{"uv":[9.66667,0.66667,9.91667,1.0],"texture":"#3"},"south":{"uv":[9.0,7.33333,9.33333,7.66667],"texture":"#3"},"west":{"uv":[9.66667,6.66667,9.91667,7.0],"texture":"#3"},"up":{"uv":[10.0,7.58333,9.66667,7.33333],"texture":"#3"},"down":{"uv":[10.0,8.0,9.66667,8.25],"texture":"#3"}}},{"from":[6.92786,12.88693,15.625],"to":[7.90286,15.13693,16.375],"rotation":{"origin":[8.0,14.45603,16.0],"axis":"z","angle":-22.5},"faces":{"north":{"uv":[6.66667,2.0,7.0,2.75],"texture":"#3"},"east":{"uv":[6.0,8.0,6.25,8.75],"texture":"#3"},"south":{"uv":[6.66667,3.33333,7.0,4.08333],"texture":"#3"},"west":{"uv":[6.66667,8.0,6.91667,8.75],"texture":"#3"},"up":{"uv":[10.0,8.91667,9.66667,8.66667],"texture":"#3"},"down":{"uv":[10.33333,1.33333,10.0,1.58333],"texture":"#3"}}},{"from":[8.09714,12.88693,15.625],"to":[9.07214,15.13693,16.375],"rotation":{"origin":[8.0,14.45603,16.0],"axis":"z","angle":22.5},"faces":{"north":{"uv":[7.33333,2.0,7.66667,2.75],"texture":"#3"},"east":{"uv":[8.33333,6.66667,8.58333,7.41667],"texture":"#3"},"south":{"uv":[7.33333,3.33333,7.66667,4.08333],"texture":"#3"},"west":{"uv":[8.33333,8.0,8.58333,8.75],"texture":"#3"},"up":{"uv":[10.33333,2.25,10.0,2.0],"texture":"#3"},"down":{"uv":[10.33333,2.66667,10.0,2.91667],"texture":"#3"}}},{"from":[7.60994,12.59609,15.55],"to":[9.85994,14.84609,16.45],"rotation":{"origin":[8.0,14.45603,16.0],"axis":"z","angle":-45.0},"faces":{"north":{"uv":[5.33333,2.66667,6.08333,3.41667],"texture":"#3"},"east":{"uv":[7.33333,4.66667,7.66667,5.41667],"texture":"#3"},"south":{"uv":[5.33333,4.0,6.08333,4.75],"texture":"#3"},"west":{"uv":[5.33333,7.33333,5.66667,8.08333],"texture":"#3"},"up":{"uv":[6.75,7.66667,6.0,7.33333],"texture":"#3"},"down":{"uv":[8.08333,6.0,7.33333,6.33333],"texture":"#3"}}}],"textures":{"particle":"d08ef939-6cda-4a38-80b5-3a29d18a070c","0":"d08ef939-6cda-4a38-80b5-3a29d18a070c","1":"406660d1-9e9f-4cb6-8b59-5f757f4e0051","3":"de80aa1e-f1f1-4d23-9729-49958b832351","4":"19cdb529-1fa1-47bd-bca4-60338cb52bc9","5":"146ded6b-0f47-4ce1-93a4-b17df02108f8"},"gui_light":"front"}