{"display":{"thirdperson_righthand":{"translation":[0.0,9.25,1.25],"scale":[1.4,1.4,1.4]},"thirdperson_lefthand":{"translation":[0.0,9.25,1.25],"scale":[1.4,1.4,1.4]},"firstperson_righthand":{"rotation":[19.58,22.69,2.12],"translation":[6.0,12.0,-3.25]},"firstperson_lefthand":{"rotation":[22.33,-6.2,6.57],"translation":[6.0,10.0,3.0]},"ground":{"rotation":[0.0,0.0,32.0],"translation":[-3.25,7.25,0.0],"scale":[0.7,0.7,0.7]},"gui":{"rotation":[90.0,45.0,-90.0],"translation":[4.25,5.75,0.0],"scale":[0.89,0.89,0.89]},"head":{"scale":[0.01,0.01,0.01]},"fixed":{"rotation":[0.0,-90.0,0.0],"translation":[0.0,25.75,-1.75],"scale":[3.21,3.21,3.21]}},"elements":[{"from":[7.8,2.42594,3.11523],"to":[8.2,7.18594,6.36523],"rotation":{"origin":[8.0,4.875,8.5],"axis":"x","angle":-45.0},"faces":{"east":{"uv":[3.25,0.0,4.4375,0.8125],"texture":"#0","rotation":270},"west":{"uv":[4.4375,0.0,3.25,0.8125],"texture":"#0","rotation":90}}},{"from":[7.945,3.52704,6.59917],"to":[8.055,10.53704,14.44917],"rotation":{"origin":[8.0,7.03204,10.52417],"axis":"x","angle":-22.5},"faces":{"east":{"uv":[0.0,0.0,16.0,16.0],"texture":"#2"},"west":{"uv":[16.0,0.0,0.0,16.0],"texture":"#2"}}},{"from":[7.94,3.27704,4.59917],"to":[8.06,10.28704,12.44917],"rotation":{"origin":[7.995,6.78204,8.52417],"axis":"x","angle":-45.0},"faces":{"east":{"uv":[0.0,0.0,16.0,16.0],"texture":"#4"},"west":{"uv":[16.0,0.0,0.0,16.0],"texture":"#4"}}},{"from":[7.9,3.42,1.075],"to":[8.1,10.43,8.925],"rotation":{"origin":[8.0,6.925,5.0],"axis":"x","angle":0.0},"faces":{"east":{"uv":[16.0,0.05,0.0,16.0],"texture":"#3"},"west":{"uv":[0.0,0.05,16.0,16.0],"texture":"#3"}}},{"from":[7.6,4.58402,10.22847],"to":[8.4,6.08402,11.72847],"rotation":{"origin":[7.95,8.3125,8.0],"axis":"x","angle":45.0},"faces":{"north":{"uv":[6.875,6.0,6.75,6.375],"texture":"#0"},"east":{"uv":[5.125,0.75,4.75,1.125],"texture":"#0"},"south":{"uv":[6.875,6.75,6.75,7.125],"texture":"#0"},"west":{"uv":[5.125,1.5,4.75,1.875],"texture":"#0"},"up":{"uv":[7.0,1.625,7.375,1.5],"texture":"#0","rotation":90},"down":{"uv":[7.0,2.0,7.375,2.125],"texture":"#0","rotation":270}}},{"from":[7.675,3.3503,7.25],"to":[8.325,4.8503,8.75],"rotation":{"origin":[8.0,8.3125,8.0],"axis":"y","angle":0.0},"faces":{"north":{"uv":[7.125,2.5,7.0,2.875],"texture":"#0"},"east":{"uv":[5.125,2.25,4.75,2.625],"texture":"#0"},"south":{"uv":[3.125,7.0,3.0,7.375],"texture":"#0"},"west":{"uv":[5.125,3.0,4.75,3.375],"texture":"#0"},"up":{"uv":[7.0,5.125,7.375,5.0],"texture":"#0","rotation":90},"down":{"uv":[7.0,5.5,7.375,5.625],"texture":"#0","rotation":270}}},{"from":[7.7,4.01504,6.71799],"to":[8.3,5.51504,7.36799],"rotation":{"origin":[8.0,8.3125,8.0],"axis":"x","angle":-22.5},"faces":{"north":{"uv":[6.125,7.0,6.0,7.375],"texture":"#0"},"east":{"uv":[5.4375,6.0,5.25,6.375],"texture":"#0"},"south":{"uv":[0.125,7.25,0.0,7.625],"texture":"#0"},"west":{"uv":[5.9375,6.0,5.75,6.375],"texture":"#0"},"up":{"uv":[8.0,7.125,8.1875,7.0],"texture":"#0","rotation":90},"down":{"uv":[7.25,8.0,7.4375,8.125],"texture":"#0","rotation":270}}},{"from":[7.7,4.01504,8.63201],"to":[8.3,5.51504,9.28201],"rotation":{"origin":[8.0,8.3125,8.0],"axis":"x","angle":22.5},"faces":{"north":{"uv":[7.375,0.0,7.25,0.375],"texture":"#0"},"east":{"uv":[6.4375,0.0,6.25,0.375],"texture":"#0"},"south":{"uv":[0.625,7.25,0.5,7.625],"texture":"#0"},"west":{"uv":[6.4375,0.75,6.25,1.125],"texture":"#0"},"up":{"uv":[8.0,7.625,8.1875,7.5],"texture":"#0","rotation":90},"down":{"uv":[7.75,8.0,7.9375,8.125],"texture":"#0","rotation":270}}},{"from":[7.695,5.97395,9.65855],"to":[8.305,6.65395,10.33855],"rotation":{"origin":[8.0,8.3125,8.0],"axis":"x","angle":45.0},"faces":{"north":{"uv":[8.375,0.0,8.25,0.1875],"texture":"#0"},"east":{"uv":[7.9375,0.5,7.75,0.6875],"texture":"#0"},"south":{"uv":[8.375,0.5,8.25,0.6875],"texture":"#0"},"west":{"uv":[1.1875,7.75,1.0,7.9375],"texture":"#0"},"up":{"uv":[1.0,8.375,1.1875,8.25],"texture":"#0","rotation":90},"down":{"uv":[8.25,1.0,8.4375,1.125],"texture":"#0","rotation":270}}},{"from":[7.845,6.24074,8.79785],"to":[8.155,7.04074,9.54785],"rotation":{"origin":[8.0,6.22203,8.72019],"axis":"x","angle":0.0},"faces":{"north":{"uv":[3.6875,7.75,3.5,7.9375],"texture":"#0","rotation":90},"east":{"uv":[7.75,1.5,7.9375,1.6875],"texture":"#0","rotation":270},"south":{"uv":[3.1875,7.9375,3.0,7.75],"texture":"#0","rotation":90},"west":{"uv":[7.75,2.0,7.9375,2.1875],"texture":"#0","rotation":90},"up":{"uv":[2.5,7.75,2.6875,7.9375],"texture":"#0","rotation":180},"down":{"uv":[2.0,7.75,2.1875,7.9375],"texture":"#0"}}},{"from":[7.85,5.85587,8.1962],"to":[8.15,6.85587,8.9962],"rotation":{"origin":[8.0,6.22203,8.72019],"axis":"x","angle":45.0},"faces":{"north":{"uv":[2.25,7.25,2.0,7.4375],"texture":"#0","rotation":90},"east":{"uv":[7.25,0.75,7.5,0.9375],"texture":"#0","rotation":270},"south":{"uv":[1.75,7.4375,1.5,7.25],"texture":"#0","rotation":90},"west":{"uv":[1.0,7.25,1.25,7.4375],"texture":"#0","rotation":90},"up":{"uv":[4.5,7.75,4.6875,7.9375],"texture":"#0","rotation":180},"down":{"uv":[4.0,7.75,4.1875,7.9375],"texture":"#0"}}},{"from":[7.75,5.16196,7.96223],"to":[8.25,6.16196,8.96223],"rotation":{"origin":[8.0,6.22203,8.72019],"axis":"x","angle":22.5},"faces":{"north":{"uv":[7.0,0.5,6.75,0.75],"texture":"#0","rotation":90},"east":{"uv":[6.5,5.5,6.75,5.75],"texture":"#0","rotation":270},"south":{"uv":[0.75,7.0,0.5,6.75],"texture":"#0","rotation":90},"west":{"uv":[0.0,6.75,0.25,7.0],"texture":"#0","rotation":90},"up":{"uv":[6.75,0.0,7.0,0.25],"texture":"#0","rotation":180},"down":{"uv":[6.25,6.5,6.5,6.75],"texture":"#0"}}},{"from":[7.64,3.62917,5.53719],"to":[8.36,4.67917,6.58719],"rotation":{"origin":[8.0,4.5099,5.75],"axis":"x","angle":-45.0},"faces":{"north":{"uv":[5.125,7.75,5.0,8.0],"texture":"#0"},"east":{"uv":[1.25,6.75,1.0,7.0],"texture":"#0"},"south":{"uv":[7.875,5.0,7.75,5.25],"texture":"#0"},"west":{"uv":[7.0,1.0,6.75,1.25],"texture":"#0"},"up":{"uv":[5.5,7.875,5.75,7.75],"texture":"#0","rotation":90},"down":{"uv":[7.75,5.5,8.0,5.625],"texture":"#0","rotation":270}}},{"from":[7.6715,4.60212,5.13825],"to":[8.3285,5.07812,5.61425],"rotation":{"origin":[8.0,4.5099,5.75],"axis":"x","angle":-45.0},"faces":{"north":{"uv":[5.3125,8.25,5.25,8.375],"texture":"#0"},"east":{"uv":[2.875,8.25,2.75,8.375],"texture":"#0"},"south":{"uv":[8.3125,5.5,8.25,5.625],"texture":"#0"},"west":{"uv":[3.375,8.25,3.25,8.375],"texture":"#0"},"up":{"uv":[5.75,8.3125,5.875,8.25],"texture":"#0","rotation":90},"down":{"uv":[8.25,8.0,8.375,8.0625],"texture":"#0","rotation":270}}},{"from":[7.675,4.53167,5.40869],"to":[8.325,4.98667,6.45869],"rotation":{"origin":[8.0,4.5099,5.75],"axis":"x","angle":-22.5},"faces":{"north":{"uv":[0.125,8.5,0.0,8.5625],"texture":"#0","rotation":90},"east":{"uv":[6.0,8.0,6.125,7.75],"texture":"#0","rotation":270},"south":{"uv":[0.625,8.5625,0.5,8.5],"texture":"#0","rotation":90},"west":{"uv":[0.0,8.25,0.125,8.0],"texture":"#0","rotation":90},"up":{"uv":[4.25,8.5,4.3125,8.25],"texture":"#0","rotation":180},"down":{"uv":[3.75,8.5,3.8125,8.25],"texture":"#0"}}},{"from":[7.675,3.97625,5.43224],"to":[8.325,4.43125,6.48224],"rotation":{"origin":[8.0,4.5099,5.75],"axis":"x","angle":22.5},"faces":{"north":{"uv":[8.625,2.75,8.5,2.8125],"texture":"#0","rotation":90},"east":{"uv":[0.5,8.25,0.625,8.0],"texture":"#0","rotation":270},"south":{"uv":[8.625,3.3125,8.5,3.25],"texture":"#0","rotation":90},"west":{"uv":[8.0,3.25,8.125,3.0],"texture":"#0","rotation":90},"up":{"uv":[8.25,5.25,8.3125,5.0],"texture":"#0","rotation":180},"down":{"uv":[4.75,8.5,4.8125,8.25],"texture":"#0"}}},{"from":[7.6575,4.00412,5.74547],"to":[8.3425,4.95412,6.69547],"rotation":{"origin":[8.0,4.5099,5.75],"axis":"x","angle":0.0},"faces":{"north":{"uv":[8.25,4.5,8.0,4.625],"texture":"#0","rotation":90},"east":{"uv":[1.5,7.0,1.75,6.75],"texture":"#0","rotation":270},"south":{"uv":[8.25,6.125,8.0,6.0],"texture":"#0","rotation":90},"west":{"uv":[2.0,7.0,2.25,6.75],"texture":"#0","rotation":90},"up":{"uv":[8.0,4.25,8.125,4.0],"texture":"#0","rotation":180},"down":{"uv":[8.0,3.75,8.125,3.5],"texture":"#0"}}},{"from":[7.54,1.11119,7.81797],"to":[8.46,2.16119,8.86797],"rotation":{"origin":[8.0,1.29321,8.0],"axis":"x","angle":-45.0},"faces":{"north":{"uv":[5.75,7.75,5.5,7.875],"texture":"#0","rotation":90},"east":{"uv":[1.0,7.0,1.25,6.75],"texture":"#0","rotation":270},"south":{"uv":[8.0,5.625,7.75,5.5],"texture":"#0","rotation":90},"west":{"uv":[6.75,1.25,7.0,1.0],"texture":"#0","rotation":90},"up":{"uv":[7.75,5.25,7.875,5.0],"texture":"#0","rotation":180},"down":{"uv":[5.0,8.0,5.125,7.75],"texture":"#0"}}},{"from":[7.575,0.97546,7.49967],"to":[8.425,2.02546,7.95467],"rotation":{"origin":[8.0,1.29321,8.0],"axis":"x","angle":-22.5},"faces":{"north":{"uv":[4.3125,8.25,4.25,8.5],"texture":"#0","rotation":180},"east":{"uv":[6.125,7.75,6.0,8.0],"texture":"#0","rotation":180},"south":{"uv":[3.8125,8.25,3.75,8.5],"texture":"#0","rotation":180},"west":{"uv":[0.125,8.0,0.0,8.25],"texture":"#0","rotation":180},"up":{"uv":[0.5,8.5,0.625,8.5625],"texture":"#0","rotation":270},"down":{"uv":[0.0,8.5625,0.125,8.5],"texture":"#0","rotation":90}}},{"from":[7.5575,1.30143,7.525],"to":[8.4425,2.25143,8.475],"rotation":{"origin":[8.0,1.29321,8.0],"axis":"x","angle":0.0},"faces":{"north":{"uv":[8.125,4.0,8.0,4.25],"texture":"#0","rotation":180},"east":{"uv":[1.75,6.75,1.5,7.0],"texture":"#0","rotation":180},"south":{"uv":[8.125,3.5,8.0,3.75],"texture":"#0","rotation":180},"west":{"uv":[2.25,6.75,2.0,7.0],"texture":"#0","rotation":180},"up":{"uv":[8.0,6.0,8.25,6.125],"texture":"#0","rotation":270},"down":{"uv":[8.0,4.625,8.25,4.5],"texture":"#0","rotation":90}}},{"from":[7.575,0.97546,8.04533],"to":[8.425,2.02546,8.50033],"rotation":{"origin":[8.0,1.29321,8.0],"axis":"x","angle":22.5},"faces":{"north":{"uv":[8.3125,5.0,8.25,5.25],"texture":"#0","rotation":180},"east":{"uv":[0.625,8.0,0.5,8.25],"texture":"#0","rotation":180},"south":{"uv":[4.8125,8.25,4.75,8.5],"texture":"#0","rotation":180},"west":{"uv":[8.125,3.0,8.0,3.25],"texture":"#0","rotation":180},"up":{"uv":[8.5,3.25,8.625,3.3125],"texture":"#0","rotation":270},"down":{"uv":[8.5,2.8125,8.625,2.75],"texture":"#0","rotation":90}}},{"from":[7.5715,0.71225,7.41902],"to":[8.4285,1.18825,7.89502],"rotation":{"origin":[8.0,1.29321,8.0],"axis":"x","angle":-45.0},"faces":{"north":{"uv":[5.875,8.25,5.75,8.3125],"texture":"#0","rotation":90},"east":{"uv":[2.75,8.375,2.875,8.25],"texture":"#0","rotation":270},"south":{"uv":[8.375,8.0625,8.25,8.0],"texture":"#0","rotation":90},"west":{"uv":[3.25,8.375,3.375,8.25],"texture":"#0","rotation":90},"up":{"uv":[8.25,5.625,8.3125,5.5],"texture":"#0","rotation":180},"down":{"uv":[5.25,8.375,5.3125,8.25],"texture":"#0"}}},{"from":[7.595,4.43225,9.33466],"to":[8.405,5.18225,10.13466],"rotation":{"origin":[8.0,8.3125,8.0],"axis":"x","angle":45.0},"faces":{"north":{"uv":[7.5,4.0,7.6875,4.1875],"texture":"#0"},"east":{"uv":[2.5,7.25,2.6875,7.4375],"texture":"#0"},"south":{"uv":[7.5,3.0,7.6875,3.1875],"texture":"#0"},"west":{"uv":[7.5,3.5,7.6875,3.6875],"texture":"#0"},"up":{"uv":[6.6875,7.6875,6.5,7.5],"texture":"#0","rotation":90},"down":{"uv":[7.1875,7.5,7.0,7.6875],"texture":"#0","rotation":270}}},{"from":[7.6,3.625,6.2],"to":[8.4,4.625,7.0],"rotation":{"origin":[8.0,8.3125,8.0],"axis":"y","angle":0.0},"faces":{"north":{"uv":[5.5,6.75,5.6875,7.0],"texture":"#0"},"east":{"uv":[2.5,6.75,2.6875,7.0],"texture":"#0"},"south":{"uv":[6.75,4.5,6.9375,4.75],"texture":"#0"},"west":{"uv":[5.0,6.75,5.1875,7.0],"texture":"#0"},"up":{"uv":[7.6875,7.6875,7.5,7.5],"texture":"#0","rotation":90},"down":{"uv":[7.9375,0.0,7.75,0.1875],"texture":"#0","rotation":270}}},{"from":[7.5,3.74834,4.40946],"to":[8.5,4.74834,5.40946],"rotation":{"origin":[8.0,8.3125,8.0],"axis":"x","angle":-22.5},"faces":{"north":{"uv":[6.25,6.0,6.5,6.25],"texture":"#0"},"east":{"uv":[6.25,3.5,6.5,3.75],"texture":"#0"},"south":{"uv":[6.25,4.0,6.5,4.25],"texture":"#0"},"west":{"uv":[6.25,4.5,6.5,4.75],"texture":"#0"},"up":{"uv":[3.25,6.75,3.0,6.5],"texture":"#0","rotation":90},"down":{"uv":[6.75,5.0,6.5,5.25],"texture":"#0","rotation":270}}},{"from":[7.4,4.35401,2.62729],"to":[8.6,5.85401,4.12729],"rotation":{"origin":[8.0,8.3125,8.0],"axis":"x","angle":-45.0},"faces":{"north":{"uv":[5.5,1.5,5.8125,1.875],"texture":"#0"},"east":{"uv":[2.25,4.5,2.625,4.875],"texture":"#0"},"south":{"uv":[5.5,0.75,5.8125,1.125],"texture":"#0"},"west":{"uv":[4.75,0.0,5.125,0.375],"texture":"#0"},"up":{"uv":[5.875,2.5625,5.5,2.25],"texture":"#0","rotation":90},"down":{"uv":[5.875,3.0,5.5,3.3125],"texture":"#0","rotation":270}}},{"from":[7.8,-7.18594,3.11523],"to":[8.2,-2.42594,6.36523],"rotation":{"origin":[8.0,-4.875,8.5],"axis":"x","angle":45.0},"faces":{"east":{"uv":[4.4375,0.0,3.25,0.8125],"texture":"#0","rotation":270},"west":{"uv":[3.25,0.0,4.4375,0.8125],"texture":"#0","rotation":90}}},{"from":[7.945,-10.53704,6.59917],"to":[8.055,-3.52704,14.44917],"rotation":{"origin":[8.0,-7.03204,10.52417],"axis":"x","angle":22.5},"faces":{"east":{"uv":[0.0,16.0,16.0,0.0],"texture":"#2"},"west":{"uv":[16.0,16.0,0.0,0.0],"texture":"#2"}}},{"from":[7.94,-10.53704,4.59917],"to":[8.06,-3.52704,12.44917],"rotation":{"origin":[7.995,-7.03204,8.52417],"axis":"x","angle":45.0},"faces":{"east":{"uv":[0.0,16.0,16.0,0.0],"texture":"#4"},"west":{"uv":[16.0,16.0,0.0,0.0],"texture":"#4"}}},{"from":[7.9,-10.43,1.075],"to":[8.1,-3.42,8.925],"rotation":{"origin":[8.0,-6.925,5.0],"axis":"x","angle":0.0},"faces":{"east":{"uv":[16.0,16.0,0.0,0.05],"texture":"#3"},"west":{"uv":[0.0,16.0,16.0,0.05],"texture":"#3"}}},{"from":[7.6,-6.08402,10.22847],"to":[8.4,-4.58402,11.72847],"rotation":{"origin":[7.95,-8.3125,8.0],"axis":"x","angle":-45.0},"faces":{"north":{"uv":[6.875,6.375,6.75,6.0],"texture":"#0"},"east":{"uv":[5.125,1.125,4.75,0.75],"texture":"#0"},"south":{"uv":[6.875,7.125,6.75,6.75],"texture":"#0"},"west":{"uv":[5.125,1.875,4.75,1.5],"texture":"#0"},"up":{"uv":[7.375,2.0,7.0,2.125],"texture":"#0","rotation":270},"down":{"uv":[7.375,1.625,7.0,1.5],"texture":"#0","rotation":90}}},{"from":[7.675,-4.8503,7.25],"to":[8.325,-3.3503,8.75],"rotation":{"origin":[8.0,-8.3125,8.0],"axis":"y","angle":0.0},"faces":{"north":{"uv":[7.125,2.875,7.0,2.5],"texture":"#0"},"east":{"uv":[5.125,2.625,4.75,2.25],"texture":"#0"},"south":{"uv":[3.125,7.375,3.0,7.0],"texture":"#0"},"west":{"uv":[5.125,3.375,4.75,3.0],"texture":"#0"},"up":{"uv":[7.375,5.5,7.0,5.625],"texture":"#0","rotation":270},"down":{"uv":[7.375,5.125,7.0,5.0],"texture":"#0","rotation":90}}},{"from":[7.7,-5.51504,6.71799],"to":[8.3,-4.01504,7.36799],"rotation":{"origin":[8.0,-8.3125,8.0],"axis":"x","angle":22.5},"faces":{"north":{"uv":[6.125,7.375,6.0,7.0],"texture":"#0"},"east":{"uv":[5.4375,6.375,5.25,6.0],"texture":"#0"},"south":{"uv":[0.125,7.625,0.0,7.25],"texture":"#0"},"west":{"uv":[5.9375,6.375,5.75,6.0],"texture":"#0"},"up":{"uv":[7.4375,8.0,7.25,8.125],"texture":"#0","rotation":270},"down":{"uv":[8.1875,7.125,8.0,7.0],"texture":"#0","rotation":90}}},{"from":[7.7,-5.51504,8.63201],"to":[8.3,-4.01504,9.28201],"rotation":{"origin":[8.0,-8.3125,8.0],"axis":"x","angle":-22.5},"faces":{"north":{"uv":[7.375,0.375,7.25,0.0],"texture":"#0"},"east":{"uv":[6.4375,0.375,6.25,0.0],"texture":"#0"},"south":{"uv":[0.625,7.625,0.5,7.25],"texture":"#0"},"west":{"uv":[6.4375,1.125,6.25,0.75],"texture":"#0"},"up":{"uv":[7.9375,8.0,7.75,8.125],"texture":"#0","rotation":270},"down":{"uv":[8.1875,7.625,8.0,7.5],"texture":"#0","rotation":90}}},{"from":[7.695,-6.65395,9.65855],"to":[8.305,-5.97395,10.33855],"rotation":{"origin":[8.0,-8.3125,8.0],"axis":"x","angle":-45.0},"faces":{"north":{"uv":[8.375,0.1875,8.25,0.0],"texture":"#0"},"east":{"uv":[7.9375,0.6875,7.75,0.5],"texture":"#0"},"south":{"uv":[8.375,0.6875,8.25,0.5],"texture":"#0"},"west":{"uv":[1.1875,7.9375,1.0,7.75],"texture":"#0"},"up":{"uv":[8.4375,1.0,8.25,1.125],"texture":"#0","rotation":270},"down":{"uv":[1.1875,8.375,1.0,8.25],"texture":"#0","rotation":90}}},{"from":[7.845,-7.04074,8.79785],"to":[8.155,-6.24074,9.54785],"rotation":{"origin":[8.0,-6.22203,8.72019],"axis":"x","angle":0.0},"faces":{"north":{"uv":[3.5,7.75,3.6875,7.9375],"texture":"#0","rotation":90},"east":{"uv":[7.9375,1.5,7.75,1.6875],"texture":"#0","rotation":270},"south":{"uv":[3.0,7.9375,3.1875,7.75],"texture":"#0","rotation":90},"west":{"uv":[7.9375,2.0,7.75,2.1875],"texture":"#0","rotation":90},"up":{"uv":[2.0,7.9375,2.1875,7.75],"texture":"#0"},"down":{"uv":[2.5,7.9375,2.6875,7.75],"texture":"#0","rotation":180}}},{"from":[7.85,-6.85587,8.1962],"to":[8.15,-5.85587,8.9962],"rotation":{"origin":[8.0,-6.22203,8.72019],"axis":"x","angle":-45.0},"faces":{"north":{"uv":[2.0,7.25,2.25,7.4375],"texture":"#0","rotation":90},"east":{"uv":[7.5,0.75,7.25,0.9375],"texture":"#0","rotation":270},"south":{"uv":[1.5,7.4375,1.75,7.25],"texture":"#0","rotation":90},"west":{"uv":[1.25,7.25,1.0,7.4375],"texture":"#0","rotation":90},"up":{"uv":[4.0,7.9375,4.1875,7.75],"texture":"#0"},"down":{"uv":[4.5,7.9375,4.6875,7.75],"texture":"#0","rotation":180}}},{"from":[7.75,-6.16196,7.96223],"to":[8.25,-5.16196,8.96223],"rotation":{"origin":[8.0,-6.22203,8.72019],"axis":"x","angle":-22.5},"faces":{"north":{"uv":[6.75,0.5,7.0,0.75],"texture":"#0","rotation":90},"east":{"uv":[6.75,5.5,6.5,5.75],"texture":"#0","rotation":270},"south":{"uv":[0.5,7.0,0.75,6.75],"texture":"#0","rotation":90},"west":{"uv":[0.25,6.75,0.0,7.0],"texture":"#0","rotation":90},"up":{"uv":[6.25,6.75,6.5,6.5],"texture":"#0"},"down":{"uv":[6.75,0.25,7.0,0.0],"texture":"#0","rotation":180}}},{"from":[7.64,-4.67917,5.53719],"to":[8.36,-3.62917,6.58719],"rotation":{"origin":[8.0,-4.5099,5.75],"axis":"x","angle":45.0},"faces":{"north":{"uv":[5.125,8.0,5.0,7.75],"texture":"#0"},"east":{"uv":[1.25,7.0,1.0,6.75],"texture":"#0"},"south":{"uv":[7.875,5.25,7.75,5.0],"texture":"#0"},"west":{"uv":[7.0,1.25,6.75,1.0],"texture":"#0"},"up":{"uv":[8.0,5.5,7.75,5.625],"texture":"#0","rotation":270},"down":{"uv":[5.75,7.875,5.5,7.75],"texture":"#0","rotation":90}}},{"from":[7.6715,-5.07812,5.13825],"to":[8.3285,-4.60212,5.61425],"rotation":{"origin":[8.0,-4.5099,5.75],"axis":"x","angle":45.0},"faces":{"north":{"uv":[5.3125,8.375,5.25,8.25],"texture":"#0"},"east":{"uv":[2.875,8.375,2.75,8.25],"texture":"#0"},"south":{"uv":[8.3125,5.625,8.25,5.5],"texture":"#0"},"west":{"uv":[3.375,8.375,3.25,8.25],"texture":"#0"},"up":{"uv":[8.375,8.0,8.25,8.0625],"texture":"#0","rotation":270},"down":{"uv":[5.875,8.3125,5.75,8.25],"texture":"#0","rotation":90}}},{"from":[7.675,-4.98667,5.40869],"to":[8.325,-4.53167,6.45869],"rotation":{"origin":[8.0,-4.5099,5.75],"axis":"x","angle":22.5},"faces":{"north":{"uv":[0.0,8.5,0.125,8.5625],"texture":"#0","rotation":90},"east":{"uv":[6.125,8.0,6.0,7.75],"texture":"#0","rotation":270},"south":{"uv":[0.5,8.5625,0.625,8.5],"texture":"#0","rotation":90},"west":{"uv":[0.125,8.25,0.0,8.0],"texture":"#0","rotation":90},"up":{"uv":[3.75,8.25,3.8125,8.5],"texture":"#0"},"down":{"uv":[4.25,8.25,4.3125,8.5],"texture":"#0","rotation":180}}},{"from":[7.675,-4.43125,5.43224],"to":[8.325,-3.97625,6.48224],"rotation":{"origin":[8.0,-4.5099,5.75],"axis":"x","angle":-22.5},"faces":{"north":{"uv":[8.5,2.75,8.625,2.8125],"texture":"#0","rotation":90},"east":{"uv":[0.625,8.25,0.5,8.0],"texture":"#0","rotation":270},"south":{"uv":[8.5,3.3125,8.625,3.25],"texture":"#0","rotation":90},"west":{"uv":[8.125,3.25,8.0,3.0],"texture":"#0","rotation":90},"up":{"uv":[4.75,8.25,4.8125,8.5],"texture":"#0"},"down":{"uv":[8.25,5.0,8.3125,5.25],"texture":"#0","rotation":180}}},{"from":[7.6575,-4.95412,5.74547],"to":[8.3425,-4.00412,6.69547],"rotation":{"origin":[8.0,-4.5099,5.75],"axis":"x","angle":0.0},"faces":{"north":{"uv":[8.0,4.5,8.25,4.625],"texture":"#0","rotation":90},"east":{"uv":[1.75,7.0,1.5,6.75],"texture":"#0","rotation":270},"south":{"uv":[8.0,6.125,8.25,6.0],"texture":"#0","rotation":90},"west":{"uv":[2.25,7.0,2.0,6.75],"texture":"#0","rotation":90},"up":{"uv":[8.0,3.5,8.125,3.75],"texture":"#0"},"down":{"uv":[8.0,4.0,8.125,4.25],"texture":"#0","rotation":180}}},{"from":[7.54,-2.16119,7.81797],"to":[8.46,-1.11119,8.86797],"rotation":{"origin":[8.0,-1.29321,8.0],"axis":"x","angle":45.0},"faces":{"north":{"uv":[5.5,7.75,5.75,7.875],"texture":"#0","rotation":90},"east":{"uv":[1.25,7.0,1.0,6.75],"texture":"#0","rotation":270},"south":{"uv":[7.75,5.625,8.0,5.5],"texture":"#0","rotation":90},"west":{"uv":[7.0,1.25,6.75,1.0],"texture":"#0","rotation":90},"up":{"uv":[5.0,7.75,5.125,8.0],"texture":"#0"},"down":{"uv":[7.75,5.0,7.875,5.25],"texture":"#0","rotation":180}}},{"from":[7.575,-2.02546,7.49967],"to":[8.425,-0.97546,7.95467],"rotation":{"origin":[8.0,-1.29321,8.0],"axis":"x","angle":22.5},"faces":{"north":{"uv":[4.3125,8.5,4.25,8.25],"texture":"#0","rotation":180},"east":{"uv":[6.125,8.0,6.0,7.75],"texture":"#0","rotation":180},"south":{"uv":[3.8125,8.5,3.75,8.25],"texture":"#0","rotation":180},"west":{"uv":[0.125,8.25,0.0,8.0],"texture":"#0","rotation":180},"up":{"uv":[0.125,8.5625,0.0,8.5],"texture":"#0","rotation":90},"down":{"uv":[0.625,8.5,0.5,8.5625],"texture":"#0","rotation":270}}},{"from":[7.5575,-2.25143,7.525],"to":[8.4425,-1.30143,8.475],"rotation":{"origin":[8.0,-1.29321,8.0],"axis":"x","angle":0.0},"faces":{"north":{"uv":[8.125,4.25,8.0,4.0],"texture":"#0","rotation":180},"east":{"uv":[1.75,7.0,1.5,6.75],"texture":"#0","rotation":180},"south":{"uv":[8.125,3.75,8.0,3.5],"texture":"#0","rotation":180},"west":{"uv":[2.25,7.0,2.0,6.75],"texture":"#0","rotation":180},"up":{"uv":[8.25,4.625,8.0,4.5],"texture":"#0","rotation":90},"down":{"uv":[8.25,6.0,8.0,6.125],"texture":"#0","rotation":270}}},{"from":[7.575,-2.02546,8.04533],"to":[8.425,-0.97546,8.50033],"rotation":{"origin":[8.0,-1.29321,8.0],"axis":"x","angle":-22.5},"faces":{"north":{"uv":[8.3125,5.25,8.25,5.0],"texture":"#0","rotation":180},"east":{"uv":[0.625,8.25,0.5,8.0],"texture":"#0","rotation":180},"south":{"uv":[4.8125,8.5,4.75,8.25],"texture":"#0","rotation":180},"west":{"uv":[8.125,3.25,8.0,3.0],"texture":"#0","rotation":180},"up":{"uv":[8.625,2.8125,8.5,2.75],"texture":"#0","rotation":90},"down":{"uv":[8.625,3.25,8.5,3.3125],"texture":"#0","rotation":270}}},{"from":[7.5715,-1.18825,7.41902],"to":[8.4285,-0.71225,7.89502],"rotation":{"origin":[8.0,-1.29321,8.0],"axis":"x","angle":45.0},"faces":{"north":{"uv":[5.75,8.25,5.875,8.3125],"texture":"#0","rotation":90},"east":{"uv":[2.875,8.375,2.75,8.25],"texture":"#0","rotation":270},"south":{"uv":[8.25,8.0625,8.375,8.0],"texture":"#0","rotation":90},"west":{"uv":[3.375,8.375,3.25,8.25],"texture":"#0","rotation":90},"up":{"uv":[5.25,8.25,5.3125,8.375],"texture":"#0"},"down":{"uv":[8.25,5.5,8.3125,5.625],"texture":"#0","rotation":180}}},{"from":[7.595,-5.18225,9.33466],"to":[8.405,-4.43225,10.13466],"rotation":{"origin":[8.0,-8.3125,8.0],"axis":"x","angle":-45.0},"faces":{"north":{"uv":[7.5,4.1875,7.6875,4.0],"texture":"#0"},"east":{"uv":[2.5,7.4375,2.6875,7.25],"texture":"#0"},"south":{"uv":[7.5,3.1875,7.6875,3.0],"texture":"#0"},"west":{"uv":[7.5,3.6875,7.6875,3.5],"texture":"#0"},"up":{"uv":[7.0,7.5,7.1875,7.6875],"texture":"#0","rotation":270},"down":{"uv":[6.5,7.6875,6.6875,7.5],"texture":"#0","rotation":90}}},{"from":[7.6,-4.625,6.2],"to":[8.4,-3.625,7.0],"rotation":{"origin":[8.0,-8.3125,8.0],"axis":"y","angle":0.0},"faces":{"north":{"uv":[5.5,7.0,5.6875,6.75],"texture":"#0"},"east":{"uv":[2.5,7.0,2.6875,6.75],"texture":"#0"},"south":{"uv":[6.75,4.75,6.9375,4.5],"texture":"#0"},"west":{"uv":[5.0,7.0,5.1875,6.75],"texture":"#0"},"up":{"uv":[7.75,0.0,7.9375,0.1875],"texture":"#0","rotation":270},"down":{"uv":[7.5,7.6875,7.6875,7.5],"texture":"#0","rotation":90}}},{"from":[7.5,-4.74834,4.40946],"to":[8.5,-3.74834,5.40946],"rotation":{"origin":[8.0,-8.3125,8.0],"axis":"x","angle":22.5},"faces":{"north":{"uv":[6.25,6.25,6.5,6.0],"texture":"#0"},"east":{"uv":[6.25,3.75,6.5,3.5],"texture":"#0"},"south":{"uv":[6.25,4.25,6.5,4.0],"texture":"#0"},"west":{"uv":[6.25,4.75,6.5,4.5],"texture":"#0"},"up":{"uv":[6.5,5.0,6.75,5.25],"texture":"#0","rotation":270},"down":{"uv":[3.0,6.75,3.25,6.5],"texture":"#0","rotation":90}}},{"from":[7.4,-5.85401,2.62729],"to":[8.6,-4.35401,4.12729],"rotation":{"origin":[8.0,-8.3125,8.0],"axis":"x","angle":45.0},"faces":{"north":{"uv":[5.5,1.875,5.8125,1.5],"texture":"#0"},"east":{"uv":[2.25,4.875,2.625,4.5],"texture":"#0"},"south":{"uv":[5.5,1.125,5.8125,0.75],"texture":"#0"},"west":{"uv":[4.75,0.375,5.125,0.0],"texture":"#0"},"up":{"uv":[5.5,3.0,5.875,3.3125],"texture":"#0","rotation":270},"down":{"uv":[5.5,2.5625,5.875,2.25],"texture":"#0","rotation":90}}},{"from":[7.8,-9.0,-1.0],"to":[8.2,9.0,17.0],"rotation":{"origin":[8.0,0.0,8.0],"axis":"x","angle":0.0},"faces":{"east":{"uv":[16.0,16.0,0.0,0.0],"texture":"#1","rotation":90},"west":{"uv":[0.0,16.0,16.0,0.0],"texture":"#1","rotation":270}}},{"from":[7.65,-1.625,7.65],"to":[8.35,1.625,8.35],"rotation":{"origin":[7.95,7.8125,7.95],"axis":"y","angle":0.0},"faces":{"north":{"uv":[4.4375,2.5,4.25,3.3125],"texture":"#0"},"east":{"uv":[4.4375,1.25,4.25,2.0625],"texture":"#0"},"south":{"uv":[1.9375,4.5,1.75,5.3125],"texture":"#0"},"west":{"uv":[4.4375,3.75,4.25,4.5625],"texture":"#0"},"up":{"uv":[7.75,1.1875,7.9375,1.0],"texture":"#0","rotation":90},"down":{"uv":[1.5,7.75,1.6875,7.9375],"texture":"#0","rotation":270}}},{"from":[8.0,-7.125,11.05],"to":[8.0,7.125,14.55],"rotation":{"origin":[8.0,0.0,12.175],"axis":"y","angle":0.0},"faces":{"east":{"uv":[0.625,2.1875,1.5,5.6875],"texture":"#0"},"west":{"uv":[1.5,2.1875,0.625,5.6875],"texture":"#0"}}},{"from":[8.0,-0.625,4.05],"to":[8.0,0.625,18.3],"rotation":{"origin":[8.0,0.0,11.175],"axis":"z","angle":-22.5},"faces":{"east":{"uv":[2.1875,9.0,1.875,12.5],"texture":"#0","rotation":90},"west":{"uv":[2.1875,9.0,1.875,12.5],"texture":"#0","rotation":270}}},{"from":[8.0,-0.625,4.05],"to":[8.0,0.625,18.3],"rotation":{"origin":[8.0,0.0,11.175],"axis":"z","angle":22.5},"faces":{"east":{"uv":[2.1875,9.0,1.875,12.5],"texture":"#0","rotation":90},"west":{"uv":[2.1875,9.0,1.875,12.5],"texture":"#0","rotation":270}}}],"textures":{"particle":"302dda46-b5eb-4ee3-9e42-889cc7709dec","0":"302dda46-b5eb-4ee3-9e42-889cc7709dec","1":"19cdb529-1fa1-47bd-bca4-60338cb52bc9","2":"90d91756-e687-4de6-9c9c-bcc0d4b3f412","3":"146ded6b-0f47-4ce1-93a4-b17df02108f8","4":"3e54ac80-28f9-4317-a70d-dff54eecfa5d"},"gui_light":"front"}