{"display":{"thirdperson_righthand":{"rotation":[84.25,0.0,0.0],"translation":[0.0,3.0,2.75],"scale":[0.71484,0.71484,0.71484]},"thirdperson_lefthand":{"rotation":[84.25,0.0,0.0],"translation":[0.0,3.0,2.75],"scale":[0.71484,0.71484,0.71484]},"firstperson_righthand":{"rotation":[158.0,0.0,-180.0],"translation":[-2.0,3.5,0.0]},"firstperson_lefthand":{"rotation":[158.0,0.0,-180.0],"translation":[-2.0,3.5,0.0]},"ground":{"translation":[0.0,6.5,0.0]},"gui":{"rotation":[35.0,135.0,0.0],"translation":[0.0,0.5,0.0]},"head":{"rotation":[0.0,180.0,0.0],"translation":[0.0,-32.0,0.0],"scale":[2.45703,2.45703,2.45703]},"fixed":{"rotation":[-90.0,0.0,0.0],"translation":[0.0,0.0,-14.5],"scale":[3.25195,3.25195,3.25195]}},"elements":[{"from":[4.5,8.25,4.5],"to":[11.5,11.25,11.5],"rotation":{"origin":[8.0,8.5,11.5],"axis":"x","angle":45.0},"faces":{"north":{"uv":[7.0,5.0,10.5,6.5],"texture":"#0"},"east":{"uv":[7.0,6.5,10.5,8.0],"texture":"#0"},"south":{"uv":[7.0,8.0,10.5,9.5],"texture":"#0"},"west":{"uv":[0.0,9.5,3.5,11.0],"texture":"#0"},"up":{"uv":[7.0,3.5,3.5,0.0],"texture":"#0"},"down":{"uv":[7.0,3.5,3.5,7.0],"texture":"#0"}}},{"from":[3.5,8.5,3.5],"to":[5.0,9.5,5.0],"rotation":{"origin":[8.0,8.5,11.5],"axis":"x","angle":45.0},"faces":{"north":{"uv":[6.5,13.0,7.25,13.5],"texture":"#0"},"east":{"uv":[7.5,13.0,8.25,13.5],"texture":"#0"},"south":{"uv":[13.0,7.5,13.75,8.0],"texture":"#0"},"west":{"uv":[13.0,8.0,13.75,8.5],"texture":"#0"},"up":{"uv":[12.75,12.25,12.0,11.5],"texture":"#0"},"down":{"uv":[13.25,3.0,12.5,3.75],"texture":"#0"}}},{"from":[4.0,9.5,4.0],"to":[5.0,10.5,5.0],"rotation":{"origin":[8.0,8.5,11.5],"axis":"x","angle":45.0},"faces":{"north":{"uv":[11.5,4.5,12.0,5.0],"texture":"#0"},"east":{"uv":[8.5,13.0,9.0,13.5],"texture":"#0"},"south":{"uv":[9.0,13.0,9.5,13.5],"texture":"#0"},"west":{"uv":[10.5,13.0,11.0,13.5],"texture":"#0"}}},{"from":[4.0,10.5,4.0],"to":[5.0,11.5,12.0],"rotation":{"origin":[8.0,8.5,11.5],"axis":"x","angle":45.0},"faces":{"north":{"uv":[13.0,10.5,13.5,11.0],"texture":"#0"},"east":{"uv":[5.5,10.5,9.5,11.0],"texture":"#0"},"south":{"uv":[11.0,13.0,11.5,13.5],"texture":"#0"},"west":{"uv":[10.5,7.0,14.5,7.5],"texture":"#0"},"up":{"uv":[10.0,14.5,9.5,10.5],"texture":"#0"},"down":{"uv":[10.5,10.5,10.0,14.5],"texture":"#0"}}},{"from":[4.475,11.0,3.0],"to":[4.525,13.0,13.0],"rotation":{"origin":[8.0,8.5,11.5],"axis":"x","angle":45.0},"faces":{"east":{"uv":[4.5,9.5,9.5,10.5],"texture":"#0"},"west":{"uv":[4.5,9.5,9.5,10.5],"texture":"#0"}}},{"from":[7.0,9.75,4.0],"to":[9.0,11.75,12.0],"rotation":{"origin":[8.0,8.5,11.5],"axis":"x","angle":45.0},"faces":{"north":{"uv":[10.5,12.0,11.5,13.0],"texture":"#0"},"east":{"uv":[9.5,9.5,13.5,10.5],"texture":"#0"},"south":{"uv":[12.0,10.5,13.0,11.5],"texture":"#0"},"west":{"uv":[10.5,0.0,14.5,1.0],"texture":"#0"},"up":{"uv":[11.5,5.0,10.5,1.0],"texture":"#0"},"down":{"uv":[5.5,10.5,4.5,14.5],"texture":"#0"}}},{"from":[4.0,9.5,11.0],"to":[5.0,10.5,12.0],"rotation":{"origin":[8.0,8.5,11.5],"axis":"x","angle":45.0},"faces":{"north":{"uv":[9.5,13.0,9.0,13.5],"texture":"#0"},"east":{"uv":[9.0,13.0,8.5,13.5],"texture":"#0"},"south":{"uv":[12.0,4.5,11.5,5.0],"texture":"#0"},"west":{"uv":[11.0,13.0,10.5,13.5],"texture":"#0"}}},{"from":[3.5,8.5,11.0],"to":[5.0,9.5,12.5],"rotation":{"origin":[8.0,8.5,11.5],"axis":"x","angle":45.0},"faces":{"north":{"uv":[13.75,7.5,13.0,8.0],"texture":"#0"},"east":{"uv":[8.25,13.0,7.5,13.5],"texture":"#0"},"south":{"uv":[7.25,13.0,6.5,13.5],"texture":"#0"},"west":{"uv":[13.75,8.0,13.0,8.5],"texture":"#0"},"up":{"uv":[12.75,11.5,12.0,12.25],"texture":"#0"},"down":{"uv":[13.25,3.75,12.5,3.0],"texture":"#0"}}},{"from":[11.0,8.5,11.0],"to":[12.5,9.5,12.5],"rotation":{"origin":[8.0,8.5,11.5],"axis":"x","angle":45.0},"faces":{"north":{"uv":[13.0,7.5,13.75,8.0],"texture":"#0"},"east":{"uv":[13.0,8.0,13.75,8.5],"texture":"#0"},"south":{"uv":[6.5,13.0,7.25,13.5],"texture":"#0"},"west":{"uv":[7.5,13.0,8.25,13.5],"texture":"#0"},"up":{"uv":[12.0,11.5,12.75,12.25],"texture":"#0"},"down":{"uv":[12.5,3.75,13.25,3.0],"texture":"#0"}}},{"from":[11.0,9.5,11.0],"to":[12.0,10.5,12.0],"rotation":{"origin":[8.0,8.5,11.5],"axis":"x","angle":45.0},"faces":{"north":{"uv":[9.0,13.0,9.5,13.5],"texture":"#0"},"east":{"uv":[10.5,13.0,11.0,13.5],"texture":"#0"},"south":{"uv":[11.5,4.5,12.0,5.0],"texture":"#0"},"west":{"uv":[8.5,13.0,9.0,13.5],"texture":"#0"}}},{"from":[11.0,8.5,3.5],"to":[12.5,9.5,5.0],"rotation":{"origin":[8.0,8.5,11.5],"axis":"x","angle":45.0},"faces":{"north":{"uv":[7.25,13.0,6.5,13.5],"texture":"#0"},"east":{"uv":[13.75,8.0,13.0,8.5],"texture":"#0"},"south":{"uv":[13.75,7.5,13.0,8.0],"texture":"#0"},"west":{"uv":[8.25,13.0,7.5,13.5],"texture":"#0"},"up":{"uv":[12.0,12.25,12.75,11.5],"texture":"#0"},"down":{"uv":[12.5,3.0,13.25,3.75],"texture":"#0"}}},{"from":[11.0,9.5,4.0],"to":[12.0,10.5,5.0],"rotation":{"origin":[8.0,8.5,11.5],"axis":"x","angle":45.0},"faces":{"north":{"uv":[12.0,4.5,11.5,5.0],"texture":"#0"},"east":{"uv":[11.0,13.0,10.5,13.5],"texture":"#0"},"south":{"uv":[9.5,13.0,9.0,13.5],"texture":"#0"},"west":{"uv":[9.0,13.0,8.5,13.5],"texture":"#0"}}},{"from":[11.0,10.5,4.0],"to":[12.0,11.5,12.0],"rotation":{"origin":[8.0,8.5,11.5],"axis":"x","angle":45.0},"faces":{"north":{"uv":[13.5,10.5,13.0,11.0],"texture":"#0"},"east":{"uv":[14.5,7.0,10.5,7.5],"texture":"#0"},"south":{"uv":[11.5,13.0,11.0,13.5],"texture":"#0"},"west":{"uv":[9.5,10.5,5.5,11.0],"texture":"#0"},"up":{"uv":[9.5,14.5,10.0,10.5],"texture":"#0"},"down":{"uv":[10.0,10.5,10.5,14.5],"texture":"#0"}}},{"from":[11.475,11.0,3.0],"to":[11.525,13.0,13.0],"rotation":{"origin":[8.0,8.5,11.5],"axis":"x","angle":45.0},"faces":{"east":{"uv":[9.5,9.5,4.5,10.5],"texture":"#0"},"west":{"uv":[9.5,9.5,4.5,10.5],"texture":"#0"}}},{"from":[5.5,8.25,3.75],"to":[10.5,13.25,3.75],"rotation":{"origin":[8.0,8.5,11.5],"axis":"x","angle":45.0},"faces":{"north":{"uv":[0.0,0.0,10.0,10.0],"texture":"#3"}}},{"from":[11.61466,10.6,2.5],"to":[11.66466,14.6,13.5],"rotation":{"origin":[8.0,8.5,11.5],"axis":"x","angle":45.0},"faces":{"east":{"uv":[0.0,14.66667,5.33333,0.0],"texture":"#2","rotation":90},"west":{"uv":[5.33333,14.66667,0.0,0.0],"texture":"#2","rotation":90}}},{"from":[4.33534,10.6,2.5],"to":[4.38534,14.6,13.5],"rotation":{"origin":[8.0,8.5,11.5],"axis":"x","angle":45.0},"faces":{"east":{"uv":[5.33333,0.0,0.0,14.66667],"texture":"#2","rotation":90},"west":{"uv":[0.0,0.0,5.33333,14.66667],"texture":"#2","rotation":90}}},{"from":[5.0,3.5,4.0],"to":[11.0,4.5,5.0],"rotation":{"origin":[8.0,4.0,8.0],"axis":"y","angle":0.0},"faces":{"north":{"uv":[10.5,9.0,13.5,9.5],"texture":"#0"},"south":{"uv":[0.0,11.0,3.0,11.5],"texture":"#0"},"up":{"uv":[8.5,11.5,5.5,11.0],"texture":"#0"},"down":{"uv":[3.0,11.5,0.0,12.0],"texture":"#0"}}},{"from":[4.5,4.0,4.5],"to":[11.5,8.25,11.5],"rotation":{"origin":[8.0,4.0,8.0],"axis":"y","angle":0.0},"faces":{"north":{"uv":[0.0,7.0,3.5,9.125],"texture":"#0"},"east":{"uv":[7.0,0.0,10.5,2.125],"texture":"#0"},"south":{"uv":[7.0,2.5,10.5,4.625],"texture":"#0"},"west":{"uv":[3.5,7.0,7.0,9.125],"texture":"#0"},"up":{"uv":[3.5,3.5,0.0,0.0],"texture":"#0"},"down":{"uv":[3.5,3.5,0.0,7.0],"texture":"#0"}}},{"from":[5.0,7.5,4.0],"to":[11.0,8.5,5.0],"rotation":{"origin":[8.0,4.0,8.0],"axis":"y","angle":0.0},"faces":{"north":{"uv":[11.5,1.0,14.5,1.5],"texture":"#0"},"south":{"uv":[11.5,1.5,14.5,2.0],"texture":"#0"},"up":{"uv":[14.5,2.5,11.5,2.0],"texture":"#0"},"down":{"uv":[14.5,2.5,11.5,3.0],"texture":"#0"}}},{"from":[3.0,7.5,3.0],"to":[5.0,8.5,5.0],"rotation":{"origin":[0.0,3.5,0.0],"axis":"y","angle":0.0},"faces":{"north":{"uv":[12.5,4.0,13.5,4.5],"texture":"#0"},"east":{"uv":[8.5,12.5,9.5,13.0],"texture":"#0"},"south":{"uv":[12.0,12.5,13.0,13.0],"texture":"#0"},"west":{"uv":[0.0,13.0,1.0,13.5],"texture":"#0"},"up":{"uv":[1.0,13.0,0.0,12.0],"texture":"#0"},"down":{"uv":[2.0,12.0,1.0,13.0],"texture":"#0"}}},{"from":[3.5,4.5,3.5],"to":[5.0,7.5,5.0],"rotation":{"origin":[0.0,3.5,0.0],"axis":"y","angle":0.0},"faces":{"north":{"uv":[11.5,3.0,12.25,4.5],"texture":"#0"},"east":{"uv":[5.5,11.5,6.25,13.0],"texture":"#0"},"south":{"uv":[6.5,11.5,7.25,13.0],"texture":"#0"},"west":{"uv":[7.5,11.5,8.25,13.0],"texture":"#0"}}},{"from":[3.0,3.5,3.0],"to":[5.0,4.5,5.0],"rotation":{"origin":[0.0,3.5,0.0],"axis":"y","angle":0.0},"faces":{"north":{"uv":[1.0,13.0,2.0,13.5],"texture":"#0"},"east":{"uv":[2.0,13.0,3.0,13.5],"texture":"#0"},"south":{"uv":[13.0,4.5,14.0,5.0],"texture":"#0"},"west":{"uv":[13.0,5.0,14.0,5.5],"texture":"#0"},"up":{"uv":[3.0,13.0,2.0,12.0],"texture":"#0"},"down":{"uv":[13.0,4.5,12.0,5.5],"texture":"#0"}}},{"from":[6.75,6.5,3.5],"to":[9.25,9.0,4.5],"rotation":{"origin":[8.0,7.75,4.0],"axis":"z","angle":-45.0},"faces":{"north":{"uv":[10.5,7.5,11.75,8.75],"texture":"#0"},"east":{"uv":[3.0,11.0,3.5,12.25],"texture":"#0"},"south":{"uv":[10.5,10.5,11.75,11.75],"texture":"#0"},"west":{"uv":[11.5,12.0,12.0,13.25],"texture":"#0"},"up":{"uv":[13.25,7.0,12.0,6.5],"texture":"#0"},"down":{"uv":[13.25,8.5,12.0,9.0],"texture":"#0"}}},{"from":[3.0,5.0,7.0],"to":[3.5,7.0,9.0],"rotation":{"origin":[0.0,3.5,7.0],"axis":"y","angle":0.0},"faces":{"north":{"uv":[13.0,11.0,13.25,12.0],"texture":"#0"},"east":{"uv":[12.0,5.5,13.0,6.5],"texture":"#0"},"south":{"uv":[12.0,13.0,12.25,14.0],"texture":"#0"},"west":{"uv":[12.0,7.5,13.0,8.5],"texture":"#0"},"up":{"uv":[13.25,13.0,13.0,12.0],"texture":"#0"},"down":{"uv":[12.75,13.0,12.5,14.0],"texture":"#0"}}},{"from":[3.5,6.5,7.0],"to":[4.5,7.0,9.0],"rotation":{"origin":[0.0,3.5,7.0],"axis":"y","angle":0.0},"faces":{"north":{"uv":[13.0,13.0,13.5,13.25],"texture":"#0"},"south":{"uv":[0.0,13.5,0.5,13.75],"texture":"#0"},"up":{"uv":[3.5,13.5,3.0,12.5],"texture":"#0"},"down":{"uv":[6.0,13.0,5.5,14.0],"texture":"#0"}}},{"from":[3.5,5.0,7.0],"to":[4.5,5.5,9.0],"rotation":{"origin":[0.0,3.5,7.0],"axis":"y","angle":0.0},"faces":{"north":{"uv":[0.5,13.5,1.0,13.75],"texture":"#0"},"south":{"uv":[1.0,13.5,1.5,13.75],"texture":"#0"},"up":{"uv":[13.5,6.5,13.0,5.5],"texture":"#0"},"down":{"uv":[6.5,13.0,6.0,14.0],"texture":"#0"}}},{"from":[1.0,3.975,3.0],"to":[3.0,4.025,13.0],"rotation":{"origin":[2.0,3.475,0.0],"axis":"y","angle":0.0},"faces":{"up":{"uv":[4.5,14.5,3.5,9.5],"texture":"#0"},"down":{"uv":[4.5,14.5,3.5,9.5],"texture":"#0"}}},{"from":[1.5,5.15,6.0],"to":[4.0,5.2,10.0],"rotation":{"origin":[2.75,5.575,8.0],"axis":"z","angle":45.0},"faces":{"up":{"uv":[11.75,7.0,10.5,5.0],"texture":"#0"},"down":{"uv":[11.75,7.0,10.5,5.0],"texture":"#0"}}},{"from":[3.25,4.5,3.25],"to":[5.0,7.5,3.3],"rotation":{"origin":[0.0,3.5,0.0],"axis":"y","angle":0.0},"faces":{"north":{"uv":[8.5,11.0,9.375,12.5],"texture":"#0"},"south":{"uv":[9.375,11.0,8.5,12.5],"texture":"#0"}}},{"from":[5.0,3.5,11.0],"to":[11.0,4.5,12.0],"rotation":{"origin":[8.0,4.0,8.0],"axis":"y","angle":0.0},"faces":{"north":{"uv":[3.0,11.0,0.0,11.5],"texture":"#0"},"south":{"uv":[13.5,9.0,10.5,9.5],"texture":"#0"},"up":{"uv":[8.5,11.0,5.5,11.5],"texture":"#0"},"down":{"uv":[3.0,12.0,0.0,11.5],"texture":"#0"}}},{"from":[4.0,3.5,5.0],"to":[5.0,4.5,11.0],"rotation":{"origin":[8.0,4.0,8.0],"axis":"y","angle":0.0},"faces":{"east":{"uv":[3.0,11.0,0.0,11.5],"texture":"#0"},"west":{"uv":[13.5,9.0,10.5,9.5],"texture":"#0"},"up":{"uv":[8.5,11.0,5.5,11.5],"texture":"#0","rotation":90},"down":{"uv":[3.0,12.0,0.0,11.5],"texture":"#0","rotation":270}}},{"from":[11.0,3.5,5.0],"to":[12.0,4.5,11.0],"rotation":{"origin":[8.0,4.0,8.0],"axis":"y","angle":0.0},"faces":{"east":{"uv":[10.5,9.0,13.5,9.5],"texture":"#0"},"west":{"uv":[0.0,11.0,3.0,11.5],"texture":"#0"},"up":{"uv":[8.5,11.5,5.5,11.0],"texture":"#0","rotation":90},"down":{"uv":[3.0,11.5,0.0,12.0],"texture":"#0","rotation":270}}},{"from":[5.0,7.5,11.0],"to":[11.0,8.5,12.0],"rotation":{"origin":[8.0,4.0,8.0],"axis":"y","angle":0.0},"faces":{"north":{"uv":[14.5,1.5,11.5,2.0],"texture":"#0"},"south":{"uv":[14.5,1.0,11.5,1.5],"texture":"#0"},"up":{"uv":[14.5,2.0,11.5,2.5],"texture":"#0"},"down":{"uv":[14.5,3.0,11.5,2.5],"texture":"#0"}}},{"from":[4.0,7.5,5.0],"to":[5.0,8.5,11.0],"rotation":{"origin":[8.0,8.0,8.0],"axis":"y","angle":0.0},"faces":{"east":{"uv":[14.5,1.5,11.5,2.0],"texture":"#0"},"west":{"uv":[14.5,1.0,11.5,1.5],"texture":"#0"},"up":{"uv":[14.5,2.0,11.5,2.5],"texture":"#0","rotation":90},"down":{"uv":[14.5,3.0,11.5,2.5],"texture":"#0","rotation":270}}},{"from":[11.0,7.5,5.0],"to":[12.0,8.5,11.0],"rotation":{"origin":[8.0,8.0,8.0],"axis":"y","angle":0.0},"faces":{"east":{"uv":[11.5,1.0,14.5,1.5],"texture":"#0"},"west":{"uv":[11.5,1.5,14.5,2.0],"texture":"#0"},"up":{"uv":[14.5,2.5,11.5,2.0],"texture":"#0","rotation":90},"down":{"uv":[14.5,2.5,11.5,3.0],"texture":"#0","rotation":270}}},{"from":[11.0,3.5,3.0],"to":[13.0,4.5,5.0],"rotation":{"origin":[16.0,3.5,0.0],"axis":"y","angle":0.0},"faces":{"north":{"uv":[2.0,13.0,1.0,13.5],"texture":"#0"},"east":{"uv":[14.0,5.0,13.0,5.5],"texture":"#0"},"south":{"uv":[14.0,4.5,13.0,5.0],"texture":"#0"},"west":{"uv":[3.0,13.0,2.0,13.5],"texture":"#0"},"up":{"uv":[2.0,13.0,3.0,12.0],"texture":"#0"},"down":{"uv":[12.0,4.5,13.0,5.5],"texture":"#0"}}},{"from":[11.0,4.5,3.5],"to":[12.5,7.5,5.0],"rotation":{"origin":[16.0,3.5,0.0],"axis":"y","angle":0.0},"faces":{"north":{"uv":[12.25,3.0,11.5,4.5],"texture":"#0"},"east":{"uv":[8.25,11.5,7.5,13.0],"texture":"#0"},"south":{"uv":[7.25,11.5,6.5,13.0],"texture":"#0"},"west":{"uv":[6.25,11.5,5.5,13.0],"texture":"#0"}}},{"from":[11.0,7.5,3.0],"to":[13.0,8.5,5.0],"rotation":{"origin":[16.0,3.5,0.0],"axis":"y","angle":0.0},"faces":{"north":{"uv":[13.5,4.0,12.5,4.5],"texture":"#0"},"east":{"uv":[1.0,13.0,0.0,13.5],"texture":"#0"},"south":{"uv":[13.0,12.5,12.0,13.0],"texture":"#0"},"west":{"uv":[9.5,12.5,8.5,13.0],"texture":"#0"},"up":{"uv":[0.0,13.0,1.0,12.0],"texture":"#0"},"down":{"uv":[1.0,12.0,2.0,13.0],"texture":"#0"}}},{"from":[3.0,3.5,11.0],"to":[5.0,4.5,13.0],"rotation":{"origin":[0.0,3.5,16.0],"axis":"y","angle":0.0},"faces":{"north":{"uv":[14.0,4.5,13.0,5.0],"texture":"#0"},"east":{"uv":[3.0,13.0,2.0,13.5],"texture":"#0"},"south":{"uv":[2.0,13.0,1.0,13.5],"texture":"#0"},"west":{"uv":[14.0,5.0,13.0,5.5],"texture":"#0"},"up":{"uv":[3.0,12.0,2.0,13.0],"texture":"#0"},"down":{"uv":[13.0,5.5,12.0,4.5],"texture":"#0"}}},{"from":[3.5,4.5,11.0],"to":[5.0,7.5,12.5],"rotation":{"origin":[0.0,3.5,16.0],"axis":"y","angle":0.0},"faces":{"north":{"uv":[7.25,11.5,6.5,13.0],"texture":"#0"},"east":{"uv":[6.25,11.5,5.5,13.0],"texture":"#0"},"south":{"uv":[12.25,3.0,11.5,4.5],"texture":"#0"},"west":{"uv":[8.25,11.5,7.5,13.0],"texture":"#0"}}},{"from":[3.0,7.5,11.0],"to":[5.0,8.5,13.0],"rotation":{"origin":[0.0,3.5,16.0],"axis":"y","angle":0.0},"faces":{"north":{"uv":[13.0,12.5,12.0,13.0],"texture":"#0"},"east":{"uv":[9.5,12.5,8.5,13.0],"texture":"#0"},"south":{"uv":[13.5,4.0,12.5,4.5],"texture":"#0"},"west":{"uv":[1.0,13.0,0.0,13.5],"texture":"#0"},"up":{"uv":[1.0,12.0,0.0,13.0],"texture":"#0"},"down":{"uv":[2.0,13.0,1.0,12.0],"texture":"#0"}}},{"from":[11.0,3.5,11.0],"to":[13.0,4.5,13.0],"rotation":{"origin":[16.0,3.5,16.0],"axis":"y","angle":0.0},"faces":{"north":{"uv":[13.0,4.5,14.0,5.0],"texture":"#0"},"east":{"uv":[13.0,5.0,14.0,5.5],"texture":"#0"},"south":{"uv":[1.0,13.0,2.0,13.5],"texture":"#0"},"west":{"uv":[2.0,13.0,3.0,13.5],"texture":"#0"},"up":{"uv":[2.0,12.0,3.0,13.0],"texture":"#0"},"down":{"uv":[12.0,5.5,13.0,4.5],"texture":"#0"}}},{"from":[11.0,4.5,11.0],"to":[12.5,7.5,12.5],"rotation":{"origin":[16.0,3.5,16.0],"axis":"y","angle":0.0},"faces":{"north":{"uv":[6.5,11.5,7.25,13.0],"texture":"#0"},"east":{"uv":[7.5,11.5,8.25,13.0],"texture":"#0"},"south":{"uv":[11.5,3.0,12.25,4.5],"texture":"#0"},"west":{"uv":[5.5,11.5,6.25,13.0],"texture":"#0"}}},{"from":[11.0,7.5,11.0],"to":[13.0,8.5,13.0],"rotation":{"origin":[16.0,3.5,16.0],"axis":"y","angle":0.0},"faces":{"north":{"uv":[12.0,12.5,13.0,13.0],"texture":"#0"},"east":{"uv":[0.0,13.0,1.0,13.5],"texture":"#0"},"south":{"uv":[12.5,4.0,13.5,4.5],"texture":"#0"},"west":{"uv":[8.5,12.5,9.5,13.0],"texture":"#0"},"up":{"uv":[0.0,12.0,1.0,13.0],"texture":"#0"},"down":{"uv":[1.0,13.0,2.0,12.0],"texture":"#0"}}},{"from":[11.0,4.5,3.25],"to":[12.75,7.5,3.3],"rotation":{"origin":[16.0,3.5,0.0],"axis":"y","angle":0.0},"faces":{"north":{"uv":[9.375,11.0,8.5,12.5],"texture":"#0"},"south":{"uv":[8.5,11.0,9.375,12.5],"texture":"#0"}}},{"from":[3.25,4.5,12.7],"to":[5.0,7.5,12.75],"rotation":{"origin":[0.0,3.5,16.0],"axis":"y","angle":0.0},"faces":{"north":{"uv":[8.5,11.0,9.375,12.5],"texture":"#0"},"south":{"uv":[9.375,11.0,8.5,12.5],"texture":"#0"}}},{"from":[11.0,4.5,12.7],"to":[12.75,7.5,12.75],"rotation":{"origin":[16.0,3.5,16.0],"axis":"y","angle":0.0},"faces":{"north":{"uv":[9.375,11.0,8.5,12.5],"texture":"#0"},"south":{"uv":[8.5,11.0,9.375,12.5],"texture":"#0"}}},{"from":[12.7,4.5,3.25],"to":[12.75,7.5,5.0],"rotation":{"origin":[10.725,6.0,4.125],"axis":"y","angle":0.0},"faces":{"east":{"uv":[8.5,11.0,9.375,12.5],"texture":"#0"},"west":{"uv":[9.375,11.0,8.5,12.5],"texture":"#0"}}},{"from":[3.25,4.5,3.25],"to":[3.3,7.5,5.0],"rotation":{"origin":[5.275,6.0,4.125],"axis":"y","angle":0.0},"faces":{"east":{"uv":[8.5,11.0,9.375,12.5],"texture":"#0"},"west":{"uv":[9.375,11.0,8.5,12.5],"texture":"#0"}}},{"from":[12.7,4.5,11.0],"to":[12.75,7.5,12.75],"rotation":{"origin":[10.725,6.0,11.875],"axis":"y","angle":0.0},"faces":{"east":{"uv":[9.375,11.0,8.5,12.5],"texture":"#0"},"west":{"uv":[8.5,11.0,9.375,12.5],"texture":"#0"}}},{"from":[3.25,4.5,11.0],"to":[3.3,7.5,12.75],"rotation":{"origin":[5.275,6.0,11.875],"axis":"y","angle":0.0},"faces":{"east":{"uv":[9.375,11.0,8.5,12.5],"texture":"#0"},"west":{"uv":[8.5,11.0,9.375,12.5],"texture":"#0"}}},{"from":[11.5,5.0,7.0],"to":[12.5,5.5,9.0],"rotation":{"origin":[16.0,3.5,7.0],"axis":"y","angle":0.0},"faces":{"north":{"uv":[1.0,13.5,0.5,13.75],"texture":"#0"},"south":{"uv":[1.5,13.5,1.0,13.75],"texture":"#0"},"up":{"uv":[13.0,6.5,13.5,5.5],"texture":"#0"},"down":{"uv":[6.0,13.0,6.5,14.0],"texture":"#0"}}},{"from":[12.5,5.0,7.0],"to":[13.0,7.0,9.0],"rotation":{"origin":[16.0,3.5,7.0],"axis":"y","angle":0.0},"faces":{"north":{"uv":[13.25,11.0,13.0,12.0],"texture":"#0"},"east":{"uv":[13.0,7.5,12.0,8.5],"texture":"#0"},"south":{"uv":[12.25,13.0,12.0,14.0],"texture":"#0"},"west":{"uv":[13.0,5.5,12.0,6.5],"texture":"#0"},"up":{"uv":[13.0,13.0,13.25,12.0],"texture":"#0"},"down":{"uv":[12.5,13.0,12.75,14.0],"texture":"#0"}}},{"from":[11.5,6.5,7.0],"to":[12.5,7.0,9.0],"rotation":{"origin":[16.0,3.5,7.0],"axis":"y","angle":0.0},"faces":{"north":{"uv":[13.5,13.0,13.0,13.25],"texture":"#0"},"south":{"uv":[0.5,13.5,0.0,13.75],"texture":"#0"},"up":{"uv":[3.0,13.5,3.5,12.5],"texture":"#0"},"down":{"uv":[5.5,13.0,6.0,14.0],"texture":"#0"}}},{"from":[12.0,5.15,6.0],"to":[14.5,5.2,10.0],"rotation":{"origin":[13.25,5.575,8.0],"axis":"z","angle":-45.0},"faces":{"up":{"uv":[10.5,7.0,11.75,5.0],"texture":"#0"},"down":{"uv":[10.5,7.0,11.75,5.0],"texture":"#0"}}},{"from":[13.0,3.975,3.0],"to":[15.0,4.025,13.0],"rotation":{"origin":[14.0,3.475,0.0],"axis":"y","angle":0.0},"faces":{"up":{"uv":[3.5,14.5,4.5,9.5],"texture":"#0"},"down":{"uv":[3.5,14.5,4.5,9.5],"texture":"#0"}}},{"from":[-0.25,4.16613,3.3632],"to":[2.75,4.16613,12.3632],"rotation":{"origin":[1.25,4.16613,7.8632],"axis":"z","angle":0.0},"faces":{"up":{"uv":[9.33333,0.0,5.33333,12.0],"texture":"#2","rotation":180}}},{"from":[13.25,4.16613,3.3632],"to":[16.25,4.16613,12.3632],"rotation":{"origin":[14.75,4.16613,7.8632],"axis":"z","angle":0.0},"faces":{"up":{"uv":[5.33333,0.0,9.33333,12.0],"texture":"#2","rotation":180}}}],"textures":{"particle":"631afc19-efb5-49e9-a176-dd7e80791380","0":"631afc19-efb5-49e9-a176-dd7e80791380","2":"1525cd53-65f3-4c2c-ada6-3a25575d7ccb","3":"a6eb46c0-48ee-48bf-8fdb-40f81929f3cf"},"gui_light":"front"}