{"display":{"thirdperson_righthand":{"translation":[0.0,3.75,1.0],"scale":[0.7,0.7,0.7]},"thirdperson_lefthand":{"translation":[0.0,3.75,1.0],"scale":[0.7,0.7,0.7]},"firstperson_righthand":{"rotation":[-11.5,16.0,0.0],"translation":[0.0,6.75,1.25],"scale":[0.5,0.5,0.5]},"firstperson_lefthand":{"rotation":[-11.5,16.0,0.0],"translation":[0.0,6.75,1.25],"scale":[0.5,0.5,0.5]},"ground":{"rotation":[-90.0,145.0,90.0],"scale":[0.5,0.5,0.5]},"gui":{"rotation":[-90.0,-128.25,-90.0],"translation":[-2.75,1.75,-3.0],"scale":[0.7,0.7,0.7]},"head":{"rotation":[-90.0,145.0,90.0],"translation":[6.0,0.0,-3.0]},"fixed":{"rotation":[-90.0,145.0,90.0],"translation":[4.75,0.0,-3.0]}},"elements":[{"from":[7.0,-9.05427,5.30631],"to":[9.0,-6.05427,8.30631],"rotation":{"origin":[8.0,-7.55427,6.80631],"axis":"x","angle":45.0},"faces":{"north":{"uv":[8.0,7.5,10.0,8.5],"texture":"#0","rotation":270},"east":{"uv":[6.0,8.5,8.0,10.5],"texture":"#0","rotation":90},"south":{"uv":[8.0,6.5,10.0,7.5],"texture":"#0","rotation":270},"west":{"uv":[6.0,6.5,8.0,8.5],"texture":"#0","rotation":90},"up":{"uv":[6.0,10.5,8.0,11.5],"texture":"#0","rotation":90},"down":{"uv":[6.0,11.5,8.0,12.5],"texture":"#0","rotation":270}}},{"from":[7.0,-6.80427,5.8063],"to":[9.0,12.19573,7.8063],"rotation":{"origin":[8.00113,3.80266,6.81901],"axis":"y","angle":0.0},"faces":{"north":{"uv":[4.5,0.0,6.0,13.5],"texture":"#0"},"east":{"uv":[3.0,0.0,4.5,13.5],"texture":"#0"},"south":{"uv":[1.5,0.0,3.0,13.5],"texture":"#0"},"west":{"uv":[0.0,0.0,1.5,13.5],"texture":"#0"},"up":{"uv":[1.5,15.5,0.0,14.0],"texture":"#0","rotation":270},"down":{"uv":[3.0,15.5,1.5,14.0],"texture":"#0","rotation":90}}},{"from":[6.8,-7.00427,5.6063],"to":[9.2,-4.60427,8.0063],"rotation":{"origin":[8.00113,3.80266,6.81901],"axis":"y","angle":0.0},"faces":{"north":{"uv":[13.5,0.0,15.0,1.5],"texture":"#0"},"east":{"uv":[12.0,0.0,13.5,1.5],"texture":"#0"},"south":{"uv":[12.0,1.5,13.5,3.0],"texture":"#0"},"west":{"uv":[13.5,1.5,15.0,3.0],"texture":"#0"},"up":{"uv":[13.5,3.0,15.0,4.5],"texture":"#0","rotation":270},"down":{"uv":[12.0,3.0,13.5,4.5],"texture":"#0","rotation":90}}},{"from":[7.51358,-14.80427,5.309],"to":[8.51358,-7.80427,8.309],"rotation":{"origin":[8.01358,-11.30427,6.809],"axis":"y","angle":-22.5},"faces":{"north":{"uv":[14.0,12.0,14.5,16.0],"texture":"#0"},"east":{"uv":[12.0,12.0,14.0,16.0],"texture":"#0"},"south":{"uv":[15.5,12.0,16.0,16.0],"texture":"#0"},"west":{"uv":[16.0,12.0,14.0,16.0],"texture":"#0"},"up":{"uv":[0.0,0.0,0.0,0.0],"texture":"#0","rotation":270},"down":{"uv":[14.0,11.5,16.0,12.0],"texture":"#0","rotation":90}}},{"from":[8.0,13.69573,4.3063],"to":[8.0,23.69573,9.3063],"rotation":{"origin":[8.0,18.69573,6.8063],"axis":"y","angle":22.5},"faces":{"north":{"uv":[0.0,0.0,0.0,0.0],"texture":"#0"},"east":{"uv":[0.0,1.5,2.5,6.5],"texture":"#0"},"south":{"uv":[0.0,0.0,0.0,0.0],"texture":"#0"},"west":{"uv":[2.5,1.5,0.0,6.5],"texture":"#0"},"up":{"uv":[0.0,0.0,0.0,0.0],"texture":"#0","rotation":270},"down":{"uv":[0.0,0.0,0.0,0.0],"texture":"#0","rotation":90}}},{"from":[8.0,-15.80427,4.3063],"to":[8.0,-5.80427,9.3063],"rotation":{"origin":[8.0,-10.80427,6.8063],"axis":"y","angle":-22.5},"faces":{"north":{"uv":[0.0,0.0,0.0,0.0],"texture":"#0"},"east":{"uv":[0.0,1.5,2.5,6.5],"texture":"#0"},"south":{"uv":[0.0,0.0,0.0,0.0],"texture":"#0"},"west":{"uv":[2.5,1.5,0.0,6.5],"texture":"#0"},"up":{"uv":[0.0,0.0,0.0,0.0],"texture":"#0","rotation":270},"down":{"uv":[0.0,0.0,0.0,0.0],"texture":"#0","rotation":90}}},{"from":[2.0,4.44573,0.8063],"to":[14.0,4.44573,12.8063],"rotation":{"origin":[8.0,4.44573,6.8063],"axis":"z","angle":45.0},"faces":{"north":{"uv":[0.0,0.0,0.0,0.0],"texture":"#0","rotation":270},"east":{"uv":[0.0,0.0,0.0,0.0],"texture":"#0"},"south":{"uv":[0.0,0.0,0.0,0.0],"texture":"#0","rotation":90},"west":{"uv":[0.0,0.0,0.0,0.0],"texture":"#0","rotation":180},"up":{"uv":[16.0,5.0,10.0,11.0],"texture":"#0","rotation":90},"down":{"uv":[10.0,5.0,16.0,11.0],"texture":"#0","rotation":90}}},{"from":[2.0,-5.55427,0.8063],"to":[14.0,-5.55427,12.8063],"rotation":{"origin":[8.0,-5.55427,6.8063],"axis":"z","angle":45.0},"faces":{"north":{"uv":[0.0,0.0,0.0,0.0],"texture":"#0","rotation":270},"east":{"uv":[0.0,0.0,0.0,0.0],"texture":"#0"},"south":{"uv":[0.0,0.0,0.0,0.0],"texture":"#0","rotation":90},"west":{"uv":[0.0,0.0,0.0,0.0],"texture":"#0","rotation":180},"up":{"uv":[16.0,5.0,10.0,11.0],"texture":"#0","rotation":90},"down":{"uv":[10.0,5.0,16.0,11.0],"texture":"#0","rotation":90}}},{"from":[8.0,12.19573,9.8063],"to":[8.0,17.19573,19.8063],"rotation":{"origin":[8.0,14.69573,14.8063],"axis":"x","angle":22.5},"faces":{"north":{"uv":[0.0,0.0,0.0,0.0],"texture":"#0","rotation":270},"east":{"uv":[2.5,1.5,5.0,6.5],"texture":"#0","rotation":270},"south":{"uv":[0.0,0.0,0.0,0.0],"texture":"#0","rotation":270},"west":{"uv":[2.5,6.5,5.0,1.5],"texture":"#0","rotation":270},"up":{"uv":[0.0,0.0,0.0,0.0],"texture":"#0","rotation":180},"down":{"uv":[0.0,0.0,0.0,0.0],"texture":"#0"}}},{"from":[8.0,12.19573,-6.0563],"to":[8.0,17.19573,3.9437],"rotation":{"origin":[8.0,14.69573,-1.0563],"axis":"x","angle":-22.5},"faces":{"north":{"uv":[0.0,0.0,0.0,0.0],"texture":"#0","rotation":270},"east":{"uv":[2.5,6.5,5.0,1.5],"texture":"#0","rotation":270},"south":{"uv":[0.0,0.0,0.0,0.0],"texture":"#0","rotation":270},"west":{"uv":[2.5,1.5,5.0,6.5],"texture":"#0","rotation":270},"up":{"uv":[0.0,0.0,0.0,0.0],"texture":"#0","rotation":180},"down":{"uv":[0.0,0.0,0.0,0.0],"texture":"#0"}}},{"from":[6.9,3.09573,5.7063],"to":[9.1,11.29573,7.9063],"rotation":{"origin":[8.00113,3.80266,6.81901],"axis":"y","angle":0.0},"faces":{"north":{"uv":[10.5,0.0,12.0,5.0],"texture":"#0"},"east":{"uv":[9.0,0.0,10.5,5.0],"texture":"#0"},"south":{"uv":[7.5,0.0,9.0,5.0],"texture":"#0"},"west":{"uv":[6.0,0.0,7.5,5.0],"texture":"#0"},"up":{"uv":[7.5,6.5,6.0,5.0],"texture":"#0","rotation":270},"down":{"uv":[9.0,6.5,7.5,5.0],"texture":"#0","rotation":90}}},{"from":[6.8,9.63729,3.68775],"to":[9.2,14.03729,6.08775],"rotation":{"origin":[8.0,11.83729,4.88775],"axis":"x","angle":-22.5},"faces":{"north":{"uv":[7.5,12.5,9.0,15.0],"texture":"#0"},"east":{"uv":[6.0,12.5,7.5,15.0],"texture":"#0"},"south":{"uv":[10.5,12.5,12.0,15.0],"texture":"#0"},"west":{"uv":[9.0,12.5,10.5,15.0],"texture":"#0"},"up":{"uv":[10.5,12.5,9.0,11.0],"texture":"#0","rotation":270},"down":{"uv":[12.0,12.5,10.5,11.0],"texture":"#0","rotation":90}}},{"from":[6.8,9.63729,7.53725],"to":[9.2,14.03729,9.93725],"rotation":{"origin":[8.0,11.83729,8.73725],"axis":"x","angle":22.5},"faces":{"north":{"uv":[12.0,12.5,10.5,15.0],"texture":"#0"},"east":{"uv":[7.5,12.5,6.0,15.0],"texture":"#0"},"south":{"uv":[9.0,12.5,7.5,15.0],"texture":"#0"},"west":{"uv":[10.5,12.5,9.0,15.0],"texture":"#0"},"up":{"uv":[9.0,12.5,10.5,11.0],"texture":"#0","rotation":270},"down":{"uv":[10.5,12.5,12.0,11.0],"texture":"#0","rotation":90}}}],"textures":{"particle":"49051d26-b56e-45d3-9f9e-814ad0711861","0":"49051d26-b56e-45d3-9f9e-814ad0711861"},"gui_light":"front"}