{"display":{"thirdperson_righthand":{"rotation":[-134.43,-40.15,157.76],"translation":[3.5,0.75,0.25],"scale":[1.3,1.3,1.3]},"thirdperson_lefthand":{"rotation":[46.21,40.01,22.06],"translation":[3.5,0.5,1.0],"scale":[1.3,1.3,1.3]},"firstperson_righthand":{"rotation":[172.77,-77.07,168.76],"translation":[4.0,-0.5,-0.25],"scale":[1.01,1.01,1.01]},"firstperson_lefthand":{"rotation":[-1.17,83.98,5.92],"translation":[4.5,-0.5,-0.5],"scale":[1.01,1.01,1.01]},"ground":{"rotation":[0.0,0.0,-29.0],"translation":[2.0,4.25,0.0],"scale":[0.75,0.75,0.75]},"gui":{"rotation":[0.0,90.0,0.0],"scale":[0.73,0.73,0.73]},"head":{"rotation":[0.0,90.0,0.0],"scale":[0.01,0.01,0.01]},"fixed":{"rotation":[0.0,-90.0,0.0],"translation":[0.0,1.25,-1.5],"scale":[1.84,1.84,1.84]}},"elements":[{"from":[7.14875,10.23774,0.36045],"to":[8.84875,14.23774,4.36045],"rotation":{"origin":[8.0,12.0,2.0086],"axis":"x","angle":0.0},"faces":{"north":{"uv":[5.9375,2.5,5.5,3.5],"texture":"#1"},"east":{"uv":[5.0,1.0,6.0,0.0],"texture":"#1","rotation":180},"south":{"uv":[5.9375,3.75,5.5,4.75],"texture":"#1"},"west":{"uv":[6.0,0.0,5.0,1.0],"texture":"#1","rotation":270},"up":{"uv":[5.5,5.4375,6.5,5.0],"texture":"#1","rotation":90},"down":{"uv":[5.5,5.75,6.5,6.1875],"texture":"#1","rotation":270}}},{"from":[7.61875,7.3115,1.93839],"to":[8.37875,8.8115,2.93839],"rotation":{"origin":[8.0,12.0,2.0086],"axis":"x","angle":-22.5},"faces":{"north":{"uv":[0.9375,9.25,0.75,9.625],"texture":"#1"},"east":{"uv":[5.75,8.75,5.5,9.125],"texture":"#1"},"south":{"uv":[1.4375,9.25,1.25,9.625],"texture":"#1"},"west":{"uv":[7.5,8.75,7.25,9.125],"texture":"#1"},"up":{"uv":[5.25,9.6875,5.5,9.5],"texture":"#1","rotation":90},"down":{"uv":[9.5,5.25,9.75,5.4375],"texture":"#1","rotation":270}}},{"from":[7.62375,7.99115,5.23384],"to":[8.37375,9.49115,6.23384],"rotation":{"origin":[8.0,12.0,2.0086],"axis":"x","angle":22.5},"faces":{"north":{"uv":[9.4375,1.25,9.25,1.625],"texture":"#1"},"east":{"uv":[8.0,8.75,7.75,9.125],"texture":"#1"},"south":{"uv":[1.9375,9.25,1.75,9.625],"texture":"#1"},"west":{"uv":[9.0,8.0,8.75,8.375],"texture":"#1"},"up":{"uv":[5.75,9.6875,6.0,9.5],"texture":"#1","rotation":90},"down":{"uv":[9.5,5.75,9.75,5.9375],"texture":"#1","rotation":270}}},{"from":[7.61875,6.17473,1.45451],"to":[8.37875,6.88473,2.16451],"rotation":{"origin":[8.0,12.0,2.0086],"axis":"x","angle":-22.5},"faces":{"north":{"uv":[0.1875,9.75,0.0,9.9375],"texture":"#1"},"east":{"uv":[8.9375,9.5,8.75,9.6875],"texture":"#1"},"south":{"uv":[9.9375,1.25,9.75,1.4375],"texture":"#1"},"west":{"uv":[9.9375,0.0,9.75,0.1875],"texture":"#1"},"up":{"uv":[2.25,9.9375,2.4375,9.75],"texture":"#1","rotation":90},"down":{"uv":[9.75,2.5,9.9375,2.6875],"texture":"#1","rotation":270}}},{"from":[7.49875,8.14447,2.33241],"to":[8.49875,10.14447,4.33241],"rotation":{"origin":[8.0,12.0,2.0086],"axis":"x","angle":0.0},"faces":{"north":{"uv":[8.5,4.75,8.25,5.25],"texture":"#1"},"east":{"uv":[6.75,5.25,7.25,4.75],"texture":"#1","rotation":180},"south":{"uv":[8.75,0.75,8.5,1.25],"texture":"#1"},"west":{"uv":[6.75,6.0,7.25,5.5],"texture":"#1","rotation":180},"up":{"uv":[8.5,1.75,9.0,1.5],"texture":"#1","rotation":90},"down":{"uv":[8.5,2.0,9.0,2.25],"texture":"#1","rotation":270}}},{"from":[7.49875,12.44596,-1.25285],"to":[8.49875,14.44596,0.74715],"rotation":{"origin":[8.0,12.0,2.0086],"axis":"x","angle":22.5},"faces":{"north":{"uv":[8.25,4.75,8.5,5.25],"texture":"#1","rotation":180},"east":{"uv":[6.75,4.75,7.25,5.25],"texture":"#1","rotation":180},"south":{"uv":[8.5,0.75,8.75,1.25],"texture":"#1","rotation":180},"west":{"uv":[6.75,5.5,7.25,6.0],"texture":"#1","rotation":180},"up":{"uv":[9.0,2.0,8.5,2.25],"texture":"#1","rotation":270},"down":{"uv":[9.0,1.75,8.5,1.5],"texture":"#1","rotation":90}}},{"from":[7.61875,14.09545,1.54547],"to":[8.37875,15.09545,3.04547],"rotation":{"origin":[8.0,12.0,2.0086],"axis":"x","angle":-22.5},"faces":{"north":{"uv":[5.5,9.6875,5.25,9.5],"texture":"#1","rotation":270},"east":{"uv":[5.5,8.75,5.75,9.125],"texture":"#1","rotation":90},"south":{"uv":[9.75,5.25,9.5,5.4375],"texture":"#1","rotation":270},"west":{"uv":[7.25,8.75,7.5,9.125],"texture":"#1","rotation":270},"up":{"uv":[0.75,9.25,0.9375,9.625],"texture":"#1"},"down":{"uv":[1.25,9.25,1.4375,9.625],"texture":"#1","rotation":180}}},{"from":[7.62375,14.06593,0.51258],"to":[8.37375,15.56593,1.51258],"rotation":{"origin":[8.0,12.0,2.0086],"axis":"x","angle":22.5},"faces":{"north":{"uv":[9.25,1.25,9.4375,1.625],"texture":"#1","rotation":180},"east":{"uv":[7.75,8.75,8.0,9.125],"texture":"#1","rotation":180},"south":{"uv":[1.75,9.25,1.9375,9.625],"texture":"#1","rotation":180},"west":{"uv":[8.75,8.0,9.0,8.375],"texture":"#1","rotation":180},"up":{"uv":[9.75,5.75,9.5,5.9375],"texture":"#1","rotation":270},"down":{"uv":[6.0,9.6875,5.75,9.5],"texture":"#1","rotation":90}}},{"from":[7.61875,14.86933,3.47224],"to":[8.37875,15.57933,4.18224],"rotation":{"origin":[8.0,12.0,2.0086],"axis":"x","angle":-22.5},"faces":{"north":{"uv":[2.4375,9.9375,2.25,9.75],"texture":"#1","rotation":270},"east":{"uv":[8.75,9.5,8.9375,9.6875],"texture":"#1","rotation":90},"south":{"uv":[9.9375,2.5,9.75,2.6875],"texture":"#1","rotation":270},"west":{"uv":[9.75,0.0,9.9375,0.1875],"texture":"#1","rotation":270},"up":{"uv":[0.0,9.75,0.1875,9.9375],"texture":"#1"},"down":{"uv":[9.75,1.25,9.9375,1.4375],"texture":"#1","rotation":180}}},{"from":[6.82375,8.74552,3.85268],"to":[9.17375,10.74552,5.85268],"rotation":{"origin":[8.0,12.0,2.0086],"axis":"x","angle":0.0},"faces":{"north":{"uv":[6.75,8.5,6.9375,9.0],"texture":"#1","rotation":180},"east":{"uv":[6.0,7.0,5.5,6.5],"texture":"#1"},"south":{"uv":[8.75,2.5,8.9375,3.0],"texture":"#1","rotation":180},"west":{"uv":[6.75,7.0,6.25,6.5],"texture":"#1"},"up":{"uv":[9.25,4.75,8.75,4.9375],"texture":"#1","rotation":270},"down":{"uv":[9.25,3.4375,8.75,3.25],"texture":"#1","rotation":90}}},{"from":[7.24625,-4.11994,7.71263],"to":[7.25625,14.38006,15.21263],"rotation":{"origin":[7.25125,5.13006,11.46263],"axis":"y","angle":22.5},"faces":{"east":{"uv":[15.25,10.0,13.75625,13.6875],"texture":"#1"},"west":{"uv":[13.75625,10.0,15.25,13.6875],"texture":"#1"}}},{"from":[7.24625,-4.11994,0.78737],"to":[7.25625,14.38006,8.28737],"rotation":{"origin":[7.25125,5.13006,4.53737],"axis":"y","angle":-22.5},"faces":{"east":{"uv":[13.75625,10.0,15.25,13.6875],"texture":"#1"},"west":{"uv":[15.25,10.0,13.75625,13.6875],"texture":"#1"}}},{"from":[5.99625,11.88006,8.34915],"to":[6.00625,18.38006,14.84915],"rotation":{"origin":[6.00125,15.13006,11.59915],"axis":"x","angle":0.0},"faces":{"east":{"uv":[1.5,10.25,0.0,11.75],"texture":"#1"},"west":{"uv":[0.0,10.25,1.5,11.75],"texture":"#1"}}},{"from":[5.99625,11.88006,1.15085],"to":[6.00625,18.38006,7.65085],"rotation":{"origin":[6.00125,15.13006,4.40085],"axis":"x","angle":0.0},"faces":{"east":{"uv":[0.0,10.25,1.5,11.75],"texture":"#1"},"west":{"uv":[1.5,10.25,0.0,11.75],"texture":"#1"}}},{"from":[7.79875,11.00159,-4.20845],"to":[8.19875,19.00159,3.79155],"rotation":{"origin":[7.99875,15.00159,-0.20845],"axis":"x","angle":0.0},"faces":{"east":{"uv":[0.0,16.0,16.0,0.0],"texture":"#3","rotation":180},"west":{"uv":[0.0,0.0,16.0,16.0],"texture":"#3"}}},{"from":[6.99875,9.31993,2.77827],"to":[8.99875,11.81993,5.27827],"rotation":{"origin":[7.99875,10.56993,4.02827],"axis":"x","angle":0.0},"faces":{"north":{"uv":[6.25,3.75,6.875,3.25],"texture":"#1","rotation":270},"east":{"uv":[6.625,1.25,6.0,1.875],"texture":"#1","rotation":90},"south":{"uv":[6.25,4.0,6.875,4.5],"texture":"#1","rotation":270},"west":{"uv":[6.0,1.875,6.625,1.25],"texture":"#1","rotation":180},"up":{"uv":[6.75,2.25,6.25,2.875],"texture":"#1"},"down":{"uv":[6.75,0.0,6.25,0.625],"texture":"#1","rotation":180}}},{"from":[7.12375,9.46993,2.92827],"to":[8.87375,11.66993,5.12827],"rotation":{"origin":[7.99875,10.56993,4.02827],"axis":"x","angle":45.0},"faces":{"north":{"uv":[7.0,7.4375,7.5,7.0],"texture":"#1","rotation":270},"east":{"uv":[7.5,1.25,7.0,1.75],"texture":"#1","rotation":90},"south":{"uv":[7.25,2.75,7.75,3.1875],"texture":"#1","rotation":270},"west":{"uv":[7.5,1.25,7.0,1.75],"texture":"#1","rotation":270},"up":{"uv":[7.4375,6.25,7.0,6.75],"texture":"#1"},"down":{"uv":[7.4375,2.0,7.0,2.5],"texture":"#1","rotation":180}}},{"from":[5.46375,12.14493,6.575],"to":[6.88875,14.99493,9.425],"rotation":{"origin":[5.74875,13.56993,8.0],"axis":"x","angle":-45.0},"faces":{"north":{"uv":[6.75,0.0,6.25,0.625],"texture":"#1"},"east":{"uv":[6.625,1.25,6.0,1.875],"texture":"#1"},"south":{"uv":[6.75,2.25,6.25,2.875],"texture":"#1"},"west":{"uv":[6.0,1.875,6.625,1.25],"texture":"#1","rotation":270},"up":{"uv":[6.25,3.75,6.875,3.25],"texture":"#1","rotation":90},"down":{"uv":[6.25,4.0,6.875,4.5],"texture":"#1","rotation":270}}},{"from":[5.60625,12.31593,6.746],"to":[6.74625,14.82393,9.254],"rotation":{"origin":[5.74875,13.56993,8.0],"axis":"x","angle":0.0},"faces":{"north":{"uv":[7.4375,2.0,7.0,2.5],"texture":"#1"},"east":{"uv":[7.5,1.25,7.0,1.75],"texture":"#1"},"south":{"uv":[7.4375,6.25,7.0,6.75],"texture":"#1"},"west":{"uv":[7.5,1.25,7.0,1.75],"texture":"#1"},"up":{"uv":[7.0,7.4375,7.5,7.0],"texture":"#1","rotation":90},"down":{"uv":[7.25,2.75,7.75,3.1875],"texture":"#1","rotation":270}}},{"from":[7.14875,10.23774,11.63955],"to":[8.84875,14.23774,15.63955],"rotation":{"origin":[8.0,12.0,13.9914],"axis":"x","angle":0.0},"faces":{"north":{"uv":[5.9375,4.75,5.5,3.75],"texture":"#1","rotation":180},"east":{"uv":[6.0,1.0,5.0,0.0],"texture":"#1","rotation":180},"south":{"uv":[5.9375,3.5,5.5,2.5],"texture":"#1","rotation":180},"west":{"uv":[6.0,1.0,5.0,0.0],"texture":"#1","rotation":270},"up":{"uv":[6.5,5.4375,5.5,5.0],"texture":"#1","rotation":90},"down":{"uv":[6.5,5.75,5.5,6.1875],"texture":"#1","rotation":270}}},{"from":[7.61875,7.3115,13.06161],"to":[8.37875,8.8115,14.06161],"rotation":{"origin":[8.0,12.0,13.9914],"axis":"x","angle":22.5},"faces":{"north":{"uv":[1.4375,9.625,1.25,9.25],"texture":"#1","rotation":180},"east":{"uv":[5.5,8.75,5.75,9.125],"texture":"#1"},"south":{"uv":[0.9375,9.625,0.75,9.25],"texture":"#1","rotation":180},"west":{"uv":[7.25,8.75,7.5,9.125],"texture":"#1"},"up":{"uv":[5.5,9.6875,5.25,9.5],"texture":"#1","rotation":90},"down":{"uv":[9.75,5.25,9.5,5.4375],"texture":"#1","rotation":270}}},{"from":[7.62375,7.99115,9.76616],"to":[8.37375,9.49115,10.76616],"rotation":{"origin":[8.0,12.0,13.9914],"axis":"x","angle":-22.5},"faces":{"north":{"uv":[1.9375,9.625,1.75,9.25],"texture":"#1","rotation":180},"east":{"uv":[7.75,8.75,8.0,9.125],"texture":"#1"},"south":{"uv":[9.4375,1.625,9.25,1.25],"texture":"#1","rotation":180},"west":{"uv":[8.75,8.0,9.0,8.375],"texture":"#1"},"up":{"uv":[6.0,9.6875,5.75,9.5],"texture":"#1","rotation":90},"down":{"uv":[9.75,5.75,9.5,5.9375],"texture":"#1","rotation":270}}},{"from":[7.61875,6.17473,13.83549],"to":[8.37875,6.88473,14.54549],"rotation":{"origin":[8.0,12.0,13.9914],"axis":"x","angle":22.5},"faces":{"north":{"uv":[9.9375,1.4375,9.75,1.25],"texture":"#1","rotation":180},"east":{"uv":[8.75,9.5,8.9375,9.6875],"texture":"#1"},"south":{"uv":[0.1875,9.9375,0.0,9.75],"texture":"#1","rotation":180},"west":{"uv":[9.75,0.0,9.9375,0.1875],"texture":"#1"},"up":{"uv":[2.4375,9.9375,2.25,9.75],"texture":"#1","rotation":90},"down":{"uv":[9.9375,2.5,9.75,2.6875],"texture":"#1","rotation":270}}},{"from":[7.49875,8.14447,11.66759],"to":[8.49875,10.14447,13.66759],"rotation":{"origin":[8.0,12.0,13.9914],"axis":"x","angle":0.0},"faces":{"north":{"uv":[8.75,1.25,8.5,0.75],"texture":"#1","rotation":180},"east":{"uv":[7.25,5.25,6.75,4.75],"texture":"#1","rotation":180},"south":{"uv":[8.5,5.25,8.25,4.75],"texture":"#1","rotation":180},"west":{"uv":[7.25,6.0,6.75,5.5],"texture":"#1","rotation":180},"up":{"uv":[9.0,1.75,8.5,1.5],"texture":"#1","rotation":90},"down":{"uv":[9.0,2.0,8.5,2.25],"texture":"#1","rotation":270}}},{"from":[7.49875,12.44596,15.25285],"to":[8.49875,14.44596,17.25285],"rotation":{"origin":[8.0,12.0,13.9914],"axis":"x","angle":-22.5},"faces":{"north":{"uv":[8.5,1.25,8.75,0.75],"texture":"#1"},"east":{"uv":[7.25,4.75,6.75,5.25],"texture":"#1","rotation":180},"south":{"uv":[8.25,5.25,8.5,4.75],"texture":"#1"},"west":{"uv":[7.25,5.5,6.75,6.0],"texture":"#1","rotation":180},"up":{"uv":[8.5,2.0,9.0,2.25],"texture":"#1","rotation":270},"down":{"uv":[8.5,1.75,9.0,1.5],"texture":"#1","rotation":90}}},{"from":[7.61875,14.09545,12.95453],"to":[8.37875,15.09545,14.45453],"rotation":{"origin":[8.0,12.0,13.9914],"axis":"x","angle":22.5},"faces":{"north":{"uv":[9.5,5.25,9.75,5.4375],"texture":"#1","rotation":90},"east":{"uv":[5.75,8.75,5.5,9.125],"texture":"#1","rotation":270},"south":{"uv":[5.25,9.6875,5.5,9.5],"texture":"#1","rotation":90},"west":{"uv":[7.5,8.75,7.25,9.125],"texture":"#1","rotation":90},"up":{"uv":[0.75,9.625,0.9375,9.25],"texture":"#1"},"down":{"uv":[1.25,9.625,1.4375,9.25],"texture":"#1","rotation":180}}},{"from":[7.62375,14.06593,14.48742],"to":[8.37375,15.56593,15.48742],"rotation":{"origin":[8.0,12.0,13.9914],"axis":"x","angle":-22.5},"faces":{"north":{"uv":[1.75,9.625,1.9375,9.25],"texture":"#1"},"east":{"uv":[8.0,8.75,7.75,9.125],"texture":"#1","rotation":180},"south":{"uv":[9.25,1.625,9.4375,1.25],"texture":"#1"},"west":{"uv":[9.0,8.0,8.75,8.375],"texture":"#1","rotation":180},"up":{"uv":[9.5,5.75,9.75,5.9375],"texture":"#1","rotation":270},"down":{"uv":[5.75,9.6875,6.0,9.5],"texture":"#1","rotation":90}}},{"from":[7.61875,14.86933,11.81776],"to":[8.37875,15.57933,12.52776],"rotation":{"origin":[8.0,12.0,13.9914],"axis":"x","angle":22.5},"faces":{"north":{"uv":[9.75,2.5,9.9375,2.6875],"texture":"#1","rotation":90},"east":{"uv":[8.9375,9.5,8.75,9.6875],"texture":"#1","rotation":270},"south":{"uv":[2.25,9.9375,2.4375,9.75],"texture":"#1","rotation":90},"west":{"uv":[9.9375,0.0,9.75,0.1875],"texture":"#1","rotation":90},"up":{"uv":[0.0,9.9375,0.1875,9.75],"texture":"#1"},"down":{"uv":[9.75,1.4375,9.9375,1.25],"texture":"#1","rotation":180}}},{"from":[6.82375,8.74552,10.14732],"to":[9.17375,10.74552,12.14732],"rotation":{"origin":[8.0,12.0,13.9914],"axis":"x","angle":0.0},"faces":{"north":{"uv":[8.75,3.0,8.9375,2.5],"texture":"#1"},"east":{"uv":[5.5,7.0,6.0,6.5],"texture":"#1"},"south":{"uv":[6.75,9.0,6.9375,8.5],"texture":"#1"},"west":{"uv":[6.25,7.0,6.75,6.5],"texture":"#1"},"up":{"uv":[8.75,4.75,9.25,4.9375],"texture":"#1","rotation":270},"down":{"uv":[8.75,3.4375,9.25,3.25],"texture":"#1","rotation":90}}},{"from":[7.79875,11.00159,12.20845],"to":[8.19875,19.00159,20.20845],"rotation":{"origin":[7.99875,15.00159,16.20845],"axis":"x","angle":0.0},"faces":{"east":{"uv":[0.0,0.0,16.0,16.0],"texture":"#3"},"west":{"uv":[0.0,16.0,16.0,0.0],"texture":"#3","rotation":180}}},{"from":[6.99875,9.31993,10.72173],"to":[8.99875,11.81993,13.22173],"rotation":{"origin":[8.0,12.0,13.9914],"axis":"x","angle":0.0},"faces":{"north":{"uv":[6.875,4.0,6.25,4.5],"texture":"#1","rotation":90},"east":{"uv":[6.625,1.875,6.0,1.25],"texture":"#1","rotation":90},"south":{"uv":[6.875,3.75,6.25,3.25],"texture":"#1","rotation":90},"west":{"uv":[6.625,1.875,6.0,1.25],"texture":"#1","rotation":180},"up":{"uv":[6.75,2.875,6.25,2.25],"texture":"#1"},"down":{"uv":[6.75,0.625,6.25,0.0],"texture":"#1","rotation":180}}},{"from":[7.12375,11.31691,10.45207],"to":[8.87375,13.51691,12.65207],"rotation":{"origin":[8.0,12.0,13.9914],"axis":"x","angle":-45.0},"faces":{"north":{"uv":[7.75,2.75,7.25,3.1875],"texture":"#1","rotation":90},"east":{"uv":[7.5,1.75,7.0,1.25],"texture":"#1","rotation":90},"south":{"uv":[7.5,7.4375,7.0,7.0],"texture":"#1","rotation":90},"west":{"uv":[7.5,1.75,7.0,1.25],"texture":"#1","rotation":270},"up":{"uv":[7.4375,6.75,7.0,6.25],"texture":"#1"},"down":{"uv":[7.4375,2.5,7.0,2.0],"texture":"#1","rotation":180}}},{"from":[7.42375,2.73261,-0.5],"to":[8.57375,19.73261,16.5],"rotation":{"origin":[8.0,12.0,8.0],"axis":"x","angle":0.0},"faces":{"east":{"uv":[16.0,16.0,0.0,0.0],"texture":"#4","rotation":270},"west":{"uv":[0.0,16.0,16.0,0.0],"texture":"#4","rotation":90}}},{"from":[7.29875,2.73261,-0.5],"to":[8.69875,19.73261,16.5],"rotation":{"origin":[8.0,12.0,8.0],"axis":"x","angle":0.0},"faces":{"east":{"uv":[16.0,16.0,0.0,0.0],"texture":"#5","rotation":270},"west":{"uv":[0.0,16.0,16.0,0.0],"texture":"#5","rotation":90}}}],"textures":{"particle":"8213c431-7a5b-4161-bab9-af69852bb5b6","1":"5da544b7-4c16-474a-8435-179d649d81a6","3":"13f655a6-d352-4401-8b40-f0389582dbe8","4":"5fe7ee98-9d52-443f-af5a-59b9d65303d8","5":"e75ae453-0a91-4499-b967-c3e8711f133a"},"gui_light":"front"}