{"display":{"thirdperson_righthand":{"rotation":[70.5,0.0,0.0],"translation":[-5.25,1.75,1.25],"scale":[0.7,0.7,0.7]},"thirdperson_lefthand":{"rotation":[70.5,0.0,0.0],"translation":[-5.25,1.75,1.25],"scale":[0.7,0.7,0.7]},"firstperson_righthand":{"rotation":[6.5,0.0,0.0],"translation":[-9.0,0.0,3.25],"scale":[0.52,0.52,0.52]},"firstperson_lefthand":{"rotation":[6.5,0.0,0.0],"translation":[-9.0,0.0,3.25],"scale":[0.52,0.52,0.52]},"ground":{"translation":[0.0,5.0,0.0],"scale":[0.84,0.84,0.84]},"gui":{"rotation":[-164.5,30.25,-180.0],"translation":[0.0,0.25,0.0],"scale":[0.55,0.55,0.55]},"head":{"translation":[0.0,-25.75,0.0],"scale":[2.0,2.0,2.0]},"fixed":{"rotation":[-90.0,0.0,0.0],"translation":[0.0,0.0,-23.75],"scale":[3.2,3.2,3.2]}},"elements":[{"from":[12.7,4.37701,0.85],"to":[16.6,7.07701,4.75],"rotation":{"origin":[8.0,5.08664,13.96959],"axis":"y","angle":0.0},"faces":{"north":{"uv":[3.0,12.0,4.0,12.625],"texture":"#6"},"east":{"uv":[12.0,8.5,13.0,9.125],"texture":"#6"},"south":{"uv":[12.25,2.0,13.25,2.625],"texture":"#6"},"west":{"uv":[10.75,12.25,11.75,12.875],"texture":"#6"},"up":{"uv":[10.75,11.25,9.75,10.25],"texture":"#6"},"down":{"uv":[11.5,7.0,10.5,8.0],"texture":"#6"}}},{"from":[-0.6,4.37701,0.85],"to":[3.3,7.07701,4.75],"rotation":{"origin":[8.0,5.08664,13.96959],"axis":"y","angle":0.0},"faces":{"north":{"uv":[4.0,12.0,3.0,12.625],"texture":"#6"},"east":{"uv":[11.75,12.25,10.75,12.875],"texture":"#6"},"south":{"uv":[13.25,2.0,12.25,2.625],"texture":"#6"},"west":{"uv":[13.0,8.5,12.0,9.125],"texture":"#6"},"up":{"uv":[9.75,11.25,10.75,10.25],"texture":"#6"},"down":{"uv":[10.5,7.0,11.5,8.0],"texture":"#6"}}},{"from":[13.59697,10.46006,3.02028],"to":[16.19697,13.06006,5.62028],"rotation":{"origin":[8.5,5.33664,13.96959],"axis":"x","angle":-22.5},"faces":{"north":{"uv":[12.0,12.25,12.625,12.875],"texture":"#6"},"east":{"uv":[6.75,12.75,7.375,13.375],"texture":"#6"},"south":{"uv":[12.75,7.0,13.375,7.625],"texture":"#6"},"west":{"uv":[7.75,12.75,8.375,13.375],"texture":"#6"},"up":{"uv":[9.375,13.375,8.75,12.75],"texture":"#6"},"down":{"uv":[13.375,9.5,12.75,10.125],"texture":"#6"}}},{"from":[-0.19697,10.46006,3.02028],"to":[2.40303,13.06006,5.62028],"rotation":{"origin":[7.5,5.33664,13.96959],"axis":"x","angle":-22.5},"faces":{"north":{"uv":[12.625,12.25,12.0,12.875],"texture":"#6"},"east":{"uv":[8.375,12.75,7.75,13.375],"texture":"#6"},"south":{"uv":[13.375,7.0,12.75,7.625],"texture":"#6"},"west":{"uv":[7.375,12.75,6.75,13.375],"texture":"#6"},"up":{"uv":[8.75,13.375,9.375,12.75],"texture":"#6"},"down":{"uv":[12.75,9.5,13.375,10.125],"texture":"#6"}}},{"from":[-0.19697,10.46006,10.37972],"to":[2.40303,13.06006,12.97972],"rotation":{"origin":[7.5,5.33664,2.03041],"axis":"x","angle":22.5},"faces":{"north":{"uv":[12.75,7.0,13.375,7.625],"texture":"#6"},"east":{"uv":[7.75,12.75,8.375,13.375],"texture":"#6"},"south":{"uv":[12.0,12.25,12.625,12.875],"texture":"#6"},"west":{"uv":[6.75,12.75,7.375,13.375],"texture":"#6"},"up":{"uv":[8.75,12.75,9.375,13.375],"texture":"#6"},"down":{"uv":[12.75,10.125,13.375,9.5],"texture":"#6"}}},{"from":[13.59697,10.46006,10.37972],"to":[16.19697,13.06006,12.97972],"rotation":{"origin":[8.5,5.33664,2.03041],"axis":"x","angle":22.5},"faces":{"north":{"uv":[13.375,7.0,12.75,7.625],"texture":"#6"},"east":{"uv":[7.375,12.75,6.75,13.375],"texture":"#6"},"south":{"uv":[12.625,12.25,12.0,12.875],"texture":"#6"},"west":{"uv":[8.375,12.75,7.75,13.375],"texture":"#6"},"up":{"uv":[9.375,12.75,8.75,13.375],"texture":"#6"},"down":{"uv":[13.375,10.125,12.75,9.5],"texture":"#6"}}},{"from":[12.7,4.37701,11.25],"to":[16.6,7.07701,15.15],"rotation":{"origin":[8.0,5.08664,2.03041],"axis":"y","angle":0.0},"faces":{"north":{"uv":[13.25,2.0,12.25,2.625],"texture":"#6"},"east":{"uv":[13.0,8.5,12.0,9.125],"texture":"#6"},"south":{"uv":[4.0,12.0,3.0,12.625],"texture":"#6"},"west":{"uv":[11.75,12.25,10.75,12.875],"texture":"#6"},"up":{"uv":[10.75,10.25,9.75,11.25],"texture":"#6"},"down":{"uv":[11.5,8.0,10.5,7.0],"texture":"#6"}}},{"from":[-0.6,4.37701,11.25],"to":[3.3,7.07701,15.15],"rotation":{"origin":[8.0,5.08664,2.03041],"axis":"y","angle":0.0},"faces":{"north":{"uv":[12.25,2.0,13.25,2.625],"texture":"#6"},"east":{"uv":[10.75,12.25,11.75,12.875],"texture":"#6"},"south":{"uv":[3.0,12.0,4.0,12.625],"texture":"#6"},"west":{"uv":[12.0,8.5,13.0,9.125],"texture":"#6"},"up":{"uv":[9.75,10.25,10.75,11.25],"texture":"#6"},"down":{"uv":[10.5,8.0,11.5,7.0],"texture":"#6"}}},{"from":[1.565,9.9293,4.1649],"to":[14.435,14.8043,6.5049],"rotation":{"origin":[8.0,5.33664,13.96959],"axis":"x","angle":-22.5},"faces":{"north":{"uv":[3.5,7.5,6.75,8.75],"texture":"#6"},"east":{"uv":[11.75,7.0,12.375,8.25],"texture":"#6"},"south":{"uv":[7.0,7.5,10.25,8.75],"texture":"#6"},"west":{"uv":[2.0,12.0,2.625,13.25],"texture":"#6"},"up":{"uv":[5.75,9.625,2.5,9.0],"texture":"#6"},"down":{"uv":[9.25,9.0,6.0,9.625],"texture":"#6"}}},{"from":[1.565,9.9293,9.4951],"to":[14.435,14.8043,11.8351],"rotation":{"origin":[8.0,5.33664,2.03041],"axis":"x","angle":22.5},"faces":{"north":{"uv":[10.25,7.5,7.0,8.75],"texture":"#6"},"east":{"uv":[12.375,7.0,11.75,8.25],"texture":"#6"},"south":{"uv":[6.75,7.5,3.5,8.75],"texture":"#6"},"west":{"uv":[2.625,12.0,2.0,13.25],"texture":"#6"},"up":{"uv":[5.75,9.0,2.5,9.625],"texture":"#6"},"down":{"uv":[9.25,9.625,6.0,9.0],"texture":"#6"}}},{"from":[1.6,6.02701,3.45],"to":[14.4,11.22701,12.55],"rotation":{"origin":[8.0,5.33664,13.96959],"axis":"y","angle":0.0},"faces":{"north":{"uv":[7.75,0.0,11.0,1.25],"texture":"#6"},"east":{"uv":[7.75,5.5,10.0,6.75],"texture":"#6"},"south":{"uv":[7.75,1.5,11.0,2.75],"texture":"#6"},"west":{"uv":[0.0,8.5,2.25,9.75],"texture":"#6"},"up":{"uv":[7.5,2.25,4.25,0.0],"texture":"#6"},"down":{"uv":[7.5,2.5,4.25,4.75],"texture":"#6"}}},{"from":[6.7,13.01466,3.0063],"to":[9.3,15.61466,8.4663],"rotation":{"origin":[8.0,5.33664,13.96959],"axis":"x","angle":-22.5},"faces":{"north":{"uv":[13.0,0.0,13.625,0.625],"texture":"#6"},"east":{"uv":[11.25,3.75,12.625,4.375],"texture":"#6"},"south":{"uv":[1.0,13.0,1.625,13.625],"texture":"#6"},"west":{"uv":[11.0,11.25,12.375,11.875],"texture":"#6"},"up":{"uv":[10.375,12.875,9.75,11.5],"texture":"#6"},"down":{"uv":[5.625,11.75,5.0,13.125],"texture":"#6"}}},{"from":[6.7,10.46006,3.02028],"to":[9.3,13.06006,5.62028],"rotation":{"origin":[8.0,5.33664,13.96959],"axis":"x","angle":-22.5},"faces":{"north":{"uv":[13.0,1.0,13.625,1.625],"texture":"#6"},"east":{"uv":[3.0,13.0,3.625,13.625],"texture":"#6"},"south":{"uv":[13.0,3.0,13.625,3.625],"texture":"#6"},"west":{"uv":[4.0,13.0,4.625,13.625],"texture":"#6"},"up":{"uv":[13.625,4.625,13.0,4.0],"texture":"#6"},"down":{"uv":[13.625,11.5,13.0,12.125],"texture":"#6"}}},{"from":[6.7,13.01466,7.5337],"to":[9.3,15.61466,12.9937],"rotation":{"origin":[8.0,5.33664,2.03041],"axis":"x","angle":22.5},"faces":{"north":{"uv":[1.625,13.0,1.0,13.625],"texture":"#6"},"east":{"uv":[12.625,3.75,11.25,4.375],"texture":"#6"},"south":{"uv":[13.625,0.0,13.0,0.625],"texture":"#6"},"west":{"uv":[12.375,11.25,11.0,11.875],"texture":"#6"},"up":{"uv":[10.375,11.5,9.75,12.875],"texture":"#6"},"down":{"uv":[5.625,13.125,5.0,11.75],"texture":"#6"}}},{"from":[6.7,10.46006,10.37972],"to":[9.3,13.06006,12.97972],"rotation":{"origin":[8.0,5.33664,2.03041],"axis":"x","angle":22.5},"faces":{"north":{"uv":[13.625,3.0,13.0,3.625],"texture":"#6"},"east":{"uv":[3.625,13.0,3.0,13.625],"texture":"#6"},"south":{"uv":[13.625,1.0,13.0,1.625],"texture":"#6"},"west":{"uv":[4.625,13.0,4.0,13.625],"texture":"#6"},"up":{"uv":[13.625,4.0,13.0,4.625],"texture":"#6"},"down":{"uv":[13.625,12.125,13.0,11.5],"texture":"#6"}}},{"from":[6.7065,10.12627,4.95199],"to":[9.2935,12.72627,11.06199],"rotation":{"origin":[8.0,5.33664,13.96959],"axis":"y","angle":0.0},"faces":{"north":{"uv":[13.0,12.5,13.625,13.125],"texture":"#6"},"east":{"uv":[5.0,10.75,6.5,11.375],"texture":"#6"},"south":{"uv":[13.25,8.0,13.875,8.625],"texture":"#6"},"west":{"uv":[5.0,10.75,6.5,11.375],"texture":"#6"},"up":{"uv":[7.375,12.5,6.75,11.0],"texture":"#6"},"down":{"uv":[8.375,11.0,7.75,12.5],"texture":"#6"}}},{"from":[14.09697,13.01466,3.0063],"to":[16.69697,15.61466,8.4663],"rotation":{"origin":[15.39697,5.33664,13.96959],"axis":"x","angle":-22.5},"faces":{"north":{"uv":[13.0,0.0,13.625,0.625],"texture":"#6"},"east":{"uv":[11.25,3.75,12.625,4.375],"texture":"#6"},"south":{"uv":[1.0,13.0,1.625,13.625],"texture":"#6"},"west":{"uv":[11.0,11.25,12.375,11.875],"texture":"#6"},"up":{"uv":[10.375,12.875,9.75,11.5],"texture":"#6"},"down":{"uv":[5.625,11.75,5.0,13.125],"texture":"#6"}}},{"from":[14.10347,10.12627,4.95199],"to":[16.69047,12.72627,11.06199],"rotation":{"origin":[15.39697,5.33664,13.96959],"axis":"y","angle":0.0},"faces":{"north":{"uv":[13.0,12.5,13.625,13.125],"texture":"#6"},"east":{"uv":[5.0,10.75,6.5,11.375],"texture":"#6"},"south":{"uv":[13.25,8.0,13.875,8.625],"texture":"#6"},"west":{"uv":[5.0,10.75,6.5,11.375],"texture":"#6"},"up":{"uv":[7.375,12.5,6.75,11.0],"texture":"#6"},"down":{"uv":[8.375,11.0,7.75,12.5],"texture":"#6"}}},{"from":[14.09697,13.01466,7.5337],"to":[16.69697,15.61466,12.9937],"rotation":{"origin":[15.39697,5.33664,2.03041],"axis":"x","angle":22.5},"faces":{"north":{"uv":[1.625,13.0,1.0,13.625],"texture":"#6"},"east":{"uv":[12.625,3.75,11.25,4.375],"texture":"#6"},"south":{"uv":[13.625,0.0,13.0,0.625],"texture":"#6"},"west":{"uv":[12.375,11.25,11.0,11.875],"texture":"#6"},"up":{"uv":[10.375,11.5,9.75,12.875],"texture":"#6"},"down":{"uv":[5.625,13.125,5.0,11.75],"texture":"#6"}}},{"from":[-0.69697,13.01466,7.5337],"to":[1.90303,15.61466,12.9937],"rotation":{"origin":[0.60303,5.33664,2.03041],"axis":"x","angle":22.5},"faces":{"north":{"uv":[1.0,13.0,1.625,13.625],"texture":"#6"},"east":{"uv":[11.0,11.25,12.375,11.875],"texture":"#6"},"south":{"uv":[13.0,0.0,13.625,0.625],"texture":"#6"},"west":{"uv":[11.25,3.75,12.625,4.375],"texture":"#6"},"up":{"uv":[9.75,11.5,10.375,12.875],"texture":"#6"},"down":{"uv":[5.0,13.125,5.625,11.75],"texture":"#6"}}},{"from":[-0.69047,10.12627,4.95199],"to":[1.89653,12.72627,11.06199],"rotation":{"origin":[0.60303,5.33664,13.96959],"axis":"y","angle":0.0},"faces":{"north":{"uv":[13.625,12.5,13.0,13.125],"texture":"#6"},"east":{"uv":[6.5,10.75,5.0,11.375],"texture":"#6"},"south":{"uv":[13.875,8.0,13.25,8.625],"texture":"#6"},"west":{"uv":[6.5,10.75,5.0,11.375],"texture":"#6"},"up":{"uv":[6.75,12.5,7.375,11.0],"texture":"#6"},"down":{"uv":[7.75,11.0,8.375,12.5],"texture":"#6"}}},{"from":[-0.69697,13.01466,3.0063],"to":[1.90303,15.61466,8.4663],"rotation":{"origin":[0.60303,5.33664,13.96959],"axis":"x","angle":-22.5},"faces":{"north":{"uv":[13.625,0.0,13.0,0.625],"texture":"#6"},"east":{"uv":[12.375,11.25,11.0,11.875],"texture":"#6"},"south":{"uv":[1.625,13.0,1.0,13.625],"texture":"#6"},"west":{"uv":[12.625,3.75,11.25,4.375],"texture":"#6"},"up":{"uv":[9.75,12.875,10.375,11.5],"texture":"#6"},"down":{"uv":[5.0,11.75,5.625,13.125],"texture":"#6"}}},{"from":[1.5,2.42701,3.45],"to":[14.5,5.72701,12.55],"rotation":{"origin":[8.0,7.82664,7.93917],"axis":"y","angle":0.0},"faces":{"north":{"uv":[7.75,3.0,11.0,3.875],"texture":"#6"},"east":{"uv":[9.5,9.0,11.75,9.875],"texture":"#6"},"south":{"uv":[7.75,4.25,11.0,5.125],"texture":"#6"},"west":{"uv":[0.0,10.0,2.25,10.875],"texture":"#6"},"up":{"uv":[7.5,7.25,4.25,5.0],"texture":"#6"},"down":{"uv":[3.25,6.0,0.0,8.25],"texture":"#6"}}},{"from":[13.2,-0.07299,0.85],"to":[17.1,2.52701,4.75],"rotation":{"origin":[8.0,0.02664,7.93917],"axis":"y","angle":0.0},"faces":{"north":{"uv":[3.0,12.0,4.0,12.625],"texture":"#6"},"east":{"uv":[12.0,8.5,13.0,9.125],"texture":"#6"},"south":{"uv":[12.25,2.0,13.25,2.625],"texture":"#6"},"west":{"uv":[10.75,12.25,11.75,12.875],"texture":"#6"},"up":{"uv":[10.75,11.25,9.75,10.25],"texture":"#6"},"down":{"uv":[11.5,7.0,10.5,8.0],"texture":"#6"}}},{"from":[10.82285,-0.75671,1.66083],"to":[13.62285,1.84329,4.26083],"rotation":{"origin":[8.0,7.82664,7.45],"axis":"z","angle":22.5},"faces":{"north":{"uv":[11.75,13.25,12.375,13.875],"texture":"#6"},"east":{"uv":[2.0,13.5,2.625,14.125],"texture":"#6"},"south":{"uv":[13.5,2.0,14.125,2.625],"texture":"#6"},"west":{"uv":[5.0,13.5,5.625,14.125],"texture":"#6"},"up":{"uv":[13.375,14.125,12.75,13.5],"texture":"#6"},"down":{"uv":[6.625,13.75,6.0,14.375],"texture":"#6"}}},{"from":[12.8977,3.36502,1.66733],"to":[15.4977,5.87502,4.25433],"rotation":{"origin":[8.0,7.82664,7.45],"axis":"y","angle":0.0},"faces":{"north":{"uv":[13.75,6.25,14.375,6.875],"texture":"#6"},"east":{"uv":[7.0,13.75,7.625,14.375],"texture":"#6"},"south":{"uv":[8.0,13.75,8.625,14.375],"texture":"#6"},"west":{"uv":[13.75,9.0,14.375,9.625],"texture":"#6"},"up":{"uv":[14.375,10.625,13.75,10.0],"texture":"#6"},"down":{"uv":[14.375,13.5,13.75,14.125],"texture":"#6"}}},{"from":[0.5023,3.36502,1.66733],"to":[3.1023,5.87502,4.25433],"rotation":{"origin":[8.0,7.82664,7.45],"axis":"y","angle":0.0},"faces":{"north":{"uv":[14.375,6.25,13.75,6.875],"texture":"#6"},"east":{"uv":[14.375,9.0,13.75,9.625],"texture":"#6"},"south":{"uv":[8.625,13.75,8.0,14.375],"texture":"#6"},"west":{"uv":[7.625,13.75,7.0,14.375],"texture":"#6"},"up":{"uv":[13.75,10.625,14.375,10.0],"texture":"#6"},"down":{"uv":[13.75,13.5,14.375,14.125],"texture":"#6"}}},{"from":[2.37715,-0.75671,1.66083],"to":[5.17715,1.84329,4.26083],"rotation":{"origin":[8.0,7.82664,7.45],"axis":"z","angle":-22.5},"faces":{"north":{"uv":[12.375,13.25,11.75,13.875],"texture":"#6"},"east":{"uv":[5.625,13.5,5.0,14.125],"texture":"#6"},"south":{"uv":[14.125,2.0,13.5,2.625],"texture":"#6"},"west":{"uv":[2.625,13.5,2.0,14.125],"texture":"#6"},"up":{"uv":[12.75,14.125,13.375,13.5],"texture":"#6"},"down":{"uv":[6.0,13.75,6.625,14.375],"texture":"#6"}}},{"from":[-1.1,-0.07299,0.85],"to":[2.8,2.52701,4.75],"rotation":{"origin":[8.0,0.02664,7.93917],"axis":"y","angle":0.0},"faces":{"north":{"uv":[4.0,12.0,3.0,12.625],"texture":"#6"},"east":{"uv":[11.75,12.25,10.75,12.875],"texture":"#6"},"south":{"uv":[13.25,2.0,12.25,2.625],"texture":"#6"},"west":{"uv":[13.0,8.5,12.0,9.125],"texture":"#6"},"up":{"uv":[9.75,11.25,10.75,10.25],"texture":"#6"},"down":{"uv":[10.5,7.0,11.5,8.0],"texture":"#6"}}},{"from":[12.8977,3.36502,11.74567],"to":[15.4977,5.87502,14.33267],"rotation":{"origin":[8.0,7.82664,8.55],"axis":"y","angle":0.0},"faces":{"north":{"uv":[8.625,13.75,8.0,14.375],"texture":"#6"},"east":{"uv":[7.625,13.75,7.0,14.375],"texture":"#6"},"south":{"uv":[14.375,6.25,13.75,6.875],"texture":"#6"},"west":{"uv":[14.375,9.0,13.75,9.625],"texture":"#6"},"up":{"uv":[14.375,10.0,13.75,10.625],"texture":"#6"},"down":{"uv":[14.375,14.125,13.75,13.5],"texture":"#6"}}},{"from":[10.82285,-0.75671,11.73917],"to":[13.62285,1.84329,14.33917],"rotation":{"origin":[8.0,7.82664,8.55],"axis":"z","angle":22.5},"faces":{"north":{"uv":[14.125,2.0,13.5,2.625],"texture":"#6"},"east":{"uv":[2.625,13.5,2.0,14.125],"texture":"#6"},"south":{"uv":[12.375,13.25,11.75,13.875],"texture":"#6"},"west":{"uv":[5.625,13.5,5.0,14.125],"texture":"#6"},"up":{"uv":[13.375,13.5,12.75,14.125],"texture":"#6"},"down":{"uv":[6.625,14.375,6.0,13.75],"texture":"#6"}}},{"from":[13.2,-0.07299,11.25],"to":[17.1,2.52701,15.15],"rotation":{"origin":[8.0,0.02664,8.06083],"axis":"y","angle":0.0},"faces":{"north":{"uv":[13.25,2.0,12.25,2.625],"texture":"#6"},"east":{"uv":[13.0,8.5,12.0,9.125],"texture":"#6"},"south":{"uv":[4.0,12.0,3.0,12.625],"texture":"#6"},"west":{"uv":[11.75,12.25,10.75,12.875],"texture":"#6"},"up":{"uv":[10.75,10.25,9.75,11.25],"texture":"#6"},"down":{"uv":[11.5,8.0,10.5,7.0],"texture":"#6"}}},{"from":[-1.1,-0.07299,11.25],"to":[2.8,2.52701,15.15],"rotation":{"origin":[8.0,0.02664,8.06083],"axis":"y","angle":0.0},"faces":{"north":{"uv":[12.25,2.0,13.25,2.625],"texture":"#6"},"east":{"uv":[10.75,12.25,11.75,12.875],"texture":"#6"},"south":{"uv":[3.0,12.0,4.0,12.625],"texture":"#6"},"west":{"uv":[12.0,8.5,13.0,9.125],"texture":"#6"},"up":{"uv":[9.75,10.25,10.75,11.25],"texture":"#6"},"down":{"uv":[10.5,8.0,11.5,7.0],"texture":"#6"}}},{"from":[2.37715,-0.75671,11.73917],"to":[5.17715,1.84329,14.33917],"rotation":{"origin":[8.0,7.82664,8.55],"axis":"z","angle":-22.5},"faces":{"north":{"uv":[13.5,2.0,14.125,2.625],"texture":"#6"},"east":{"uv":[5.0,13.5,5.625,14.125],"texture":"#6"},"south":{"uv":[11.75,13.25,12.375,13.875],"texture":"#6"},"west":{"uv":[2.0,13.5,2.625,14.125],"texture":"#6"},"up":{"uv":[12.75,13.5,13.375,14.125],"texture":"#6"},"down":{"uv":[6.0,14.375,6.625,13.75],"texture":"#6"}}},{"from":[0.5023,3.36502,11.74567],"to":[3.1023,5.87502,14.33267],"rotation":{"origin":[8.0,7.82664,8.55],"axis":"y","angle":0.0},"faces":{"north":{"uv":[8.0,13.75,8.625,14.375],"texture":"#6"},"east":{"uv":[13.75,9.0,14.375,9.625],"texture":"#6"},"south":{"uv":[13.75,6.25,14.375,6.875],"texture":"#6"},"west":{"uv":[7.0,13.75,7.625,14.375],"texture":"#6"},"up":{"uv":[13.75,10.0,14.375,10.625],"texture":"#6"},"down":{"uv":[13.75,14.125,14.375,13.5],"texture":"#6"}}},{"from":[0.2,4.62701,2.475],"to":[15.8,6.17701,13.525],"rotation":{"origin":[8.0,4.72664,8.26417],"axis":"y","angle":0.0},"faces":{"north":{"uv":[2.5,10.0,6.375,10.375],"texture":"#6"},"east":{"uv":[10.25,6.25,13.0,6.625],"texture":"#6"},"south":{"uv":[10.25,5.5,14.125,5.875],"texture":"#6"},"west":{"uv":[6.75,10.25,9.5,10.625],"texture":"#6"},"up":{"uv":[3.875,2.75,0.0,0.0],"texture":"#6"},"down":{"uv":[3.875,3.0,0.0,5.75],"texture":"#6"}}},{"from":[0.2,0.87701,2.475],"to":[15.8,2.42701,13.525],"rotation":{"origin":[8.0,0.97664,8.26417],"axis":"y","angle":0.0},"faces":{"north":{"uv":[2.5,10.0,6.375,10.375],"texture":"#6"},"east":{"uv":[10.25,6.25,13.0,6.625],"texture":"#6"},"south":{"uv":[10.25,5.5,14.125,5.875],"texture":"#6"},"west":{"uv":[6.75,10.25,9.5,10.625],"texture":"#6"},"up":{"uv":[3.875,2.75,0.0,0.0],"texture":"#6"},"down":{"uv":[3.875,3.0,0.0,5.75],"texture":"#6"}}},{"from":[6.05331,3.67009,0.89875],"to":[10.05331,7.67009,2.59875],"rotation":{"origin":[8.0,5.61678,1.75],"axis":"z","angle":45.0},"faces":{"north":{"uv":[6.0,0.0,5.0,1.0],"texture":"#1","rotation":270},"east":{"uv":[5.9375,2.5,5.5,3.5],"texture":"#1"},"south":{"uv":[5.0,1.0,6.0,0.0],"texture":"#1","rotation":180},"west":{"uv":[5.9375,3.75,5.5,4.75],"texture":"#1"},"up":{"uv":[5.5,5.4375,6.5,5.0],"texture":"#1","rotation":180},"down":{"uv":[5.5,5.75,6.5,6.1875],"texture":"#1","rotation":180}}},{"from":[-7.88361,2.75884,10.5998],"to":[1.61639,12.00884,10.6098],"rotation":{"origin":[-2.13361,8.25884,10.6048],"axis":"y","angle":45.0},"faces":{"north":{"uv":[0.0,1.5,13.0,14.5],"texture":"#2"},"south":{"uv":[0.0,14.5,13.0,1.5],"texture":"#2","rotation":180}}},{"from":[14.38361,2.75884,10.5998],"to":[23.88361,12.00884,10.6098],"rotation":{"origin":[18.13361,8.25884,10.6048],"axis":"y","angle":-45.0},"faces":{"north":{"uv":[13.0,1.5,0.0,14.5],"texture":"#2"},"south":{"uv":[13.0,14.5,0.0,1.5],"texture":"#2","rotation":180}}},{"from":[9.00806,-0.10376,1.54875],"to":[17.00806,7.89624,1.94875],"rotation":{"origin":[8.0,5.36678,1.75],"axis":"z","angle":22.5},"faces":{"north":{"uv":[0.0,0.0,16.0,16.0],"texture":"#3","rotation":270},"south":{"uv":[0.0,16.0,16.0,0.0],"texture":"#3","rotation":270}}},{"from":[-1.00806,-0.10376,1.54875],"to":[6.99194,7.89624,1.94875],"rotation":{"origin":[8.0,5.36678,1.75],"axis":"z","angle":-22.5},"faces":{"north":{"uv":[0.0,16.0,16.0,0.0],"texture":"#3","rotation":270},"south":{"uv":[0.0,0.0,16.0,16.0],"texture":"#3","rotation":270}}},{"from":[6.74999,8.58353,-1.00125],"to":[9.24999,11.08353,0.99875],"rotation":{"origin":[8.0,9.83353,-0.00125],"axis":"z","angle":45.0},"faces":{"north":{"uv":[6.0,1.875,6.625,1.25],"texture":"#1","rotation":180},"east":{"uv":[6.25,3.75,6.875,3.25],"texture":"#1","rotation":270},"south":{"uv":[6.625,1.25,6.0,1.875],"texture":"#1","rotation":90},"west":{"uv":[6.25,4.0,6.875,4.5],"texture":"#1","rotation":270},"up":{"uv":[6.75,2.25,6.25,2.875],"texture":"#1","rotation":90},"down":{"uv":[6.75,0.0,6.25,0.625],"texture":"#1","rotation":90}}},{"from":[6.9,8.73353,-0.87625],"to":[9.1,10.93353,0.87375],"rotation":{"origin":[8.0,9.83353,-0.00125],"axis":"y","angle":0.0},"faces":{"north":{"uv":[7.5,1.25,7.0,1.75],"texture":"#1"},"east":{"uv":[7.4375,2.0,7.0,2.5],"texture":"#1"},"south":{"uv":[7.5,1.25,7.0,1.75],"texture":"#1"},"west":{"uv":[7.4375,6.25,7.0,6.75],"texture":"#1"},"up":{"uv":[7.0,7.4375,7.5,7.0],"texture":"#1","rotation":180},"down":{"uv":[7.25,2.75,7.75,3.1875],"texture":"#1","rotation":180}}},{"from":[7.5,-0.26739,8.175],"to":[24.5,16.73261,9.325],"rotation":{"origin":[16.0,8.23261,8.75],"axis":"z","angle":-22.5},"faces":{"north":{"uv":[16.0,0.0,0.0,16.0],"texture":"#4"},"south":{"uv":[0.0,0.0,16.0,16.0],"texture":"#4"}}},{"from":[-8.5,-0.26739,8.175],"to":[8.5,16.73261,9.325],"rotation":{"origin":[0.0,8.23261,8.75],"axis":"z","angle":22.5},"faces":{"north":{"uv":[0.0,0.0,16.0,16.0],"texture":"#4"},"south":{"uv":[16.0,0.0,0.0,16.0],"texture":"#4"}}},{"from":[-0.5,-2.26739,0.3],"to":[16.5,14.73261,1.7],"rotation":{"origin":[8.0,6.23261,1.0],"axis":"y","angle":0.0},"faces":{"north":{"uv":[0.0,16.0,16.0,0.0],"texture":"#5","rotation":180},"south":{"uv":[16.0,16.0,0.0,0.0],"texture":"#5","rotation":180}}}],"textures":{"particle":"8213c431-7a5b-4161-bab9-af69852bb5b6","1":"5da544b7-4c16-474a-8435-179d649d81a6","2":"5b688550-0f61-4da1-8af8-6a0da3ca5878","3":"13f655a6-d352-4401-8b40-f0389582dbe8","4":"5fe7ee98-9d52-443f-af5a-59b9d65303d8","5":"e75ae453-0a91-4499-b967-c3e8711f133a","6":"f60b1a8d-46db-4c7e-90b1-30561726cd85"},"gui_light":"front"}