{"display":{"thirdperson_righthand":{"rotation":[0.0,180.0,0.0],"translation":[3.5,7.25,1.25],"scale":[1.4,1.4,1.4]},"thirdperson_lefthand":{"translation":[3.5,7.25,1.25],"scale":[1.4,1.4,1.4]},"firstperson_righthand":{"rotation":[163.97,-66.79,162.64],"translation":[0.0,7.75,0.0]},"firstperson_lefthand":{"rotation":[9.72,78.0,-17.36],"translation":[0.25,7.75,0.0]},"ground":{"rotation":[0.0,0.0,-33.0],"translation":[3.5,7.25,0.0],"scale":[0.89,0.89,0.89]},"gui":{"rotation":[-90.0,90.0,90.0],"translation":[0.0,5.25,0.0],"scale":[0.89,0.89,0.89]},"head":{"scale":[0.01,0.01,0.01]},"fixed":{"rotation":[0.0,-90.0,0.0],"translation":[0.0,20.75,-2.75],"scale":[3.21,3.21,3.21]}},"elements":[{"from":[7.8,-1.32723,4.54489],"to":[8.45,3.43277,7.79489],"rotation":{"origin":[8.0,1.05277,6.16989],"axis":"x","angle":-22.5},"faces":{"east":{"uv":[3.25,0.0,4.4375,0.8125],"texture":"#0","rotation":270},"west":{"uv":[4.4375,0.0,3.25,0.8125],"texture":"#0","rotation":90}}},{"from":[7.8,-1.32723,8.20511],"to":[8.45,3.43277,11.45511],"rotation":{"origin":[8.0,1.05277,9.83011],"axis":"x","angle":22.5},"faces":{"east":{"uv":[3.25,0.8125,4.4375,0.0],"texture":"#0","rotation":270},"west":{"uv":[4.4375,0.8125,3.25,0.0],"texture":"#0","rotation":90}}},{"from":[8.05,-4.57723,3.94046],"to":[8.2,4.18277,8.19046],"rotation":{"origin":[8.125,-0.19723,6.06546],"axis":"y","angle":-22.5},"faces":{"east":{"uv":[10.0,8.6875,8.75,6.1875],"texture":"#0"},"west":{"uv":[8.75,8.6875,10.0,6.1875],"texture":"#0"}}},{"from":[8.05,-4.57723,7.80954],"to":[8.2,4.18277,12.05954],"rotation":{"origin":[8.125,-0.19723,9.93454],"axis":"y","angle":22.5},"faces":{"east":{"uv":[8.75,8.6875,10.0,6.1875],"texture":"#0"},"west":{"uv":[10.0,8.6875,8.75,6.1875],"texture":"#0"}}},{"from":[7.945,1.48338,8.04734],"to":[8.055,9.33338,15.05734],"rotation":{"origin":[8.0,4.43667,11.81954],"axis":"x","angle":0.0},"faces":{"east":{"uv":[0.0,16.0,16.0,0.0],"texture":"#2","rotation":90},"west":{"uv":[16.0,16.0,0.0,0.0],"texture":"#2","rotation":270}}},{"from":[7.94,1.71617,8.93326],"to":[8.06,9.56617,15.94326],"rotation":{"origin":[8.0,6.43667,11.81954],"axis":"x","angle":22.5},"faces":{"east":{"uv":[0.0,16.0,16.0,0.0],"texture":"#4","rotation":90},"west":{"uv":[16.0,16.0,0.0,0.0],"texture":"#4","rotation":270}}},{"from":[7.94,1.71617,0.05674],"to":[8.06,9.56617,7.06674],"rotation":{"origin":[8.0,6.43667,4.18046],"axis":"x","angle":-22.5},"faces":{"east":{"uv":[0.0,0.0,16.0,16.0],"texture":"#4","rotation":90},"west":{"uv":[16.0,0.0,0.0,16.0],"texture":"#4","rotation":270}}},{"from":[7.945,1.48338,0.94266],"to":[8.055,9.33338,7.95266],"rotation":{"origin":[8.0,4.43667,4.18046],"axis":"x","angle":0.0},"faces":{"east":{"uv":[0.0,0.0,16.0,16.0],"texture":"#2","rotation":90},"west":{"uv":[16.0,0.0,0.0,16.0],"texture":"#2","rotation":270}}},{"from":[7.9,1.1575,-0.7625],"to":[8.1,8.1675,7.0875],"rotation":{"origin":[8.0,4.6625,3.1625],"axis":"x","angle":-22.5},"faces":{"east":{"uv":[16.0,0.05,0.0,16.0],"texture":"#3"},"west":{"uv":[0.0,0.05,16.0,16.0],"texture":"#3"}}},{"from":[8.5,-5.8425,0.6625],"to":[8.85,1.1675,8.5125],"rotation":{"origin":[8.55,-2.3375,4.5875],"axis":"y","angle":-22.5},"faces":{"east":{"uv":[0.0,0.05,16.0,16.0],"texture":"#3","rotation":180},"west":{"uv":[16.0,0.05,0.0,16.0],"texture":"#3","rotation":180}}},{"from":[8.5,-5.8425,7.4875],"to":[8.85,1.1675,15.3375],"rotation":{"origin":[8.55,-2.3375,11.4125],"axis":"y","angle":22.5},"faces":{"east":{"uv":[16.0,0.05,0.0,16.0],"texture":"#3","rotation":180},"west":{"uv":[0.0,0.05,16.0,16.0],"texture":"#3","rotation":180}}},{"from":[7.9,1.1575,8.9125],"to":[8.1,8.1675,16.7625],"rotation":{"origin":[8.0,4.6625,12.8375],"axis":"x","angle":22.5},"faces":{"east":{"uv":[0.0,0.05,16.0,16.0],"texture":"#3"},"west":{"uv":[16.0,0.05,0.0,16.0],"texture":"#3"}}},{"from":[7.6,3.67253,7.73996],"to":[8.4,5.17253,9.23996],"rotation":{"origin":[8.0,4.9125,8.0],"axis":"x","angle":45.0},"faces":{"north":{"uv":[6.875,6.0,6.75,6.375],"texture":"#0"},"east":{"uv":[5.125,0.75,4.75,1.125],"texture":"#0"},"south":{"uv":[6.875,6.75,6.75,7.125],"texture":"#0"},"west":{"uv":[5.125,1.5,4.75,1.875],"texture":"#0"},"up":{"uv":[7.0,1.625,7.375,1.5],"texture":"#0","rotation":90},"down":{"uv":[7.0,2.0,7.375,2.125],"texture":"#0","rotation":270}}},{"from":[7.675,3.46959,7.25],"to":[8.325,4.96959,8.75],"rotation":{"origin":[8.0,4.9125,8.0],"axis":"x","angle":0.0},"faces":{"north":{"uv":[7.125,2.5,7.0,2.875],"texture":"#0"},"east":{"uv":[5.125,2.25,4.75,2.625],"texture":"#0"},"south":{"uv":[3.125,7.0,3.0,7.375],"texture":"#0"},"west":{"uv":[5.125,3.0,4.75,3.375],"texture":"#0"},"up":{"uv":[7.0,5.125,7.375,5.0],"texture":"#0","rotation":90},"down":{"uv":[7.0,5.5,7.375,5.625],"texture":"#0","rotation":270}}},{"from":[7.7,3.86644,8.06476],"to":[8.3,5.36644,8.71476],"rotation":{"origin":[8.0,4.9125,8.0],"axis":"x","angle":-22.5},"faces":{"north":{"uv":[6.125,7.0,6.0,7.375],"texture":"#0"},"east":{"uv":[5.4375,6.0,5.25,6.375],"texture":"#0"},"south":{"uv":[0.125,7.25,0.0,7.625],"texture":"#0"},"west":{"uv":[5.9375,6.0,5.75,6.375],"texture":"#0"},"up":{"uv":[8.0,7.125,8.1875,7.0],"texture":"#0","rotation":90},"down":{"uv":[7.25,8.0,7.4375,8.125],"texture":"#0","rotation":270}}},{"from":[7.7,3.86644,7.28524],"to":[8.3,5.36644,7.93524],"rotation":{"origin":[8.0,4.9125,8.0],"axis":"x","angle":22.5},"faces":{"north":{"uv":[7.375,0.0,7.25,0.375],"texture":"#0"},"east":{"uv":[6.4375,0.0,6.25,0.375],"texture":"#0"},"south":{"uv":[0.625,7.25,0.5,7.625],"texture":"#0"},"west":{"uv":[6.4375,0.75,6.25,1.125],"texture":"#0"},"up":{"uv":[8.0,7.625,8.1875,7.5],"texture":"#0","rotation":90},"down":{"uv":[7.75,8.0,7.9375,8.125],"texture":"#0","rotation":270}}},{"from":[7.695,5.06246,7.17004],"to":[8.305,5.74246,7.85004],"rotation":{"origin":[8.0,4.9125,8.0],"axis":"x","angle":45.0},"faces":{"north":{"uv":[8.375,0.0,8.25,0.1875],"texture":"#0"},"east":{"uv":[7.9375,0.5,7.75,0.6875],"texture":"#0"},"south":{"uv":[8.375,0.5,8.25,0.6875],"texture":"#0"},"west":{"uv":[1.1875,7.75,1.0,7.9375],"texture":"#0"},"up":{"uv":[1.0,8.375,1.1875,8.25],"texture":"#0","rotation":90},"down":{"uv":[8.25,1.0,8.4375,1.125],"texture":"#0","rotation":270}}},{"from":[7.64,4.53178,6.32635],"to":[8.36,5.58178,7.37635],"rotation":{"origin":[8.0,5.39975,6.50838],"axis":"x","angle":45.0},"faces":{"north":{"uv":[5.125,7.75,5.0,8.0],"texture":"#0"},"east":{"uv":[1.25,6.75,1.0,7.0],"texture":"#0"},"south":{"uv":[7.875,5.0,7.75,5.25],"texture":"#0"},"west":{"uv":[7.0,1.0,6.75,1.25],"texture":"#0"},"up":{"uv":[5.5,7.875,5.75,7.75],"texture":"#0","rotation":90},"down":{"uv":[7.75,5.5,8.0,5.625],"texture":"#0","rotation":270}}},{"from":[7.6715,5.50473,5.92741],"to":[8.3285,5.98073,6.40341],"rotation":{"origin":[8.0,5.39975,6.50838],"axis":"x","angle":45.0},"faces":{"north":{"uv":[5.3125,8.25,5.25,8.375],"texture":"#0"},"east":{"uv":[2.875,8.25,2.75,8.375],"texture":"#0"},"south":{"uv":[8.3125,5.5,8.25,5.625],"texture":"#0"},"west":{"uv":[3.375,8.25,3.25,8.375],"texture":"#0"},"up":{"uv":[5.75,8.3125,5.875,8.25],"texture":"#0","rotation":90},"down":{"uv":[8.25,8.0,8.375,8.0625],"texture":"#0","rotation":270}}},{"from":[7.675,4.66751,6.55371],"to":[8.325,5.71751,7.00871],"rotation":{"origin":[8.0,5.39975,6.50838],"axis":"x","angle":-22.5},"faces":{"north":{"uv":[3.75,8.5,3.8125,8.25],"texture":"#0","rotation":180},"east":{"uv":[6.0,8.0,6.125,7.75],"texture":"#0","rotation":180},"south":{"uv":[4.25,8.5,4.3125,8.25],"texture":"#0","rotation":180},"west":{"uv":[0.0,8.25,0.125,8.0],"texture":"#0","rotation":180},"up":{"uv":[0.125,8.5,0.0,8.5625],"texture":"#0","rotation":270},"down":{"uv":[0.625,8.5625,0.5,8.5],"texture":"#0","rotation":90}}},{"from":[7.675,4.66752,6.00805],"to":[8.325,5.71752,6.46305],"rotation":{"origin":[8.0,5.39975,6.50838],"axis":"x","angle":22.5},"faces":{"north":{"uv":[4.75,8.5,4.8125,8.25],"texture":"#0","rotation":180},"east":{"uv":[0.5,8.25,0.625,8.0],"texture":"#0","rotation":180},"south":{"uv":[8.25,5.25,8.3125,5.0],"texture":"#0","rotation":180},"west":{"uv":[8.0,3.25,8.125,3.0],"texture":"#0","rotation":180},"up":{"uv":[8.625,2.75,8.5,2.8125],"texture":"#0","rotation":270},"down":{"uv":[8.625,3.3125,8.5,3.25],"texture":"#0","rotation":90}}},{"from":[7.6575,4.44154,6.03338],"to":[8.3425,5.39154,6.98338],"rotation":{"origin":[8.0,5.39975,6.50838],"axis":"x","angle":0.0},"faces":{"north":{"uv":[8.0,3.75,8.125,3.5],"texture":"#0","rotation":180},"east":{"uv":[1.5,7.0,1.75,6.75],"texture":"#0","rotation":180},"south":{"uv":[8.0,4.25,8.125,4.0],"texture":"#0","rotation":180},"west":{"uv":[2.0,7.0,2.25,6.75],"texture":"#0","rotation":180},"up":{"uv":[8.25,4.5,8.0,4.625],"texture":"#0","rotation":270},"down":{"uv":[8.25,6.125,8.0,6.0],"texture":"#0","rotation":90}}},{"from":[7.64,4.53178,8.62365],"to":[8.36,5.58178,9.67365],"rotation":{"origin":[8.0,5.39975,9.49162],"axis":"x","angle":-45.0},"faces":{"north":{"uv":[7.75,5.0,7.875,5.25],"texture":"#0"},"east":{"uv":[1.0,6.75,1.25,7.0],"texture":"#0"},"south":{"uv":[5.0,7.75,5.125,8.0],"texture":"#0"},"west":{"uv":[6.75,1.0,7.0,1.25],"texture":"#0"},"up":{"uv":[5.75,7.875,5.5,7.75],"texture":"#0","rotation":90},"down":{"uv":[8.0,5.5,7.75,5.625],"texture":"#0","rotation":270}}},{"from":[7.6575,4.44154,9.01662],"to":[8.3425,5.39154,9.96662],"rotation":{"origin":[8.0,5.39975,9.49162],"axis":"x","angle":0.0},"faces":{"north":{"uv":[8.125,4.25,8.0,4.0],"texture":"#0","rotation":180},"east":{"uv":[1.75,7.0,1.5,6.75],"texture":"#0","rotation":180},"south":{"uv":[8.125,3.75,8.0,3.5],"texture":"#0","rotation":180},"west":{"uv":[2.25,7.0,2.0,6.75],"texture":"#0","rotation":180},"up":{"uv":[8.0,4.5,8.25,4.625],"texture":"#0","rotation":270},"down":{"uv":[8.0,6.125,8.25,6.0],"texture":"#0","rotation":90}}},{"from":[7.675,4.66752,9.53695],"to":[8.325,5.71752,9.99195],"rotation":{"origin":[8.0,5.39975,9.49162],"axis":"x","angle":-22.5},"faces":{"north":{"uv":[8.3125,5.25,8.25,5.0],"texture":"#0","rotation":180},"east":{"uv":[0.625,8.25,0.5,8.0],"texture":"#0","rotation":180},"south":{"uv":[4.8125,8.5,4.75,8.25],"texture":"#0","rotation":180},"west":{"uv":[8.125,3.25,8.0,3.0],"texture":"#0","rotation":180},"up":{"uv":[8.5,2.75,8.625,2.8125],"texture":"#0","rotation":270},"down":{"uv":[8.5,3.3125,8.625,3.25],"texture":"#0","rotation":90}}},{"from":[7.675,4.66751,8.99129],"to":[8.325,5.71751,9.44629],"rotation":{"origin":[8.0,5.39975,9.49162],"axis":"x","angle":22.5},"faces":{"north":{"uv":[4.3125,8.5,4.25,8.25],"texture":"#0","rotation":180},"east":{"uv":[6.125,8.0,6.0,7.75],"texture":"#0","rotation":180},"south":{"uv":[3.8125,8.5,3.75,8.25],"texture":"#0","rotation":180},"west":{"uv":[0.125,8.25,0.0,8.0],"texture":"#0","rotation":180},"up":{"uv":[0.0,8.5,0.125,8.5625],"texture":"#0","rotation":270},"down":{"uv":[0.5,8.5625,0.625,8.5],"texture":"#0","rotation":90}}},{"from":[7.6715,5.50473,9.59659],"to":[8.3285,5.98073,10.07259],"rotation":{"origin":[8.0,5.39975,9.49162],"axis":"x","angle":-45.0},"faces":{"north":{"uv":[8.25,5.5,8.3125,5.625],"texture":"#0"},"east":{"uv":[2.75,8.25,2.875,8.375],"texture":"#0"},"south":{"uv":[5.25,8.25,5.3125,8.375],"texture":"#0"},"west":{"uv":[3.25,8.25,3.375,8.375],"texture":"#0"},"up":{"uv":[5.875,8.3125,5.75,8.25],"texture":"#0","rotation":90},"down":{"uv":[8.375,8.0,8.25,8.0625],"texture":"#0","rotation":270}}},{"from":[7.595,4.44855,4.81175],"to":[8.405,5.19855,5.61175],"rotation":{"origin":[8.0,4.2125,5.89634],"axis":"x","angle":22.5},"faces":{"north":{"uv":[7.5,4.0,7.6875,4.1875],"texture":"#0"},"east":{"uv":[2.5,7.25,2.6875,7.4375],"texture":"#0"},"south":{"uv":[7.5,3.0,7.6875,3.1875],"texture":"#0"},"west":{"uv":[7.5,3.5,7.6875,3.6875],"texture":"#0"},"up":{"uv":[6.6875,7.6875,6.5,7.5],"texture":"#0","rotation":90},"down":{"uv":[7.1875,7.5,7.0,7.6875],"texture":"#0","rotation":270}}},{"from":[7.6,4.14633,5.29634],"to":[8.4,5.14633,6.09634],"rotation":{"origin":[8.0,4.2125,5.89634],"axis":"x","angle":-22.5},"faces":{"north":{"uv":[5.5,6.75,5.6875,7.0],"texture":"#0"},"east":{"uv":[2.5,6.75,2.6875,7.0],"texture":"#0"},"south":{"uv":[6.75,4.5,6.9375,4.75],"texture":"#0"},"west":{"uv":[5.0,6.75,5.1875,7.0],"texture":"#0"},"up":{"uv":[7.6875,7.6875,7.5,7.5],"texture":"#0","rotation":90},"down":{"uv":[7.9375,0.0,7.75,0.1875],"texture":"#0","rotation":270}}},{"from":[7.5,3.45867,5.18296],"to":[8.5,4.45867,6.18296],"rotation":{"origin":[8.0,4.2125,5.89634],"axis":"x","angle":-45.0},"faces":{"north":{"uv":[6.25,6.0,6.5,6.25],"texture":"#0"},"east":{"uv":[6.25,3.5,6.5,3.75],"texture":"#0"},"south":{"uv":[6.25,4.0,6.5,4.25],"texture":"#0"},"west":{"uv":[6.25,4.5,6.5,4.75],"texture":"#0"},"up":{"uv":[3.25,6.75,3.0,6.5],"texture":"#0","rotation":90},"down":{"uv":[6.75,5.0,6.5,5.25],"texture":"#0","rotation":270}}},{"from":[7.4,2.95609,5.93558],"to":[8.6,4.45609,7.43558],"rotation":{"origin":[8.0,4.2125,5.89634],"axis":"x","angle":22.5},"faces":{"north":{"uv":[5.875,2.5625,5.5,2.25],"texture":"#0","rotation":270},"east":{"uv":[2.25,4.5,2.625,4.875],"texture":"#0","rotation":90},"south":{"uv":[5.875,3.0,5.5,3.3125],"texture":"#0","rotation":270},"west":{"uv":[4.75,0.0,5.125,0.375],"texture":"#0","rotation":270},"up":{"uv":[5.5,0.75,5.8125,1.125],"texture":"#0"},"down":{"uv":[5.5,1.5,5.8125,1.875],"texture":"#0","rotation":180}}},{"from":[7.595,4.44855,10.38825],"to":[8.405,5.19855,11.18825],"rotation":{"origin":[8.0,4.2125,10.10366],"axis":"x","angle":-22.5},"faces":{"north":{"uv":[7.6875,3.0,7.5,3.1875],"texture":"#0"},"east":{"uv":[2.6875,7.25,2.5,7.4375],"texture":"#0"},"south":{"uv":[7.6875,4.0,7.5,4.1875],"texture":"#0"},"west":{"uv":[7.6875,3.5,7.5,3.6875],"texture":"#0"},"up":{"uv":[6.5,7.6875,6.6875,7.5],"texture":"#0","rotation":90},"down":{"uv":[7.0,7.5,7.1875,7.6875],"texture":"#0","rotation":270}}},{"from":[7.6,4.14633,9.90366],"to":[8.4,5.14633,10.70366],"rotation":{"origin":[8.0,4.2125,10.10366],"axis":"x","angle":22.5},"faces":{"north":{"uv":[6.9375,4.5,6.75,4.75],"texture":"#0"},"east":{"uv":[2.6875,6.75,2.5,7.0],"texture":"#0"},"south":{"uv":[5.6875,6.75,5.5,7.0],"texture":"#0"},"west":{"uv":[5.1875,6.75,5.0,7.0],"texture":"#0"},"up":{"uv":[7.5,7.6875,7.6875,7.5],"texture":"#0","rotation":90},"down":{"uv":[7.75,0.0,7.9375,0.1875],"texture":"#0","rotation":270}}},{"from":[7.5,3.45867,9.81704],"to":[8.5,4.45867,10.81704],"rotation":{"origin":[8.0,4.2125,10.10366],"axis":"x","angle":45.0},"faces":{"north":{"uv":[6.5,4.0,6.25,4.25],"texture":"#0"},"east":{"uv":[6.5,3.5,6.25,3.75],"texture":"#0"},"south":{"uv":[6.5,6.0,6.25,6.25],"texture":"#0"},"west":{"uv":[6.5,4.5,6.25,4.75],"texture":"#0"},"up":{"uv":[3.0,6.75,3.25,6.5],"texture":"#0","rotation":90},"down":{"uv":[6.5,5.0,6.75,5.25],"texture":"#0","rotation":270}}},{"from":[7.4,2.95609,8.56442],"to":[8.6,4.45609,10.06442],"rotation":{"origin":[8.0,4.2125,10.10366],"axis":"x","angle":-22.5},"faces":{"north":{"uv":[5.875,3.3125,5.5,3.0],"texture":"#0","rotation":270},"east":{"uv":[2.25,4.875,2.625,4.5],"texture":"#0","rotation":90},"south":{"uv":[5.875,2.25,5.5,2.5625],"texture":"#0","rotation":270},"west":{"uv":[4.75,0.375,5.125,0.0],"texture":"#0","rotation":270},"up":{"uv":[5.5,1.125,5.8125,0.75],"texture":"#0"},"down":{"uv":[5.5,1.875,5.8125,1.5],"texture":"#0","rotation":180}}},{"from":[7.1,-4.87007,6.18007],"to":[7.9,-3.37007,7.68007],"rotation":{"origin":[7.5,-5.32835,7.66604],"axis":"x","angle":45.0},"faces":{"north":{"uv":[6.75,7.125,6.875,6.75],"texture":"#0"},"east":{"uv":[4.75,1.125,5.125,0.75],"texture":"#0"},"south":{"uv":[6.75,6.375,6.875,6.0],"texture":"#0"},"west":{"uv":[4.75,1.875,5.125,1.5],"texture":"#0"},"up":{"uv":[7.0,2.0,7.375,2.125],"texture":"#0","rotation":270},"down":{"uv":[7.0,1.625,7.375,1.5],"texture":"#0","rotation":90}}},{"from":[7.175,-4.70356,7.25],"to":[7.825,-3.20356,8.75],"rotation":{"origin":[7.5,-5.32835,7.66604],"axis":"x","angle":0.0},"faces":{"north":{"uv":[3.0,7.375,3.125,7.0],"texture":"#0"},"east":{"uv":[4.75,2.625,5.125,2.25],"texture":"#0"},"south":{"uv":[7.0,2.875,7.125,2.5],"texture":"#0"},"west":{"uv":[4.75,3.375,5.125,3.0],"texture":"#0"},"up":{"uv":[7.0,5.5,7.375,5.625],"texture":"#0","rotation":270},"down":{"uv":[7.0,5.125,7.375,5.0],"texture":"#0","rotation":90}}},{"from":[7.2,-5.28011,7.52076],"to":[7.8,-3.78011,8.17076],"rotation":{"origin":[7.5,-5.32835,7.66604],"axis":"x","angle":-22.5},"faces":{"north":{"uv":[0.0,7.625,0.125,7.25],"texture":"#0"},"east":{"uv":[5.25,6.375,5.4375,6.0],"texture":"#0"},"south":{"uv":[6.0,7.375,6.125,7.0],"texture":"#0"},"west":{"uv":[5.75,6.375,5.9375,6.0],"texture":"#0"},"up":{"uv":[7.25,8.0,7.4375,8.125],"texture":"#0","rotation":270},"down":{"uv":[8.0,7.125,8.1875,7.0],"texture":"#0","rotation":90}}},{"from":[7.195,-5.44,7.56999],"to":[7.805,-4.76,8.24999],"rotation":{"origin":[7.5,-5.32835,7.66604],"axis":"x","angle":45.0},"faces":{"north":{"uv":[8.25,0.6875,8.375,0.5],"texture":"#0"},"east":{"uv":[7.75,0.6875,7.9375,0.5],"texture":"#0"},"south":{"uv":[8.25,0.1875,8.375,0.0],"texture":"#0"},"west":{"uv":[1.0,7.9375,1.1875,7.75],"texture":"#0"},"up":{"uv":[8.25,1.0,8.4375,1.125],"texture":"#0","rotation":270},"down":{"uv":[1.0,8.375,1.1875,8.25],"texture":"#0","rotation":90}}},{"from":[7.2,-5.02451,7.7784],"to":[7.8,-3.52451,8.4284],"rotation":{"origin":[7.5,-5.32835,7.66604],"axis":"x","angle":22.5},"faces":{"north":{"uv":[0.5,7.625,0.625,7.25],"texture":"#0"},"east":{"uv":[6.25,0.375,6.4375,0.0],"texture":"#0"},"south":{"uv":[7.25,0.375,7.375,0.0],"texture":"#0"},"west":{"uv":[6.25,1.125,6.4375,0.75],"texture":"#0"},"up":{"uv":[7.75,8.0,7.9375,8.125],"texture":"#0","rotation":270},"down":{"uv":[8.0,7.625,8.1875,7.5],"texture":"#0","rotation":90}}},{"from":[7.5,-3.85616,9.53354],"to":[8.0,-2.85616,10.53354],"rotation":{"origin":[7.75,-3.07835,9.84657],"axis":"x","angle":22.5},"faces":{"north":{"uv":[0.5,6.75,0.75,7.0],"texture":"#0","rotation":90},"east":{"uv":[6.75,5.75,6.5,5.5],"texture":"#0","rotation":270},"south":{"uv":[6.75,0.75,7.0,0.5],"texture":"#0","rotation":90},"west":{"uv":[0.25,7.0,0.0,6.75],"texture":"#0","rotation":90},"up":{"uv":[6.25,6.5,6.5,6.75],"texture":"#0"},"down":{"uv":[6.75,0.0,7.0,0.25],"texture":"#0","rotation":180}}},{"from":[7.6,-4.51346,9.82562],"to":[7.9,-3.51346,10.62562],"rotation":{"origin":[7.75,-3.07835,9.84657],"axis":"x","angle":45.0},"faces":{"north":{"uv":[1.5,7.25,1.75,7.4375],"texture":"#0","rotation":90},"east":{"uv":[7.5,0.9375,7.25,0.75],"texture":"#0","rotation":270},"south":{"uv":[2.0,7.4375,2.25,7.25],"texture":"#0","rotation":90},"west":{"uv":[1.25,7.4375,1.0,7.25],"texture":"#0","rotation":90},"up":{"uv":[4.0,7.75,4.1875,7.9375],"texture":"#0"},"down":{"uv":[4.5,7.75,4.6875,7.9375],"texture":"#0","rotation":180}}},{"from":[7.595,-4.644,8.63268],"to":[7.905,-3.844,9.38268],"rotation":{"origin":[7.75,-3.07835,9.84657],"axis":"y","angle":0.0},"faces":{"north":{"uv":[3.0,7.75,3.1875,7.9375],"texture":"#0","rotation":90},"east":{"uv":[7.9375,1.6875,7.75,1.5],"texture":"#0","rotation":270},"south":{"uv":[3.5,7.9375,3.6875,7.75],"texture":"#0","rotation":90},"west":{"uv":[7.9375,2.1875,7.75,2.0],"texture":"#0","rotation":90},"up":{"uv":[2.0,7.75,2.1875,7.9375],"texture":"#0"},"down":{"uv":[2.5,7.75,2.6875,7.9375],"texture":"#0","rotation":180}}},{"from":[7.5,-3.8415,5.71951],"to":[8.0,-2.8415,6.71951],"rotation":{"origin":[7.75,-3.70708,6.31682],"axis":"x","angle":-22.5},"faces":{"north":{"uv":[6.75,0.5,7.0,0.75],"texture":"#0","rotation":90},"east":{"uv":[6.75,5.5,6.5,5.75],"texture":"#0","rotation":270},"south":{"uv":[0.5,7.0,0.75,6.75],"texture":"#0","rotation":90},"west":{"uv":[0.25,6.75,0.0,7.0],"texture":"#0","rotation":90},"up":{"uv":[6.25,6.75,6.5,6.5],"texture":"#0"},"down":{"uv":[6.75,0.25,7.0,0.0],"texture":"#0","rotation":180}}},{"from":[7.6,-4.58208,5.86682],"to":[7.9,-3.58208,6.66682],"rotation":{"origin":[7.75,-3.70708,6.31682],"axis":"x","angle":-45.0},"faces":{"north":{"uv":[2.0,7.25,2.25,7.4375],"texture":"#0","rotation":90},"east":{"uv":[7.5,0.75,7.25,0.9375],"texture":"#0","rotation":270},"south":{"uv":[1.5,7.4375,1.75,7.25],"texture":"#0","rotation":90},"west":{"uv":[1.25,7.25,1.0,7.4375],"texture":"#0","rotation":90},"up":{"uv":[4.0,7.9375,4.1875,7.75],"texture":"#0"},"down":{"uv":[4.5,7.9375,4.6875,7.75],"texture":"#0","rotation":180}}},{"from":[7.595,-4.644,6.61732],"to":[7.905,-3.844,7.36732],"rotation":{"origin":[7.75,-3.07835,6.15343],"axis":"y","angle":0.0},"faces":{"north":{"uv":[3.5,7.75,3.6875,7.9375],"texture":"#0","rotation":90},"east":{"uv":[7.9375,1.5,7.75,1.6875],"texture":"#0","rotation":270},"south":{"uv":[3.0,7.9375,3.1875,7.75],"texture":"#0","rotation":90},"west":{"uv":[7.9375,2.0,7.75,2.1875],"texture":"#0","rotation":90},"up":{"uv":[2.0,7.9375,2.1875,7.75],"texture":"#0"},"down":{"uv":[2.5,7.9375,2.6875,7.75],"texture":"#0","rotation":180}}},{"from":[7.8,-3.0875,-0.9125],"to":[8.2,14.9125,17.0875],"rotation":{"origin":[8.0,6.0,8.0875],"axis":"x","angle":0.0},"faces":{"east":{"uv":[16.0,16.0,0.0,0.0],"texture":"#1","rotation":180},"west":{"uv":[0.0,16.0,16.0,0.0],"texture":"#1","rotation":180}}}],"textures":{"particle":"302dda46-b5eb-4ee3-9e42-889cc7709dec","0":"302dda46-b5eb-4ee3-9e42-889cc7709dec","1":"19cdb529-1fa1-47bd-bca4-60338cb52bc9","2":"90d91756-e687-4de6-9c9c-bcc0d4b3f412","3":"146ded6b-0f47-4ce1-93a4-b17df02108f8","4":"3e54ac80-28f9-4317-a70d-dff54eecfa5d"},"gui_light":"front"}