{"display":{"thirdperson_righthand":{"translation":[0.0,5.75,0.75],"scale":[0.77734,0.77734,0.77734]},"thirdperson_lefthand":{"translation":[0.0,5.75,0.75],"scale":[0.77734,0.77734,0.77734]},"firstperson_righthand":{"rotation":[-8.75,0.0,0.0],"translation":[5.0,4.75,-4.25],"scale":[0.74609,1.03711,1.03711]},"firstperson_lefthand":{"rotation":[-8.75,0.0,0.0],"translation":[5.0,4.75,-4.25],"scale":[0.74609,1.03711,1.03711]},"ground":{"rotation":[0.0,0.0,-80.0],"translation":[-0.25,-1.0,-0.25],"scale":[0.68164,0.68164,0.68164]},"gui":{"rotation":[90.0,50.25,-90.0],"translation":[0.0,-0.25,0.0],"scale":[0.58008,0.58008,0.58008]},"head":{"rotation":[-90.0,57.5,90.0],"translation":[-0.5,17.5,0.0],"scale":[0.89648,0.89648,0.89648]},"fixed":{"rotation":[0.0,90.0,0.0],"translation":[0.0,0.75,-2.0],"scale":[1.69141,1.69141,1.69141]}},"elements":[{"from":[7.75,-0.13316,5.74999],"to":[8.25,20.86684,10.24999],"rotation":{"origin":[8.0,8.0,8.0],"axis":"y","angle":0.0},"faces":{"north":{"uv":[4.5,3.0,4.625,8.25],"texture":"#2"},"east":{"uv":[0.0,0.0,1.125,5.25],"texture":"#2"},"south":{"uv":[4.25,3.0,4.375,8.25],"texture":"#2"},"west":{"uv":[1.25,0.0,2.375,5.25],"texture":"#2"},"up":{"uv":[9.375,2.125,8.25,2.0],"texture":"#2","rotation":90},"down":{"uv":[9.375,6.5,8.25,6.625],"texture":"#2","rotation":270}}},{"from":[7.601,2.60117,3.30831],"to":[8.399,6.60117,4.80831],"rotation":{"origin":[8.0,8.0,8.0],"axis":"x","angle":-22.5},"faces":{"north":{"uv":[5.5,7.5,5.75,8.5],"texture":"#2"},"east":{"uv":[5.25,6.5,5.625,7.5],"texture":"#2"},"south":{"uv":[1.5,5.75,1.75,6.75],"texture":"#2"},"west":{"uv":[0.0,6.75,0.375,7.75],"texture":"#2"},"up":{"uv":[8.875,1.25,8.5,1.0],"texture":"#2","rotation":90},"down":{"uv":[1.625,8.5,1.25,8.75],"texture":"#2","rotation":270}}},{"from":[7.6,3.69335,5.6716],"to":[8.4,8.69335,7.1716],"rotation":{"origin":[8.0,8.0,8.0],"axis":"x","angle":22.5},"faces":{"north":{"uv":[3.75,7.25,4.0,8.5],"texture":"#2"},"east":{"uv":[6.0,3.0,6.375,4.25],"texture":"#2"},"south":{"uv":[3.5,7.25,3.75,8.5],"texture":"#2"},"west":{"uv":[3.25,6.0,3.625,7.25],"texture":"#2"},"up":{"uv":[8.875,1.5,8.5,1.25],"texture":"#2","rotation":90},"down":{"uv":[8.875,1.5,8.5,1.75],"texture":"#2","rotation":270}}},{"from":[7.6,8.95759,5.99999],"to":[8.4,20.95759,7.49999],"rotation":{"origin":[8.0,8.0,8.0],"axis":"y","angle":0.0},"faces":{"north":{"uv":[3.75,3.0,4.0,6.0],"texture":"#2"},"east":{"uv":[2.5,0.0,2.875,3.0],"texture":"#2"},"south":{"uv":[3.5,3.0,3.75,6.0],"texture":"#2"},"west":{"uv":[3.0,0.0,3.375,3.0],"texture":"#2"},"up":{"uv":[2.125,8.75,1.75,8.5],"texture":"#2","rotation":90},"down":{"uv":[8.875,1.75,8.5,2.0],"texture":"#2","rotation":270}}},{"from":[7.601,15.74818,-2.57662],"to":[8.399,18.57318,-1.07662],"rotation":{"origin":[8.0,8.0,8.0],"axis":"x","angle":45.0},"faces":{"north":{"uv":[0.0,8.25,0.25,9.0],"texture":"#2"},"east":{"uv":[5.0,7.5,5.375,8.25],"texture":"#2"},"south":{"uv":[8.0,8.0,8.25,8.75],"texture":"#2"},"west":{"uv":[7.5,5.25,7.875,6.0],"texture":"#2"},"up":{"uv":[7.625,8.75,7.25,8.5],"texture":"#2","rotation":90},"down":{"uv":[8.875,7.25,8.5,7.5],"texture":"#2","rotation":270}}},{"from":[7.602,15.7482,17.07661],"to":[8.398,18.5732,18.57661],"rotation":{"origin":[8.0,8.0,8.0],"axis":"x","angle":-45.0},"faces":{"north":{"uv":[1.5,7.75,1.75,8.5],"texture":"#2"},"east":{"uv":[7.25,3.75,7.625,4.5],"texture":"#2"},"south":{"uv":[2.25,5.25,2.5,6.0],"texture":"#2"},"west":{"uv":[5.75,7.25,6.125,8.0],"texture":"#2"},"up":{"uv":[8.875,0.25,8.5,0.0],"texture":"#2","rotation":90},"down":{"uv":[8.875,0.25,8.5,0.5],"texture":"#2","rotation":270}}},{"from":[7.6,8.95759,8.49999],"to":[8.4,20.95759,9.99999],"rotation":{"origin":[8.0,8.0,8.0],"axis":"y","angle":0.0},"faces":{"north":{"uv":[4.0,3.0,4.25,6.0],"texture":"#2"},"east":{"uv":[2.5,3.0,2.875,6.0],"texture":"#2"},"south":{"uv":[4.0,0.0,4.25,3.0],"texture":"#2"},"west":{"uv":[3.0,3.0,3.375,6.0],"texture":"#2"},"up":{"uv":[2.625,8.75,2.25,8.5],"texture":"#2","rotation":90},"down":{"uv":[8.875,2.25,8.5,2.5],"texture":"#2","rotation":270}}},{"from":[7.6,3.69336,8.82838],"to":[8.4,8.69336,10.32838],"rotation":{"origin":[8.0,8.0,8.0],"axis":"x","angle":-22.5},"faces":{"north":{"uv":[4.75,7.25,5.0,8.5],"texture":"#2"},"east":{"uv":[3.75,6.0,4.125,7.25],"texture":"#2"},"south":{"uv":[4.0,7.25,4.25,8.5],"texture":"#2"},"west":{"uv":[5.75,6.0,6.125,7.25],"texture":"#2"},"up":{"uv":[8.875,2.75,8.5,2.5],"texture":"#2","rotation":90},"down":{"uv":[3.125,8.5,2.75,8.75],"texture":"#2","rotation":270}}},{"from":[7.601,2.60116,11.19167],"to":[8.399,6.60116,12.69167],"rotation":{"origin":[8.0,8.0,8.0],"axis":"x","angle":22.5},"faces":{"north":{"uv":[7.5,7.5,7.75,8.5],"texture":"#2"},"east":{"uv":[1.5,6.75,1.875,7.75],"texture":"#2"},"south":{"uv":[7.25,7.5,7.5,8.5],"texture":"#2"},"west":{"uv":[6.25,6.75,6.625,7.75],"texture":"#2"},"up":{"uv":[8.875,3.0,8.5,2.75],"texture":"#2","rotation":90},"down":{"uv":[8.875,3.0,8.5,3.25],"texture":"#2","rotation":270}}},{"from":[7.5,1.92976,8.19523],"to":[8.5,4.79939,9.7006],"rotation":{"origin":[8.0,8.0,8.0],"axis":"x","angle":45.0},"faces":{"north":{"uv":[8.0,5.75,8.25,6.5],"texture":"#2"},"east":{"uv":[7.25,6.75,7.625,7.5],"texture":"#2"},"south":{"uv":[5.75,8.0,6.0,8.75],"texture":"#2"},"west":{"uv":[7.5,0.0,7.875,0.75],"texture":"#2"},"up":{"uv":[8.875,3.5,8.5,3.25],"texture":"#2","rotation":90},"down":{"uv":[3.875,8.5,3.5,8.75],"texture":"#2","rotation":270}}},{"from":[7.5,1.92977,6.29939],"to":[8.5,4.7994,7.80476],"rotation":{"origin":[8.0,8.0,8.0],"axis":"x","angle":-45.0},"faces":{"north":{"uv":[7.75,8.0,8.0,8.75],"texture":"#2"},"east":{"uv":[7.5,2.5,7.875,3.25],"texture":"#2"},"south":{"uv":[6.0,8.0,6.25,8.75],"texture":"#2"},"west":{"uv":[7.5,4.5,7.875,5.25],"texture":"#2"},"up":{"uv":[8.875,7.0,8.5,6.75],"texture":"#2","rotation":90},"down":{"uv":[8.875,7.0,8.5,7.25],"texture":"#2","rotation":270}}},{"from":[7.25,3.33879,5.2084],"to":[8.75,6.71379,6.7084],"rotation":{"origin":[8.0,8.0,8.0],"axis":"x","angle":-45.0},"faces":{"north":{"uv":[2.5,7.0,2.875,7.875],"texture":"#2"},"east":{"uv":[6.75,6.75,7.125,7.625],"texture":"#2"},"south":{"uv":[7.0,0.0,7.375,0.875],"texture":"#2"},"west":{"uv":[2.0,7.0,2.375,7.875],"texture":"#2"},"up":{"uv":[5.375,8.625,5.0,8.25],"texture":"#2","rotation":90},"down":{"uv":[8.625,5.0,8.25,5.375],"texture":"#2","rotation":270}}},{"from":[7.25,3.33877,9.28622],"to":[8.75,5.20839,10.79159],"rotation":{"origin":[8.0,8.0,8.0],"axis":"x","angle":45.0},"faces":{"north":{"uv":[2.75,8.0,3.125,8.5],"texture":"#2"},"east":{"uv":[1.75,8.0,2.125,8.5],"texture":"#2"},"south":{"uv":[2.25,8.0,2.625,8.5],"texture":"#2"},"west":{"uv":[8.0,2.25,8.375,2.75],"texture":"#2"},"up":{"uv":[4.625,8.625,4.25,8.25],"texture":"#2","rotation":90},"down":{"uv":[8.625,4.5,8.25,4.875],"texture":"#2","rotation":270}}},{"from":[7.25,-5.13316,6.99999],"to":[8.75,0.86684,8.99999],"rotation":{"origin":[8.0,8.0,8.0],"axis":"y","angle":0.0},"faces":{"north":{"uv":[0.0,5.25,0.375,6.75],"texture":"#2"},"east":{"uv":[3.5,0.0,4.0,1.5],"texture":"#2"},"south":{"uv":[4.75,5.0,5.125,6.5],"texture":"#2"},"west":{"uv":[3.5,1.5,4.0,3.0],"texture":"#2"},"up":{"uv":[8.25,2.125,7.75,1.75],"texture":"#2","rotation":90},"down":{"uv":[8.25,3.75,7.75,4.125],"texture":"#2","rotation":270}}},{"from":[6.75,0.86684,6.99999],"to":[9.25,4.86684,8.99999],"rotation":{"origin":[8.0,8.0,8.0],"axis":"z","angle":0.0},"faces":{"north":{"uv":[4.75,4.0,5.375,5.0],"texture":"#2"},"east":{"uv":[2.25,6.0,2.75,7.0],"texture":"#2"},"south":{"uv":[4.75,3.0,5.375,4.0],"texture":"#2"},"west":{"uv":[2.75,6.0,3.25,7.0],"texture":"#2"},"up":{"uv":[7.5,3.625,7.0,3.0],"texture":"#2","rotation":90},"down":{"uv":[1.0,7.25,0.5,7.875],"texture":"#2","rotation":270}}},{"from":[7.0,2.0425,3.00436],"to":[9.0,5.0425,6.50436],"rotation":{"origin":[8.0,8.0,8.0],"axis":"x","angle":-22.5},"faces":{"north":{"uv":[6.5,0.75,7.0,1.5],"texture":"#2"},"east":{"uv":[4.25,0.0,5.125,0.75],"texture":"#2"},"south":{"uv":[6.5,0.0,7.0,0.75],"texture":"#2"},"west":{"uv":[4.25,0.75,5.125,1.5],"texture":"#2"},"up":{"uv":[7.125,2.0,6.25,1.5],"texture":"#2","rotation":90},"down":{"uv":[7.125,2.0,6.25,2.5],"texture":"#2","rotation":270}}},{"from":[7.25,0.25496,4.18014],"to":[8.75,2.25496,8.68014],"rotation":{"origin":[8.0,8.0,8.0],"axis":"x","angle":22.5},"faces":{"north":{"uv":[7.75,6.5,8.125,7.0],"texture":"#2"},"east":{"uv":[5.25,0.0,6.375,0.5],"texture":"#2"},"south":{"uv":[6.25,7.75,6.625,8.25],"texture":"#2"},"west":{"uv":[0.5,5.25,1.625,5.75],"texture":"#2"},"up":{"uv":[7.375,5.125,6.25,4.75],"texture":"#2","rotation":90},"down":{"uv":[7.375,5.25,6.25,5.625],"texture":"#2","rotation":270}}},{"from":[7.249,2.30631,1.50701],"to":[8.751,4.15407,2.27238],"rotation":{"origin":[8.0,8.0,8.0],"axis":"z","angle":0.0},"faces":{"north":{"uv":[7.75,7.0,8.125,7.5],"texture":"#2"},"east":{"uv":[5.5,4.5,5.75,5.0],"texture":"#2"},"south":{"uv":[6.75,7.75,7.125,8.25],"texture":"#2"},"west":{"uv":[7.0,1.0,7.25,1.5],"texture":"#2"},"up":{"uv":[0.75,8.875,0.5,8.5],"texture":"#2","rotation":90},"down":{"uv":[8.75,0.5,8.5,0.875],"texture":"#2","rotation":270}}},{"from":[7.249,2.30631,13.72762],"to":[8.751,4.15407,14.49299],"rotation":{"origin":[8.0,8.0,8.0],"axis":"z","angle":0.0},"faces":{"north":{"uv":[8.0,0.0,8.375,0.5],"texture":"#2"},"east":{"uv":[7.0,3.75,7.25,4.25],"texture":"#2"},"south":{"uv":[7.75,7.5,8.125,8.0],"texture":"#2"},"west":{"uv":[7.25,2.5,7.5,3.0],"texture":"#2"},"up":{"uv":[1.0,8.875,0.75,8.5],"texture":"#2","rotation":90},"down":{"uv":[1.25,8.5,1.0,8.875],"texture":"#2","rotation":270}}},{"from":[7.0,0.00496,5.18014],"to":[9.0,2.50496,6.18014],"rotation":{"origin":[8.0,8.0,8.0],"axis":"x","angle":22.5},"faces":{"north":{"uv":[7.25,1.0,7.75,1.625],"texture":"#2"},"east":{"uv":[0.25,8.25,0.5,8.875],"texture":"#2"},"south":{"uv":[1.0,7.25,1.5,7.875],"texture":"#2"},"west":{"uv":[8.25,0.5,8.5,1.125],"texture":"#2"},"up":{"uv":[6.5,8.75,6.25,8.25],"texture":"#2","rotation":90},"down":{"uv":[6.75,8.25,6.5,8.75],"texture":"#2","rotation":270}}},{"from":[7.25,0.25497,7.31984],"to":[8.75,2.25497,11.81984],"rotation":{"origin":[8.0,8.0,8.0],"axis":"x","angle":-22.5},"faces":{"north":{"uv":[1.0,8.0,1.375,8.5],"texture":"#2"},"east":{"uv":[5.25,0.5,6.375,1.0],"texture":"#2"},"south":{"uv":[0.5,8.0,0.875,8.5],"texture":"#2"},"west":{"uv":[5.25,1.0,6.375,1.5],"texture":"#2"},"up":{"uv":[7.375,6.125,6.25,5.75],"texture":"#2","rotation":90},"down":{"uv":[7.375,6.25,6.25,6.625],"texture":"#2","rotation":270}}},{"from":[7.0,0.00497,9.81984],"to":[9.0,2.50497,10.81984],"rotation":{"origin":[8.0,8.0,8.0],"axis":"x","angle":-22.5},"faces":{"north":{"uv":[3.0,7.25,3.5,7.875],"texture":"#2"},"east":{"uv":[8.25,1.25,8.5,1.875],"texture":"#2"},"south":{"uv":[7.25,1.75,7.75,2.375],"texture":"#2"},"west":{"uv":[8.25,2.75,8.5,3.375],"texture":"#2"},"up":{"uv":[7.0,8.75,6.75,8.25],"texture":"#2","rotation":90},"down":{"uv":[8.5,6.75,8.25,7.25],"texture":"#2","rotation":270}}},{"from":[7.0,2.04249,9.49562],"to":[9.0,5.04249,12.99562],"rotation":{"origin":[8.0,8.0,8.0],"axis":"x","angle":22.5},"faces":{"north":{"uv":[4.75,6.5,5.25,7.25],"texture":"#2"},"east":{"uv":[4.25,1.5,5.125,2.25],"texture":"#2"},"south":{"uv":[6.5,3.0,7.0,3.75],"texture":"#2"},"west":{"uv":[4.25,2.25,5.125,3.0],"texture":"#2"},"up":{"uv":[7.125,3.0,6.25,2.5],"texture":"#2","rotation":90},"down":{"uv":[7.125,4.25,6.25,4.75],"texture":"#2","rotation":270}}},{"from":[7.0,-2.49364,-2.49366],"to":[9.0,-0.49364,-0.49366],"rotation":{"origin":[8.0,8.0,8.0],"axis":"x","angle":-45.0},"faces":{"north":{"uv":[0.0,7.75,0.5,8.25],"texture":"#2"},"east":{"uv":[6.5,3.75,7.0,4.25],"texture":"#2"},"south":{"uv":[7.5,3.25,8.0,3.75],"texture":"#2"},"west":{"uv":[7.5,6.0,8.0,6.5],"texture":"#2"},"up":{"uv":[8.25,1.25,7.75,0.75],"texture":"#2","rotation":90},"down":{"uv":[8.25,1.25,7.75,1.75],"texture":"#2","rotation":270}}}],"textures":{"particle":"71ce3e06-585c-4bc3-9d30-0a1a9c3d8455","2":"71ce3e06-585c-4bc3-9d30-0a1a9c3d8455"},"gui_light":"front"}