{"display":{"thirdperson_righthand":{"translation":[0.0,3.25,1.0]},"thirdperson_lefthand":{"translation":[0.0,3.25,1.0]},"firstperson_righthand":{"rotation":[-10.0,0.0,0.0],"translation":[0.0,2.5,0.0]},"firstperson_lefthand":{"rotation":[-10.0,0.0,0.0],"translation":[0.0,2.5,0.0]},"ground":{"rotation":[45.0,0.0,0.0],"translation":[0.0,10.75,0.0]},"gui":{"rotation":[-90.0,45.0,90.0],"translation":[2.25,-2.25,0.0],"scale":[0.67773,0.67773,0.67773]},"head":{"rotation":[-90.0,90.0,90.0]},"fixed":{"rotation":[-90.0,90.0,90.0],"translation":[0.0,-8.25,-1.25],"scale":[1.5,1.5,1.5]}},"elements":[{"from":[7.395,-1.105,7.395],"to":[8.605,0.105,8.605],"rotation":{"origin":[8.0,-0.5,8.0],"axis":"x","angle":-45.0},"faces":{"north":{"uv":[12.66667,12.66667,13.5,13.5],"texture":"#0"},"east":{"uv":[13.33333,0.0,14.16667,0.83333],"texture":"#0"},"south":{"uv":[13.33333,1.33333,14.16667,2.16667],"texture":"#0"},"west":{"uv":[13.33333,2.66667,14.16667,3.5],"texture":"#0"},"up":{"uv":[5.5,14.16667,4.66667,13.33333],"texture":"#0"},"down":{"uv":[14.16667,5.33333,13.33333,6.16667],"texture":"#0"}}},{"from":[7.195,-0.905,7.595],"to":[8.805,-0.095,8.405],"rotation":{"origin":[8.0,-0.5,8.0],"axis":"x","angle":-45.0},"faces":{"north":{"uv":[9.33333,13.33333,10.33333,13.83333],"texture":"#0"},"east":{"uv":[14.66667,9.33333,15.16667,9.83333],"texture":"#0"},"south":{"uv":[10.66667,13.33333,11.66667,13.83333],"texture":"#0"},"west":{"uv":[10.0,14.66667,10.5,15.16667],"texture":"#0"},"up":{"uv":[14.33333,11.83333,13.33333,11.33333],"texture":"#0"},"down":{"uv":[14.33333,12.0,13.33333,12.5],"texture":"#0"}}},{"from":[7.75,-1.25,6.525],"to":[8.25,-0.25,8.025],"rotation":{"origin":[8.0,-0.75,7.025],"axis":"x","angle":-22.5},"faces":{"east":{"uv":[8.0,13.33333,9.0,14.0],"texture":"#0"},"west":{"uv":[13.33333,8.0,14.33333,8.66667],"texture":"#0"},"up":{"uv":[7.0,15.66667,6.66667,14.66667],"texture":"#0"},"down":{"uv":[15.0,6.66667,14.66667,7.66667],"texture":"#0"}}},{"from":[7.5,-1.5,5.4],"to":[8.5,-0.5,7.4],"rotation":{"origin":[8.0,-1.0,6.4],"axis":"x","angle":22.5},"faces":{"north":{"uv":[10.0,6.0,10.66667,6.66667],"texture":"#0"},"east":{"uv":[11.33333,5.33333,12.66667,6.0],"texture":"#0"},"south":{"uv":[10.0,9.33333,10.66667,10.0],"texture":"#0"},"west":{"uv":[12.0,0.0,13.33333,0.66667],"texture":"#0"},"up":{"uv":[10.66667,12.66667,10.0,11.33333],"texture":"#0"},"down":{"uv":[12.66667,0.66667,12.0,2.0],"texture":"#0"}}},{"from":[7.5015,-1.5,4.93492],"to":[8.4985,-0.5,5.93492],"rotation":{"origin":[8.0015,-1.0,4.93492],"axis":"x","angle":-22.5},"faces":{"north":{"uv":[4.66667,14.66667,5.33333,15.33333],"texture":"#0"},"east":{"uv":[5.33333,14.66667,6.0,15.33333],"texture":"#0"},"west":{"uv":[14.66667,5.33333,15.33333,6.0],"texture":"#0"},"up":{"uv":[6.66667,15.33333,6.0,14.66667],"texture":"#0"},"down":{"uv":[15.33333,6.0,14.66667,6.66667],"texture":"#0"}}},{"from":[7.5,-0.25,7.5],"to":[8.5,0.75,8.5],"rotation":{"origin":[7.5,-0.25,7.5],"axis":"y","angle":0.0},"faces":{"north":{"uv":[12.0,13.33333,12.66667,14.0],"texture":"#0"},"east":{"uv":[6.0,14.0,6.66667,14.66667],"texture":"#0"},"south":{"uv":[8.0,14.0,8.66667,14.66667],"texture":"#0"},"west":{"uv":[8.66667,14.0,9.33333,14.66667],"texture":"#0"},"up":{"uv":[14.66667,9.33333,14.0,8.66667],"texture":"#0"},"down":{"uv":[10.0,14.0,9.33333,14.66667],"texture":"#0"}}},{"from":[7.5,3.55,7.5],"to":[8.5,5.55,8.5],"rotation":{"origin":[7.5,3.55,7.5],"axis":"y","angle":0.0},"faces":{"north":{"uv":[12.0,6.0,12.66667,7.33333],"texture":"#0"},"east":{"uv":[12.0,7.33333,12.66667,8.66667],"texture":"#0"},"south":{"uv":[12.0,8.66667,12.66667,10.0],"texture":"#0"},"west":{"uv":[12.0,10.0,12.66667,11.33333],"texture":"#0"},"down":{"uv":[14.66667,9.33333,14.0,10.0],"texture":"#0"}}},{"from":[7.6,0.75,7.6],"to":[8.4,3.55,8.4],"rotation":{"origin":[7.5,1.65,7.5],"axis":"y","angle":0.0},"faces":{"north":{"uv":[6.66667,11.33333,7.16667,13.16667],"texture":"#0"},"east":{"uv":[7.33333,11.33333,7.83333,13.16667],"texture":"#0"},"south":{"uv":[11.33333,7.33333,11.83333,9.16667],"texture":"#0"},"west":{"uv":[9.33333,11.33333,9.83333,13.16667],"texture":"#0"}}},{"from":[7.4,5.0,7.0],"to":[8.6,7.0,9.0],"rotation":{"origin":[8.0,6.0,8.0],"axis":"x","angle":45.0},"faces":{"north":{"uv":[10.0,8.0,10.83333,9.33333],"texture":"#0"},"east":{"uv":[6.66667,8.0,8.0,9.33333],"texture":"#0"},"south":{"uv":[9.33333,10.0,10.16667,11.33333],"texture":"#0"},"west":{"uv":[8.0,7.33333,9.33333,8.66667],"texture":"#0"},"up":{"uv":[11.5,1.33333,10.66667,0.0],"texture":"#0"},"down":{"uv":[11.5,1.33333,10.66667,2.66667],"texture":"#0"}}},{"from":[7.2,5.2,7.2],"to":[8.8,6.8,8.8],"rotation":{"origin":[8.0,6.0,8.0],"axis":"x","angle":45.0},"faces":{"north":{"uv":[10.66667,6.0,11.66667,7.0],"texture":"#0"},"east":{"uv":[10.66667,9.33333,11.66667,10.33333],"texture":"#0"},"south":{"uv":[10.66667,10.66667,11.66667,11.66667],"texture":"#0"},"west":{"uv":[11.33333,2.66667,12.33333,3.66667],"texture":"#0"},"up":{"uv":[12.33333,5.0,11.33333,4.0],"texture":"#0"},"down":{"uv":[5.66667,11.33333,4.66667,12.33333],"texture":"#0"}}},{"from":[7.0,5.25,6.25],"to":[9.0,8.25,7.25],"rotation":{"origin":[7.0,0.0,7.25],"axis":"y","angle":0.0},"faces":{"north":{"uv":[4.66667,7.33333,6.0,9.33333],"texture":"#0"},"east":{"uv":[9.33333,0.0,10.0,2.0],"texture":"#0"},"south":{"uv":[8.0,2.0,9.33333,4.0],"texture":"#0"},"west":{"uv":[9.33333,2.0,10.0,4.0],"texture":"#0"},"up":{"uv":[13.33333,2.66667,12.0,2.0],"texture":"#0"},"down":{"uv":[12.0,12.0,10.66667,12.66667],"texture":"#0"}}},{"from":[7.001,7.75,6.45711],"to":[8.999,8.75,7.45711],"rotation":{"origin":[8.001,8.25,6.95711],"axis":"x","angle":45.0},"faces":{"north":{"uv":[12.66667,4.0,14.0,4.66667],"texture":"#0"},"east":{"uv":[14.0,10.66667,14.66667,11.33333],"texture":"#0"},"south":{"uv":[4.66667,12.66667,6.0,13.33333],"texture":"#0"},"west":{"uv":[11.33333,14.0,12.0,14.66667],"texture":"#0"},"up":{"uv":[14.0,5.33333,12.66667,4.66667],"texture":"#0"}}},{"from":[7.001,4.75,6.04289],"to":[8.999,5.75,7.04289],"rotation":{"origin":[8.001,5.25,6.54289],"axis":"x","angle":45.0},"faces":{"north":{"uv":[10.0,12.66667,11.33333,13.33333],"texture":"#0"},"east":{"uv":[14.66667,0.0,15.33333,0.66667],"texture":"#0"},"south":{"uv":[12.66667,10.66667,14.0,11.33333],"texture":"#0"},"west":{"uv":[14.66667,0.66667,15.33333,1.33333],"texture":"#0"},"down":{"uv":[12.66667,12.66667,11.33333,13.33333],"texture":"#0"}}},{"from":[7.001,7.75,8.54289],"to":[8.999,8.75,9.54289],"rotation":{"origin":[8.001,8.25,9.04289],"axis":"x","angle":-45.0},"faces":{"north":{"uv":[6.0,12.66667,4.66667,13.33333],"texture":"#0"},"east":{"uv":[14.66667,10.66667,14.0,11.33333],"texture":"#0"},"south":{"uv":[14.0,4.0,12.66667,4.66667],"texture":"#0"},"west":{"uv":[12.0,14.0,11.33333,14.66667],"texture":"#0"},"up":{"uv":[14.0,4.66667,12.66667,5.33333],"texture":"#0"}}},{"from":[7.0,5.25,8.75],"to":[9.0,8.25,9.75],"rotation":{"origin":[7.0,0.0,8.75],"axis":"y","angle":0.0},"faces":{"north":{"uv":[9.33333,2.0,8.0,4.0],"texture":"#0"},"east":{"uv":[10.0,0.0,9.33333,2.0],"texture":"#0"},"south":{"uv":[6.0,7.33333,4.66667,9.33333],"texture":"#0"},"west":{"uv":[10.0,2.0,9.33333,4.0],"texture":"#0"},"up":{"uv":[13.33333,2.0,12.0,2.66667],"texture":"#0"},"down":{"uv":[12.0,12.66667,10.66667,12.0],"texture":"#0"}}},{"from":[7.001,4.75,8.95711],"to":[8.999,5.75,9.95711],"rotation":{"origin":[8.001,5.25,9.45711],"axis":"x","angle":-45.0},"faces":{"north":{"uv":[14.0,10.66667,12.66667,11.33333],"texture":"#0"},"east":{"uv":[15.33333,0.0,14.66667,0.66667],"texture":"#0"},"south":{"uv":[11.33333,12.66667,10.0,13.33333],"texture":"#0"},"west":{"uv":[15.33333,0.66667,14.66667,1.33333],"texture":"#0"},"down":{"uv":[12.66667,13.33333,11.33333,12.66667],"texture":"#0"}}},{"from":[7.5,6.0,6.5],"to":[8.5,9.0,9.5],"rotation":{"origin":[8.0,7.5,8.0],"axis":"x","angle":-45.0},"faces":{"north":{"uv":[6.66667,9.33333,7.33333,11.33333],"texture":"#0"},"east":{"uv":[4.66667,3.33333,6.66667,5.33333],"texture":"#0"},"south":{"uv":[7.33333,9.33333,8.0,11.33333],"texture":"#0"},"west":{"uv":[4.66667,5.33333,6.66667,7.33333],"texture":"#0"},"up":{"uv":[10.0,10.0,9.33333,8.0],"texture":"#0"},"down":{"uv":[10.66667,0.0,10.0,2.0],"texture":"#0"}}},{"from":[7.5,17.0,6.5],"to":[8.5,19.0,8.5],"rotation":{"origin":[8.0,18.5,8.0],"axis":"x","angle":-45.0},"faces":{"north":{"uv":[12.66667,5.33333,13.33333,6.66667],"texture":"#0"},"east":{"uv":[8.66667,4.0,10.0,5.33333],"texture":"#0"},"south":{"uv":[12.66667,6.66667,13.33333,8.0],"texture":"#0"},"west":{"uv":[8.66667,5.33333,10.0,6.66667],"texture":"#0"},"up":{"uv":[13.33333,9.33333,12.66667,8.0],"texture":"#0"},"down":{"uv":[13.33333,9.33333,12.66667,10.66667],"texture":"#0"}}},{"from":[7.7,25.1,6.6],"to":[8.3,26.4,7.9],"rotation":{"origin":[8.0,26.5,8.0],"axis":"x","angle":-45.0},"faces":{"north":{"uv":[8.0,14.66667,8.33333,15.5],"texture":"#0"},"east":{"uv":[6.66667,13.33333,7.5,14.16667],"texture":"#0"},"south":{"uv":[14.66667,8.0,15.0,8.83333],"texture":"#0"},"west":{"uv":[13.33333,6.66667,14.16667,7.5],"texture":"#0"},"up":{"uv":[9.0,15.5,8.66667,14.66667],"texture":"#0"},"down":{"uv":[9.66667,14.66667,9.33333,15.5],"texture":"#0"}}},{"from":[7.751,24.25,8.29289],"to":[8.249,25.25,9.29289],"rotation":{"origin":[8.001,24.75,8.79289],"axis":"x","angle":-45.0},"faces":{"north":{"uv":[1.0,15.33333,0.66667,16.0],"texture":"#0"},"east":{"uv":[15.33333,1.33333,14.66667,2.0],"texture":"#0"},"south":{"uv":[15.66667,0.0,15.33333,0.66667],"texture":"#0"},"west":{"uv":[15.33333,2.0,14.66667,2.66667],"texture":"#0"}}},{"from":[7.75,19.75,8.5],"to":[8.25,24.75,9.5],"rotation":{"origin":[7.25,11.25,16.0],"axis":"y","angle":0.0},"faces":{"north":{"uv":[6.33333,10.66667,6.0,14.0],"texture":"#0"},"east":{"uv":[6.66667,7.33333,6.0,10.66667],"texture":"#0"},"south":{"uv":[11.0,2.66667,10.66667,6.0],"texture":"#0"},"west":{"uv":[8.66667,4.0,8.0,7.33333],"texture":"#0"},"up":{"uv":[15.0,14.66667,14.66667,15.33333],"texture":"#0"},"down":{"uv":[0.33333,16.0,0.0,15.33333],"texture":"#0"}}},{"from":[7.751,19.25,8.70711],"to":[8.249,20.25,9.70711],"rotation":{"origin":[8.001,19.75,9.20711],"axis":"x","angle":-45.0},"faces":{"north":{"uv":[1.66667,15.33333,1.33333,16.0],"texture":"#0"},"east":{"uv":[15.33333,2.66667,14.66667,3.33333],"texture":"#0"},"south":{"uv":[15.66667,0.66667,15.33333,1.33333],"texture":"#0"},"west":{"uv":[15.33333,3.33333,14.66667,4.0],"texture":"#0"},"down":{"uv":[15.66667,2.0,15.33333,1.33333],"texture":"#0"}}},{"from":[7.751,15.0,8.29289],"to":[8.249,16.0,9.29289],"rotation":{"origin":[8.001,15.5,8.79289],"axis":"x","angle":-45.0},"faces":{"north":{"uv":[13.0,14.66667,12.66667,15.33333],"texture":"#0"},"east":{"uv":[12.66667,14.0,12.0,14.66667],"texture":"#0"},"south":{"uv":[15.0,12.0,14.66667,12.66667],"texture":"#0"},"west":{"uv":[13.33333,14.0,12.66667,14.66667],"texture":"#0"},"up":{"uv":[15.0,12.66667,14.66667,13.33333],"texture":"#0"}}},{"from":[7.75,8.5,8.5],"to":[8.25,15.5,9.5],"rotation":{"origin":[7.25,0.0,16.0],"axis":"y","angle":0.0},"faces":{"north":{"uv":[9.0,8.66667,8.66667,13.33333],"texture":"#0"},"east":{"uv":[7.33333,3.33333,6.66667,8.0],"texture":"#0"},"south":{"uv":[8.33333,8.66667,8.0,13.33333],"texture":"#0"},"west":{"uv":[8.0,3.33333,7.33333,8.0],"texture":"#0"},"up":{"uv":[15.0,11.33333,14.66667,12.0],"texture":"#0"},"down":{"uv":[12.33333,15.33333,12.0,14.66667],"texture":"#0"}}},{"from":[7.751,13.29289,9.0],"to":[8.249,14.29289,10.0],"rotation":{"origin":[8.001,13.79289,9.5],"axis":"x","angle":-45.0},"faces":{"east":{"uv":[14.66667,12.66667,14.0,13.33333],"texture":"#0"},"south":{"uv":[13.66667,14.66667,13.33333,15.33333],"texture":"#0"},"west":{"uv":[14.0,14.0,13.33333,14.66667],"texture":"#0"},"down":{"uv":[15.0,14.0,14.66667,13.33333],"texture":"#0"}}},{"from":[7.752,10.79289,9.20711],"to":[8.248,13.79289,10.20711],"rotation":{"origin":[7.252,-1.70711,16.70711],"axis":"y","angle":0.0},"faces":{"east":{"uv":[10.66667,2.0,10.0,4.0],"texture":"#0"},"south":{"uv":[13.66667,8.66667,13.33333,10.66667],"texture":"#0"},"west":{"uv":[10.66667,4.0,10.0,6.0],"texture":"#0"}}},{"from":[7.751,10.29289,9.0],"to":[8.249,11.29289,10.0],"rotation":{"origin":[8.001,10.79289,9.5],"axis":"x","angle":-45.0},"faces":{"east":{"uv":[14.66667,13.33333,14.0,14.0],"texture":"#0"},"south":{"uv":[14.33333,14.66667,14.0,15.33333],"texture":"#0"},"west":{"uv":[14.66667,14.0,14.0,14.66667],"texture":"#0"},"down":{"uv":[15.0,14.66667,14.66667,14.0],"texture":"#0"}}},{"from":[7.975,-1.5,2.5],"to":[8.025,0.5,7.5],"rotation":{"origin":[7.975,-1.5,5.5],"axis":"x","angle":22.5},"faces":{"east":{"uv":[8.0,2.0,4.66667,3.33333],"texture":"#0"},"west":{"uv":[4.66667,2.0,8.0,3.33333],"texture":"#0"}}},{"from":[7.75,-1.25,7.975],"to":[8.25,-0.25,9.475],"rotation":{"origin":[8.0,-0.75,8.975],"axis":"x","angle":22.5},"faces":{"east":{"uv":[9.0,13.33333,8.0,14.0],"texture":"#0"},"west":{"uv":[14.33333,8.0,13.33333,8.66667],"texture":"#0"},"up":{"uv":[7.0,14.66667,6.66667,15.66667],"texture":"#0"},"down":{"uv":[15.0,7.66667,14.66667,6.66667],"texture":"#0"}}},{"from":[7.5,-1.5,8.6],"to":[8.5,-0.5,10.6],"rotation":{"origin":[8.0,-1.0,9.6],"axis":"x","angle":-22.5},"faces":{"north":{"uv":[10.66667,9.33333,10.0,10.0],"texture":"#0"},"east":{"uv":[12.66667,5.33333,11.33333,6.0],"texture":"#0"},"south":{"uv":[10.66667,6.0,10.0,6.66667],"texture":"#0"},"west":{"uv":[13.33333,0.0,12.0,0.66667],"texture":"#0"},"up":{"uv":[10.66667,11.33333,10.0,12.66667],"texture":"#0"},"down":{"uv":[12.66667,2.0,12.0,0.66667],"texture":"#0"}}},{"from":[7.975,-1.5,8.5],"to":[8.025,0.5,13.5],"rotation":{"origin":[7.975,-1.5,10.5],"axis":"x","angle":-22.5},"faces":{"east":{"uv":[4.66667,2.0,8.0,3.33333],"texture":"#0"},"west":{"uv":[8.0,2.0,4.66667,3.33333],"texture":"#0"}}},{"from":[7.5015,-1.5,10.06508],"to":[8.4985,-0.5,11.06508],"rotation":{"origin":[8.0015,-1.0,11.06508],"axis":"x","angle":22.5},"faces":{"east":{"uv":[6.0,14.66667,5.33333,15.33333],"texture":"#0"},"south":{"uv":[5.33333,14.66667,4.66667,15.33333],"texture":"#0"},"west":{"uv":[15.33333,5.33333,14.66667,6.0],"texture":"#0"},"up":{"uv":[6.66667,14.66667,6.0,15.33333],"texture":"#0"},"down":{"uv":[15.33333,6.66667,14.66667,6.0],"texture":"#0"}}},{"from":[7.975,7.5,4.75],"to":[8.025,30.0,11.25],"rotation":{"origin":[7.975,7.5,5.5],"axis":"y","angle":0.0},"faces":{"east":{"uv":[4.33333,0.0,0.0,15.0],"texture":"#0"},"west":{"uv":[0.0,0.0,4.33333,15.0],"texture":"#0"}}},{"from":[7.75,-2.5,-0.25],"to":[7.75,2.0,2.0],"rotation":{"origin":[7.75,7.5,1.625],"axis":"x","angle":-22.5},"faces":{"west":{"uv":[9.33333,0.0,12.33333,6.0],"texture":"#1"}}},{"from":[7.75,-2.5,14.0],"to":[7.75,2.0,16.25],"rotation":{"origin":[7.75,7.5,14.375],"axis":"x","angle":22.5},"faces":{"west":{"uv":[12.33333,0.0,9.33333,6.0],"texture":"#1"}}},{"from":[7.6,18.0,6.0],"to":[7.6,29.0,10.0],"rotation":{"origin":[0.1,0.0,13.75],"axis":"y","angle":0.0},"faces":{"west":{"uv":[5.33333,0.0,0.0,14.66667],"texture":"#1"}}},{"from":[7.6,8.5,6.5],"to":[7.6,17.5,9.5],"rotation":{"origin":[0.1,0.0,18.5],"axis":"y","angle":0.0},"faces":{"west":{"uv":[9.33333,0.0,5.33333,12.0],"texture":"#1"}}},{"from":[6.9,3.5,5.5],"to":[6.9,8.5,10.5],"rotation":{"origin":[6.75,6.0,-9.0],"axis":"x","angle":0.0},"faces":{"west":{"uv":[0.0,0.0,10.0,10.0],"texture":"#2"}}},{"from":[8.4,18.0,6.0],"to":[8.4,29.0,10.0],"rotation":{"origin":[15.9,0.0,13.75],"axis":"y","angle":0.0},"faces":{"east":{"uv":[0.0,0.0,5.33333,14.66667],"texture":"#1"}}},{"from":[8.4,8.5,6.5],"to":[8.4,17.5,9.5],"rotation":{"origin":[15.9,0.0,18.5],"axis":"y","angle":0.0},"faces":{"east":{"uv":[5.33333,0.0,9.33333,12.0],"texture":"#1"}}},{"from":[9.1,3.5,5.5],"to":[9.1,8.5,10.5],"rotation":{"origin":[9.25,6.0,-9.0],"axis":"x","angle":0.0},"faces":{"east":{"uv":[10.0,0.0,0.0,10.0],"texture":"#2"}}},{"from":[8.25,-2.5,-0.25],"to":[8.25,2.0,2.0],"rotation":{"origin":[8.25,7.5,1.625],"axis":"x","angle":-22.5},"faces":{"east":{"uv":[12.33333,0.0,9.33333,6.0],"texture":"#1"}}},{"from":[8.25,-2.5,14.0],"to":[8.25,2.0,16.25],"rotation":{"origin":[8.25,7.5,14.375],"axis":"x","angle":22.5},"faces":{"east":{"uv":[9.33333,0.0,12.33333,6.0],"texture":"#1"}}}],"textures":{"particle":"c0402d01-880c-4fd6-934a-bf1c7dd09a44","0":"c0402d01-880c-4fd6-934a-bf1c7dd09a44","1":"1525cd53-65f3-4c2c-ada6-3a25575d7ccb","2":"a6eb46c0-48ee-48bf-8fdb-40f81929f3cf"},"gui_light":"front"}