{"display":{"thirdperson_righthand":{"scale":[0.3,0.3,0.3]},"thirdperson_lefthand":{"scale":[0.3,0.3,0.3]},"firstperson_righthand":{"scale":[0.3,0.3,0.3]},"firstperson_lefthand":{"scale":[0.3,0.3,0.3]},"ground":{"scale":[0.3,0.3,0.3]},"gui":{"rotation":[8.0,-150.0,0.0],"translation":[1.0,-2.25,0.0],"scale":[0.4,0.4,0.4]},"head":{"scale":[1.8,1.8,1.8]},"fixed":{"rotation":[-90.0,0.0,0.0],"translation":[0.0,0.0,-78.0],"scale":[2.0,2.0,2.0]}},"elements":[{"from":[-5.0,0.0,0.0],"to":[21.0,2.0,3.0],"faces":{"north":{"uv":[10.75,2.125,14.0,2.375],"texture":"#0"},"east":{"uv":[11.75,7.375,12.125,7.625],"texture":"#0"},"south":{"uv":[10.75,2.5,14.0,2.75],"texture":"#0"},"west":{"uv":[12.875,5.25,13.25,5.5],"texture":"#0"},"up":{"uv":[12.75,4.625,9.5,4.25],"texture":"#0"},"down":{"uv":[12.75,4.75,9.5,5.125],"texture":"#0"}}},{"from":[-4.0,0.0,13.0],"to":[20.0,2.0,16.0],"faces":{"north":{"uv":[10.75,2.875,13.75,3.125],"texture":"#0"},"east":{"uv":[12.875,5.625,13.25,5.875],"texture":"#0"},"south":{"uv":[10.75,7.75,13.75,8.0],"texture":"#0"},"west":{"uv":[12.875,6.75,13.25,7.0],"texture":"#0"},"up":{"uv":[12.5,6.625,9.5,6.25],"texture":"#0"},"down":{"uv":[12.375,9.875,9.375,10.25],"texture":"#0"}}},{"from":[-6.0,0.0,3.0],"to":[22.0,2.0,13.0],"faces":{"north":{"uv":[8.375,10.375,11.875,10.625],"texture":"#0"},"east":{"uv":[12.25,0.5,13.5,0.75],"texture":"#0"},"south":{"uv":[0.0,10.625,3.5,10.875],"texture":"#0"},"west":{"uv":[12.25,9.5,13.5,9.75],"texture":"#0"},"up":{"uv":[3.5,4.5,0.0,3.25],"texture":"#0"},"down":{"uv":[6.875,0.0,3.375,1.25],"texture":"#0"}}},{"from":[-2.0,2.0,1.0],"to":[18.0,12.0,15.0],"faces":{"north":{"uv":[6.875,4.0,9.375,5.25],"texture":"#0"},"east":{"uv":[0.0,7.0,1.75,8.25],"texture":"#0"},"south":{"uv":[6.875,5.375,9.375,6.625],"texture":"#0"},"west":{"uv":[1.875,7.5,3.625,8.75],"texture":"#0"},"up":{"uv":[5.875,3.125,3.375,1.375],"texture":"#0"},"down":{"uv":[6.125,3.25,3.625,5.0],"texture":"#0"}}},{"from":[-4.0,2.0,3.0],"to":[20.0,11.0,13.0],"faces":{"north":{"uv":[6.25,2.75,9.25,3.875],"texture":"#0"},"east":{"uv":[9.375,2.125,10.625,3.25],"texture":"#0"},"south":{"uv":[3.75,6.5,6.75,7.625],"texture":"#0"},"west":{"uv":[9.375,7.75,10.625,8.875],"texture":"#0"},"up":{"uv":[6.75,6.375,3.75,5.125],"texture":"#0"},"down":{"uv":[9.0,1.375,6.0,2.625],"texture":"#0"}}},{"from":[-5.0,2.0,2.0],"to":[21.0,5.0,14.0],"faces":{"north":{"uv":[9.5,5.25,12.75,5.625],"texture":"#0"},"east":{"uv":[1.875,4.625,3.375,5.0],"texture":"#0"},"south":{"uv":[9.5,5.75,12.75,6.125],"texture":"#0"},"west":{"uv":[10.75,8.125,12.25,8.5],"texture":"#0"},"up":{"uv":[3.25,1.5,0.0,0.0],"texture":"#0"},"down":{"uv":[3.25,1.625,0.0,3.125],"texture":"#0"}}},{"from":[1.0,2.0,-1.0],"to":[15.0,10.0,17.0],"faces":{"north":{"uv":[3.75,7.75,5.5,8.75],"texture":"#0"},"east":{"uv":[6.875,6.75,9.125,7.75],"texture":"#0"},"south":{"uv":[5.625,7.875,7.375,8.875],"texture":"#0"},"west":{"uv":[7.0,0.0,9.25,1.0],"texture":"#0"},"up":{"uv":[1.75,6.875,0.0,4.625],"texture":"#0"},"down":{"uv":[3.625,5.125,1.875,7.375],"texture":"#0"}}},{"from":[1.97699,2.5,0.9937],"to":[4.97699,4.5,2.9937],"rotation":{"origin":[-2.02301,6.0,9.9937],"axis":"y","angle":22.5},"faces":{"north":{"uv":[12.875,7.125,13.25,7.375],"texture":"#0"},"east":{"uv":[7.25,11.75,7.5,12.0],"texture":"#0"},"south":{"uv":[12.875,8.625,13.25,8.875],"texture":"#0"},"west":{"uv":[7.875,12.125,8.125,12.375],"texture":"#0"},"up":{"uv":[12.75,13.125,12.375,12.875],"texture":"#0"},"down":{"uv":[13.25,12.875,12.875,13.125],"texture":"#0"}}},{"from":[1.97699,5.5,0.9937],"to":[4.97699,6.5,2.9937],"rotation":{"origin":[-2.02301,6.0,9.9937],"axis":"y","angle":22.5},"faces":{"north":{"uv":[10.0,0.875,10.375,1.0],"texture":"#0"},"east":{"uv":[1.5,10.375,1.75,10.5],"texture":"#0"},"south":{"uv":[0.0,10.375,0.375,10.5],"texture":"#0"},"west":{"uv":[3.25,11.375,3.5,11.5],"texture":"#0"},"up":{"uv":[1.375,13.25,1.0,13.0],"texture":"#0"},"down":{"uv":[5.25,13.0,4.875,13.25],"texture":"#0"}}},{"from":[1.97699,7.5,0.9937],"to":[4.97699,8.5,2.9937],"rotation":{"origin":[-2.02301,6.0,9.9937],"axis":"y","angle":22.5},"faces":{"north":{"uv":[0.5,10.375,0.875,10.5],"texture":"#0"},"east":{"uv":[12.875,6.0,13.125,6.125],"texture":"#0"},"south":{"uv":[1.0,10.375,1.375,10.5],"texture":"#0"},"west":{"uv":[13.375,5.5,13.625,5.625],"texture":"#0"},"up":{"uv":[5.75,13.25,5.375,13.0],"texture":"#0"},"down":{"uv":[6.25,13.0,5.875,13.25],"texture":"#0"}}},{"from":[11.02301,2.5,0.9937],"to":[14.02301,4.5,2.9937],"rotation":{"origin":[18.02301,6.0,9.9937],"axis":"y","angle":-22.5},"faces":{"north":{"uv":[13.125,1.25,13.5,1.5],"texture":"#0"},"east":{"uv":[1.5,13.0,1.75,13.25],"texture":"#0"},"south":{"uv":[13.125,1.625,13.5,1.875],"texture":"#0"},"west":{"uv":[6.875,13.125,7.125,13.375],"texture":"#0"},"up":{"uv":[6.75,13.375,6.375,13.125],"texture":"#0"},"down":{"uv":[9.125,13.125,8.75,13.375],"texture":"#0"}}},{"from":[11.02301,5.5,0.9937],"to":[14.02301,6.5,2.9937],"rotation":{"origin":[18.02301,6.0,9.9937],"axis":"y","angle":-22.5},"faces":{"north":{"uv":[11.25,9.625,11.625,9.75],"texture":"#0"},"east":{"uv":[13.375,6.75,13.625,6.875],"texture":"#0"},"south":{"uv":[11.375,4.0,11.75,4.125],"texture":"#0"},"west":{"uv":[13.375,7.0,13.625,7.125],"texture":"#0"},"up":{"uv":[8.625,13.25,8.25,13.0],"texture":"#0"},"down":{"uv":[13.5,0.875,13.125,1.125],"texture":"#0"}}},{"from":[11.02301,7.5,0.9937],"to":[14.02301,8.5,2.9937],"rotation":{"origin":[18.02301,6.0,9.9937],"axis":"y","angle":-22.5},"faces":{"north":{"uv":[10.5,0.875,10.875,1.0],"texture":"#0"},"east":{"uv":[13.375,5.75,13.625,5.875],"texture":"#0"},"south":{"uv":[11.25,0.625,11.625,0.75],"texture":"#0"},"west":{"uv":[6.0,13.375,6.25,13.5],"texture":"#0"},"up":{"uv":[7.625,13.25,7.25,13.0],"texture":"#0"},"down":{"uv":[8.125,13.0,7.75,13.25],"texture":"#0"}}},{"from":[1.0,6.94975,3.94975],"to":[15.0,14.94975,12.04975],"rotation":{"origin":[0.0,-2.05025,4.94975],"axis":"y","angle":0.0},"faces":{"north":{"uv":[7.5,7.875,9.25,8.875],"texture":"#0"},"east":{"uv":[6.125,10.0,7.125,11.0],"texture":"#0"},"south":{"uv":[0.0,8.375,1.75,9.375],"texture":"#0"},"west":{"uv":[7.25,10.0,8.25,11.0],"texture":"#0"},"up":{"uv":[3.625,9.875,1.875,8.875],"texture":"#0"},"down":{"uv":[5.5,8.875,3.75,9.875],"texture":"#0"}}},{"from":[1.025,2.46447,-0.80761],"to":[14.975,9.46447,5.19239],"rotation":{"origin":[8.0,6.46447,8.19239],"axis":"x","angle":45.0},"faces":{"north":{"uv":[5.625,9.0,7.375,9.875],"texture":"#0"},"east":{"uv":[3.625,10.625,4.375,11.5],"texture":"#0"},"south":{"uv":[7.5,9.0,9.25,9.875],"texture":"#0"},"west":{"uv":[4.5,10.625,5.25,11.5],"texture":"#0"},"up":{"uv":[11.125,0.75,9.375,0.0],"texture":"#0"},"down":{"uv":[11.125,9.0,9.375,9.75],"texture":"#0"}}},{"from":[1.025,2.46447,10.80761],"to":[14.975,9.46447,16.80761],"rotation":{"origin":[8.0,6.46447,7.80761],"axis":"x","angle":-45.0},"faces":{"north":{"uv":[9.125,1.125,10.875,2.0],"texture":"#0"},"east":{"uv":[8.375,10.75,9.125,11.625],"texture":"#0"},"south":{"uv":[9.25,6.75,11.0,7.625],"texture":"#0"},"west":{"uv":[9.25,10.75,10.0,11.625],"texture":"#0"},"up":{"uv":[1.75,10.25,0.0,9.5],"texture":"#0"},"down":{"uv":[11.25,3.375,9.5,4.125],"texture":"#0"}}},{"from":[0.0,0.0,16.0],"to":[16.0,2.0,18.0],"faces":{"north":{"uv":[10.75,8.625,12.75,8.875],"texture":"#0"},"east":{"uv":[9.0,10.0,9.25,10.25],"texture":"#0"},"south":{"uv":[10.125,10.75,12.125,11.0],"texture":"#0"},"west":{"uv":[3.25,11.0,3.5,11.25],"texture":"#0"},"up":{"uv":[2.0,11.25,0.0,11.0],"texture":"#0"},"down":{"uv":[13.0,0.875,11.0,1.125],"texture":"#0"}}},{"from":[0.0,0.0,-3.0],"to":[16.0,2.0,1.0],"faces":{"north":{"uv":[11.0,1.25,13.0,1.5],"texture":"#0"},"east":{"uv":[8.375,10.0,8.875,10.25],"texture":"#0"},"south":{"uv":[11.0,1.625,13.0,1.875],"texture":"#0"},"west":{"uv":[11.125,7.375,11.625,7.625],"texture":"#0"},"up":{"uv":[3.875,10.5,1.875,10.0],"texture":"#0"},"down":{"uv":[6.0,10.0,4.0,10.5],"texture":"#0"}}},{"from":[2.17157,5.41421,-1.25],"to":[3.17157,9.41421,-0.25],"rotation":{"origin":[6.67157,5.91421,-1.25],"axis":"y","angle":0.0},"faces":{"north":{"uv":[13.25,10.875,13.375,11.375],"texture":"#0"},"east":{"uv":[11.0,13.25,11.125,13.75],"texture":"#0"},"south":{"uv":[11.25,13.25,11.375,13.75],"texture":"#0"},"west":{"uv":[11.5,13.25,11.625,13.75],"texture":"#0"},"up":{"uv":[13.75,13.125,13.625,13.0],"texture":"#0"},"down":{"uv":[13.625,13.625,13.5,13.75],"texture":"#0"}}},{"from":[2.5,8.62132,-1.25],"to":[3.5,11.62132,-0.25],"rotation":{"origin":[5.0,10.12132,-1.25],"axis":"z","angle":45.0},"faces":{"north":{"uv":[13.375,3.25,13.5,3.625],"texture":"#0"},"east":{"uv":[3.5,13.375,3.625,13.75],"texture":"#0"},"south":{"uv":[3.75,13.375,3.875,13.75],"texture":"#0"},"west":{"uv":[13.375,3.75,13.5,4.125],"texture":"#0"},"up":{"uv":[13.875,5.625,13.75,5.5],"texture":"#0"},"down":{"uv":[13.875,5.75,13.75,5.875],"texture":"#0"}}},{"from":[4.0,4.0,-1.25],"to":[5.0,8.0,-0.25],"rotation":{"origin":[6.5,5.5,-1.25],"axis":"y","angle":0.0},"faces":{"north":{"uv":[13.25,11.5,13.375,12.0],"texture":"#0"},"east":{"uv":[11.75,13.25,11.875,13.75],"texture":"#0"},"south":{"uv":[12.0,13.25,12.125,13.75],"texture":"#0"},"west":{"uv":[12.25,13.25,12.375,13.75],"texture":"#0"},"up":{"uv":[13.875,6.125,13.75,6.0],"texture":"#0"},"down":{"uv":[13.875,6.25,13.75,6.375],"texture":"#0"}}},{"from":[2.5,4.62132,-1.25],"to":[3.5,7.62132,-0.25],"rotation":{"origin":[5.0,6.12132,-1.25],"axis":"z","angle":45.0},"faces":{"north":{"uv":[2.5,13.375,2.625,13.75],"texture":"#0"},"east":{"uv":[2.75,13.375,2.875,13.75],"texture":"#0"},"south":{"uv":[3.0,13.375,3.125,13.75],"texture":"#0"},"west":{"uv":[3.25,13.375,3.375,13.75],"texture":"#0"},"up":{"uv":[13.75,12.625,13.625,12.5],"texture":"#0"},"down":{"uv":[13.75,12.75,13.625,12.875],"texture":"#0"}}},{"from":[11.0,4.0,-1.25],"to":[12.0,8.0,-0.25],"rotation":{"origin":[9.5,5.5,-1.25],"axis":"y","angle":0.0},"faces":{"north":{"uv":[10.25,13.25,10.375,13.75],"texture":"#0"},"east":{"uv":[13.25,10.25,13.375,10.75],"texture":"#0"},"south":{"uv":[10.5,13.25,10.625,13.75],"texture":"#0"},"west":{"uv":[10.75,13.25,10.875,13.75],"texture":"#0"},"up":{"uv":[8.375,13.75,8.25,13.625],"texture":"#0"},"down":{"uv":[13.75,9.375,13.625,9.5],"texture":"#0"}}},{"from":[12.5,8.62132,-1.25],"to":[13.5,11.62132,-0.25],"rotation":{"origin":[11.0,10.12132,-1.25],"axis":"z","angle":-45.0},"faces":{"north":{"uv":[0.5,13.375,0.625,13.75],"texture":"#0"},"east":{"uv":[0.75,13.375,0.875,13.75],"texture":"#0"},"south":{"uv":[1.0,13.375,1.125,13.75],"texture":"#0"},"west":{"uv":[1.25,13.375,1.375,13.75],"texture":"#0"},"up":{"uv":[13.75,9.75,13.625,9.625],"texture":"#0"},"down":{"uv":[13.75,9.875,13.625,10.0],"texture":"#0"}}},{"from":[12.82843,5.41421,-1.25],"to":[13.82843,9.41421,-0.25],"rotation":{"origin":[9.32843,5.91421,-1.25],"axis":"y","angle":0.0},"faces":{"north":{"uv":[9.125,2.125,9.25,2.625],"texture":"#0"},"east":{"uv":[1.0,12.375,1.125,12.875],"texture":"#0"},"south":{"uv":[9.75,13.125,9.875,13.625],"texture":"#0"},"west":{"uv":[10.0,13.25,10.125,13.75],"texture":"#0"},"up":{"uv":[7.875,13.75,7.75,13.625],"texture":"#0"},"down":{"uv":[8.125,13.625,8.0,13.75],"texture":"#0"}}},{"from":[12.5,4.62132,-1.25],"to":[13.5,7.62132,-0.25],"rotation":{"origin":[11.0,6.12132,-1.25],"axis":"z","angle":-45.0},"faces":{"north":{"uv":[1.5,13.375,1.625,13.75],"texture":"#0"},"east":{"uv":[1.75,13.375,1.875,13.75],"texture":"#0"},"south":{"uv":[2.0,13.375,2.125,13.75],"texture":"#0"},"west":{"uv":[2.25,13.375,2.375,13.75],"texture":"#0"},"up":{"uv":[13.75,12.125,13.625,12.0],"texture":"#0"},"down":{"uv":[13.75,12.25,13.625,12.375],"texture":"#0"}}},{"from":[6.5,3.0,-2.0],"to":[7.5,6.0,-1.0],"rotation":{"origin":[6.5,5.5,-1.5],"axis":"y","angle":0.0},"faces":{"north":{"uv":[13.25,13.25,13.375,13.625],"texture":"#0"},"east":{"uv":[0.0,13.375,0.125,13.75],"texture":"#0"},"south":{"uv":[13.375,0.0,13.5,0.375],"texture":"#0"},"west":{"uv":[0.25,13.375,0.375,13.75],"texture":"#0"},"up":{"uv":[13.75,5.0,13.625,4.875],"texture":"#0"},"down":{"uv":[5.625,13.625,5.5,13.75],"texture":"#0"}}},{"from":[5.02513,4.56066,-2.0],"to":[6.02513,6.56066,-1.0],"rotation":{"origin":[5.02513,7.06066,-1.5],"axis":"z","angle":45.0},"faces":{"north":{"uv":[8.5,13.375,8.625,13.625],"texture":"#0"},"east":{"uv":[13.375,12.875,13.5,13.125],"texture":"#0"},"south":{"uv":[6.375,13.5,6.5,13.75],"texture":"#0"},"west":{"uv":[6.625,13.5,6.75,13.75],"texture":"#0"},"up":{"uv":[5.875,13.75,5.75,13.625],"texture":"#0"},"down":{"uv":[6.125,13.625,6.0,13.75],"texture":"#0"}}},{"from":[6.02513,5.56066,-2.0],"to":[8.02513,6.56066,-1.0],"rotation":{"origin":[5.02513,7.06066,-1.5],"axis":"z","angle":45.0},"faces":{"north":{"uv":[6.875,13.5,7.125,13.625],"texture":"#0"},"east":{"uv":[13.625,7.25,13.75,7.375],"texture":"#0"},"south":{"uv":[8.75,13.5,9.0,13.625],"texture":"#0"},"west":{"uv":[13.625,7.5,13.75,7.625],"texture":"#0"},"up":{"uv":[9.375,13.625,9.125,13.5],"texture":"#0"},"down":{"uv":[13.75,10.25,13.5,10.375],"texture":"#0"}}},{"from":[6.0,8.0,-2.025],"to":[10.0,9.0,-1.0],"rotation":{"origin":[16.0,0.0,0.0],"axis":"y","angle":0.0},"faces":{"north":{"uv":[7.0,1.125,7.5,1.25],"texture":"#0"},"east":{"uv":[13.625,1.875,13.75,2.0],"texture":"#0"},"south":{"uv":[7.625,1.125,8.125,1.25],"texture":"#0"},"west":{"uv":[13.625,3.625,13.75,3.75],"texture":"#0"},"up":{"uv":[8.75,1.25,8.25,1.125],"texture":"#0"},"down":{"uv":[9.875,0.875,9.375,1.0],"texture":"#0"}}},{"from":[9.97487,4.56066,-2.0],"to":[10.97487,6.56066,-1.0],"rotation":{"origin":[10.97487,7.06066,-1.5],"axis":"z","angle":-45.0},"faces":{"north":{"uv":[12.0,10.375,12.125,10.625],"texture":"#0"},"east":{"uv":[7.25,13.375,7.375,13.625],"texture":"#0"},"south":{"uv":[13.375,7.25,13.5,7.5],"texture":"#0"},"west":{"uv":[7.5,13.375,7.625,13.625],"texture":"#0"},"up":{"uv":[13.75,4.0,13.625,3.875],"texture":"#0"},"down":{"uv":[13.75,4.125,13.625,4.25],"texture":"#0"}}},{"from":[8.5,3.0,-2.0],"to":[9.5,6.0,-1.0],"rotation":{"origin":[9.5,5.5,-1.5],"axis":"y","angle":0.0},"faces":{"north":{"uv":[6.0,2.75,6.125,3.125],"texture":"#0"},"east":{"uv":[12.5,13.25,12.625,13.625],"texture":"#0"},"south":{"uv":[12.75,13.25,12.875,13.625],"texture":"#0"},"west":{"uv":[13.0,13.25,13.125,13.625],"texture":"#0"},"up":{"uv":[9.0,1.25,8.875,1.125],"texture":"#0"},"down":{"uv":[12.0,4.0,11.875,4.125],"texture":"#0"}}},{"from":[7.97487,5.56066,-2.0],"to":[9.97487,6.56066,-1.0],"rotation":{"origin":[10.97487,7.06066,-1.5],"axis":"z","angle":-45.0},"faces":{"north":{"uv":[7.75,13.375,8.0,13.5],"texture":"#0"},"east":{"uv":[13.625,4.375,13.75,4.5],"texture":"#0"},"south":{"uv":[8.125,13.375,8.375,13.5],"texture":"#0"},"west":{"uv":[13.625,4.625,13.75,4.75],"texture":"#0"},"up":{"uv":[13.625,8.625,13.375,8.5],"texture":"#0"},"down":{"uv":[13.625,8.75,13.375,8.875],"texture":"#0"}}},{"from":[6.5,8.35355,-1.35355],"to":[7.5,10.35355,-0.35355],"rotation":{"origin":[0.25,3.85355,2.89645],"axis":"y","angle":0.0},"faces":{"north":{"uv":[13.5,11.625,13.625,11.875],"texture":"#0"},"east":{"uv":[13.5,13.25,13.625,13.5],"texture":"#0"},"south":{"uv":[13.625,0.0,13.75,0.25],"texture":"#0"},"west":{"uv":[13.625,0.375,13.75,0.625],"texture":"#0"},"up":{"uv":[7.25,13.875,7.125,13.75],"texture":"#0"},"down":{"uv":[7.5,13.75,7.375,13.875],"texture":"#0"}}},{"from":[6.5,8.55025,-5.0],"to":[7.5,11.55025,-4.0],"rotation":{"origin":[0.25,5.05025,-1.0],"axis":"x","angle":45.0},"faces":{"north":{"uv":[4.75,13.375,4.875,13.75],"texture":"#0"},"east":{"uv":[13.375,4.75,13.5,5.125],"texture":"#0"},"south":{"uv":[5.0,13.375,5.125,13.75],"texture":"#0"},"west":{"uv":[5.25,13.375,5.375,13.75],"texture":"#0"},"up":{"uv":[13.875,8.25,13.75,8.125],"texture":"#0"},"down":{"uv":[13.875,8.375,13.75,8.5],"texture":"#0"}}},{"from":[7.5,11.05025,-5.0],"to":[8.5,13.05025,-4.0],"rotation":{"origin":[15.75,5.05025,-1.0],"axis":"x","angle":45.0},"faces":{"north":{"uv":[13.625,0.75,13.75,1.0],"texture":"#0"},"east":{"uv":[13.625,1.125,13.75,1.375],"texture":"#0"},"south":{"uv":[13.625,1.5,13.75,1.75],"texture":"#0"},"west":{"uv":[13.625,3.25,13.75,3.5],"texture":"#0"},"up":{"uv":[8.625,13.875,8.5,13.75],"texture":"#0"},"down":{"uv":[13.875,8.625,13.75,8.75],"texture":"#0"}}},{"from":[8.5,8.55025,-5.0],"to":[9.5,11.55025,-4.0],"rotation":{"origin":[15.75,5.05025,-1.0],"axis":"x","angle":45.0},"faces":{"north":{"uv":[4.0,13.375,4.125,13.75],"texture":"#0"},"east":{"uv":[4.25,13.375,4.375,13.75],"texture":"#0"},"south":{"uv":[13.375,4.25,13.5,4.625],"texture":"#0"},"west":{"uv":[4.5,13.375,4.625,13.75],"texture":"#0"},"up":{"uv":[13.875,6.625,13.75,6.5],"texture":"#0"},"down":{"uv":[13.875,6.75,13.75,6.875],"texture":"#0"}}},{"from":[8.5,8.35355,-1.35355],"to":[9.5,10.35355,-0.35355],"rotation":{"origin":[15.75,3.85355,2.89645],"axis":"y","angle":0.0},"faces":{"north":{"uv":[9.5,13.5,9.625,13.75],"texture":"#0"},"east":{"uv":[13.5,10.5,13.625,10.75],"texture":"#0"},"south":{"uv":[13.5,10.875,13.625,11.125],"texture":"#0"},"west":{"uv":[13.5,11.25,13.625,11.5],"texture":"#0"},"up":{"uv":[7.0,13.875,6.875,13.75],"texture":"#0"},"down":{"uv":[13.875,7.0,13.75,7.125],"texture":"#0"}}},{"from":[-7.0,7.0,2.0],"to":[-2.0,12.0,7.0],"rotation":{"origin":[0.0,-1.0,2.0],"axis":"y","angle":0.0},"faces":{"north":{"uv":[1.25,11.375,1.875,12.0],"texture":"#0"},"east":{"uv":[11.375,3.25,12.0,3.875],"texture":"#0"},"south":{"uv":[2.0,11.625,2.625,12.25],"texture":"#0"},"west":{"uv":[2.75,11.625,3.375,12.25],"texture":"#0"},"up":{"uv":[4.125,12.25,3.5,11.625],"texture":"#0"},"down":{"uv":[4.875,11.625,4.25,12.25],"texture":"#0"}}},{"from":[-6.5,2.34315,4.34315],"to":[-2.5,6.34315,11.34315],"rotation":{"origin":[0.0,6.34315,-3.65685],"axis":"x","angle":-45.0},"faces":{"north":{"uv":[6.625,12.5,7.125,13.0],"texture":"#0"},"east":{"uv":[10.125,11.125,11.0,11.625],"texture":"#0"},"south":{"uv":[8.75,12.5,9.25,13.0],"texture":"#0"},"west":{"uv":[11.125,11.125,12.0,11.625],"texture":"#0"},"up":{"uv":[6.75,4.875,6.25,4.0],"texture":"#0"},"down":{"uv":[8.125,11.125,7.625,12.0],"texture":"#0"}}},{"from":[-12.03553,13.94975,6.65685],"to":[-4.03553,16.94975,10.65685],"rotation":{"origin":[-6.03553,14.94975,7.65685],"axis":"y","angle":45.0},"faces":{"north":{"uv":[10.5,11.75,11.5,12.125],"texture":"#0"},"east":{"uv":[5.375,10.625,5.875,11.0],"texture":"#0"},"south":{"uv":[11.625,11.75,12.625,12.125],"texture":"#0"},"west":{"uv":[12.5,9.875,13.0,10.25],"texture":"#0"},"up":{"uv":[3.125,11.5,2.125,11.0],"texture":"#0"},"down":{"uv":[6.375,11.125,5.375,11.625],"texture":"#0"}}},{"from":[-10.98528,14.86736,11.80551],"to":[-6.98528,17.86736,17.80551],"rotation":{"origin":[-9.98528,15.86736,13.80551],"axis":"x","angle":-22.5},"faces":{"north":{"uv":[12.625,6.25,13.125,6.625],"texture":"#0"},"east":{"uv":[12.375,8.125,13.125,8.5],"texture":"#0"},"south":{"uv":[12.75,3.25,13.25,3.625],"texture":"#0"},"west":{"uv":[4.875,12.5,5.625,12.875],"texture":"#0"},"up":{"uv":[1.75,12.875,1.25,12.125],"texture":"#0"},"down":{"uv":[12.625,3.25,12.125,4.0],"texture":"#0"}}},{"from":[-10.21991,16.39809,16.73567],"to":[-3.21991,19.39809,19.73567],"rotation":{"origin":[-10.21991,17.39809,18.73567],"axis":"z","angle":22.5},"faces":{"north":{"uv":[12.25,9.0,13.125,9.375],"texture":"#0"},"east":{"uv":[12.75,11.625,13.125,12.0],"texture":"#0"},"south":{"uv":[12.25,10.375,13.125,10.75],"texture":"#0"},"west":{"uv":[11.875,12.75,12.25,13.125],"texture":"#0"},"up":{"uv":[11.375,12.625,10.5,12.25],"texture":"#0"},"down":{"uv":[12.375,12.25,11.5,12.625],"texture":"#0"}}},{"from":[-3.21991,17.39809,16.73567],"to":[-0.21991,19.39809,19.73567],"rotation":{"origin":[-10.21991,17.39809,18.73567],"axis":"z","angle":22.5},"faces":{"north":{"uv":[9.25,13.125,9.625,13.375],"texture":"#0"},"east":{"uv":[13.125,9.875,13.5,10.125],"texture":"#0"},"south":{"uv":[13.125,12.125,13.5,12.375],"texture":"#0"},"west":{"uv":[13.125,12.5,13.5,12.75],"texture":"#0"},"up":{"uv":[0.375,13.25,0.0,12.875],"texture":"#0"},"down":{"uv":[0.875,12.875,0.5,13.25],"texture":"#0"}}},{"from":[-0.21991,18.39809,16.73567],"to":[2.78009,19.39809,19.73567],"rotation":{"origin":[-10.21991,17.39809,18.73567],"axis":"z","angle":22.5},"faces":{"north":{"uv":[11.75,0.625,12.125,0.75],"texture":"#0"},"east":{"uv":[11.75,9.625,12.125,9.75],"texture":"#0"},"south":{"uv":[12.25,10.875,12.625,11.0],"texture":"#0"},"west":{"uv":[10.0,12.5,10.375,12.625],"texture":"#0"},"up":{"uv":[2.25,13.25,1.875,12.875],"texture":"#0"},"down":{"uv":[2.75,12.875,2.375,13.25],"texture":"#0"}}},{"from":[18.0,7.0,2.0],"to":[23.0,12.0,7.0],"rotation":{"origin":[16.0,-1.0,2.0],"axis":"y","angle":0.0},"faces":{"north":{"uv":[5.0,11.75,5.625,12.375],"texture":"#0"},"east":{"uv":[5.75,11.75,6.375,12.375],"texture":"#0"},"south":{"uv":[6.5,11.75,7.125,12.375],"texture":"#0"},"west":{"uv":[8.25,11.75,8.875,12.375],"texture":"#0"},"up":{"uv":[9.625,12.375,9.0,11.75],"texture":"#0"},"down":{"uv":[10.375,11.75,9.75,12.375],"texture":"#0"}}},{"from":[18.5,2.34315,4.34315],"to":[22.5,6.34315,11.34315],"rotation":{"origin":[16.0,6.34315,-3.65685],"axis":"x","angle":-45.0},"faces":{"north":{"uv":[9.375,12.5,9.875,13.0],"texture":"#0"},"east":{"uv":[11.25,0.0,12.125,0.5],"texture":"#0"},"south":{"uv":[12.5,12.25,13.0,12.75],"texture":"#0"},"west":{"uv":[11.25,9.0,12.125,9.5],"texture":"#0"},"up":{"uv":[0.5,12.25,0.0,11.375],"texture":"#0"},"down":{"uv":[1.125,11.375,0.625,12.25],"texture":"#0"}}},{"from":[20.03553,13.94975,6.65685],"to":[28.03553,16.94975,10.65685],"rotation":{"origin":[22.03553,14.94975,7.65685],"axis":"y","angle":-45.0},"faces":{"north":{"uv":[12.125,11.125,13.125,11.5],"texture":"#0"},"east":{"uv":[12.75,3.75,13.25,4.125],"texture":"#0"},"south":{"uv":[12.25,0.0,13.25,0.375],"texture":"#0"},"west":{"uv":[10.0,12.75,10.5,13.125],"texture":"#0"},"up":{"uv":[7.5,11.625,6.5,11.125],"texture":"#0"},"down":{"uv":[12.125,6.75,11.125,7.25],"texture":"#0"}}},{"from":[22.98528,14.86736,11.80551],"to":[26.98528,17.86736,17.80551],"rotation":{"origin":[25.98528,15.86736,13.80551],"axis":"x","angle":-22.5},"faces":{"north":{"uv":[10.625,12.75,11.125,13.125],"texture":"#0"},"east":{"uv":[5.75,12.5,6.5,12.875],"texture":"#0"},"south":{"uv":[11.25,12.75,11.75,13.125],"texture":"#0"},"west":{"uv":[7.875,12.5,8.625,12.875],"texture":"#0"},"up":{"uv":[7.75,12.875,7.25,12.125],"texture":"#0"},"down":{"uv":[12.75,6.75,12.25,7.5],"texture":"#0"}}},{"from":[19.21991,16.39809,16.73567],"to":[26.21991,19.39809,19.73567],"rotation":{"origin":[26.21991,17.39809,18.73567],"axis":"z","angle":-22.5},"faces":{"north":{"uv":[0.0,12.375,0.875,12.75],"texture":"#0"},"east":{"uv":[2.875,12.875,3.25,13.25],"texture":"#0"},"south":{"uv":[1.875,12.375,2.75,12.75],"texture":"#0"},"west":{"uv":[3.375,12.875,3.75,13.25],"texture":"#0"},"up":{"uv":[3.75,12.75,2.875,12.375],"texture":"#0"},"down":{"uv":[4.75,12.375,3.875,12.75],"texture":"#0"}}},{"from":[16.21991,17.39809,16.73567],"to":[19.21991,19.39809,19.73567],"rotation":{"origin":[26.21991,17.39809,18.73567],"axis":"z","angle":-22.5},"faces":{"north":{"uv":[13.25,6.0,13.625,6.25],"texture":"#0"},"east":{"uv":[13.25,6.375,13.625,6.625],"texture":"#0"},"south":{"uv":[13.25,8.125,13.625,8.375],"texture":"#0"},"west":{"uv":[13.25,9.0,13.625,9.25],"texture":"#0"},"up":{"uv":[4.25,13.25,3.875,12.875],"texture":"#0"},"down":{"uv":[13.25,4.25,12.875,4.625],"texture":"#0"}}},{"from":[13.21991,18.39809,16.73567],"to":[16.21991,19.39809,19.73567],"rotation":{"origin":[26.21991,17.39809,18.73567],"axis":"z","angle":-22.5},"faces":{"north":{"uv":[12.75,10.875,13.125,11.0],"texture":"#0"},"east":{"uv":[12.875,7.5,13.25,7.625],"texture":"#0"},"south":{"uv":[13.375,5.25,13.75,5.375],"texture":"#0"},"west":{"uv":[5.5,13.375,5.875,13.5],"texture":"#0"},"up":{"uv":[4.75,13.25,4.375,12.875],"texture":"#0"},"down":{"uv":[13.25,4.75,12.875,5.125],"texture":"#0"}}}],"textures":{"particle":"3dc2efcb-7c20-4383-b4ea-2cbbc1dedebb","0":"3dc2efcb-7c20-4383-b4ea-2cbbc1dedebb"},"gui_light":"front"}