{"display":{"thirdperson_righthand":{"translation":[1.25,8.0,4.5]},"thirdperson_lefthand":{"translation":[-1.25,8.0,4.5]},"firstperson_righthand":{"rotation":[-30.0,0.0,8.0],"translation":[0.0,4.0,0.0]},"firstperson_lefthand":{"rotation":[-30.0,0.0,0.0],"translation":[-3.0,4.0,0.0]},"gui":{"rotation":[97.0,45.0,-83.0],"translation":[2.5869,-0.695,2.0869],"scale":[0.55,0.55,0.55]},"head":{"rotation":[45.0,-132.0,-125.0],"translation":[-4.0,-20.0,0.0],"scale":[1.25,1.25,1.25]},"fixed":{"rotation":[0.0,-90.0,0.0],"translation":[-4.0,-6.0,2.5]}},"elements":[{"from":[6.25,-12.75,3.5],"to":[6.5,-12.5,5.0],"faces":{"down":{"uv":[4.0,11.0,4.5,13.5],"texture":"#0"},"up":{"uv":[4.0,11.0,4.5,13.5],"texture":"#0"},"north":{"uv":[2.5,10.0,3.0,10.5],"texture":"#0"},"south":{"uv":[2.5,10.0,3.0,10.5],"texture":"#0"},"west":{"uv":[4.0,11.0,7.0,11.5],"texture":"#0"},"east":{"uv":[4.0,11.0,7.0,11.5],"texture":"#0"}}},{"from":[6.0,-9.75,3.0],"to":[6.75,-9.5,3.5],"faces":{"down":{"uv":[4.5,12.0,5.5,12.5],"texture":"#0"},"up":{"uv":[4.5,12.0,5.5,12.5],"texture":"#0"},"north":{"uv":[4.5,12.0,5.5,12.5],"texture":"#0"},"south":{"uv":[4.5,12.0,5.5,12.5],"texture":"#0"},"west":{"uv":[4.5,12.0,5.5,12.5],"texture":"#0"},"east":{"uv":[4.5,12.0,5.5,12.5],"texture":"#0"}}},{"from":[6.25,-10.0,4.5],"to":[6.5,-9.25,4.75],"faces":{"down":{"uv":[5.0,11.0,5.5,11.5],"texture":"#0"},"up":{"uv":[5.0,11.0,5.5,11.5],"texture":"#0"},"north":{"uv":[5.0,11.0,5.5,11.5],"texture":"#0"},"south":{"uv":[5.0,11.0,5.5,11.5],"texture":"#0"},"west":{"uv":[5.0,11.0,5.5,11.5],"texture":"#0"},"east":{"uv":[5.0,11.0,5.5,11.5],"texture":"#0"}}},{"from":[6.0,-9.75,4.5],"to":[6.75,-9.5,4.75],"faces":{"down":{"uv":[7.5,11.5,8.0,12.0],"texture":"#0"},"up":{"uv":[7.5,11.5,8.0,12.0],"texture":"#0"},"north":{"uv":[7.5,11.5,8.0,12.0],"texture":"#0"},"south":{"uv":[7.5,11.5,8.0,12.0],"texture":"#0"},"west":{"uv":[7.5,11.5,8.0,12.0],"texture":"#0"},"east":{"uv":[7.5,11.5,8.0,12.0],"texture":"#0"}}},{"from":[6.25,-11.0,2.25],"to":[6.5,-10.25,3.0],"faces":{"down":{"uv":[2.5,12.0,3.0,13.0],"texture":"#0"},"up":{"uv":[2.5,12.0,3.0,13.0],"texture":"#0"},"north":{"uv":[4.0,12.5,4.5,14.0],"texture":"#0"},"south":{"uv":[4.0,12.5,4.5,14.0],"texture":"#0"},"west":{"uv":[5.0,12.0,6.5,13.5],"texture":"#0"},"east":{"uv":[5.0,12.0,6.5,13.5],"texture":"#0"}}},{"from":[6.25,-12.25,3.0],"to":[6.5,-12.0,5.5],"faces":{"down":{"uv":[4.0,11.0,4.5,15.0],"texture":"#0"},"up":{"uv":[4.0,11.0,4.5,15.0],"texture":"#0"},"north":{"uv":[6.5,10.0,7.0,10.5],"texture":"#0"},"south":{"uv":[6.5,10.0,7.0,10.5],"texture":"#0"},"west":{"uv":[1.0,12.0,5.0,12.5],"texture":"#0"},"east":{"uv":[1.0,12.0,5.0,12.5],"texture":"#0"}}},{"from":[6.25,-9.75,2.75],"to":[6.5,-9.5,3.0],"faces":{"down":{"uv":[1.5,10.5,2.0,11.0],"texture":"#0"},"up":{"uv":[1.5,10.5,2.0,11.0],"texture":"#0"},"north":{"uv":[1.5,10.5,2.0,11.0],"texture":"#0"},"south":{"uv":[1.5,10.5,2.0,11.0],"texture":"#0"},"west":{"uv":[1.5,10.5,2.0,11.0],"texture":"#0"},"east":{"uv":[1.5,10.5,2.0,11.0],"texture":"#0"}}},{"from":[6.25,-9.75,3.5],"to":[6.5,-9.5,5.0],"faces":{"down":{"uv":[1.5,11.5,2.0,14.5],"texture":"#0"},"up":{"uv":[1.5,11.5,2.0,14.5],"texture":"#0"},"north":{"uv":[5.5,11.5,6.0,12.0],"texture":"#0"},"south":{"uv":[5.5,11.5,6.0,12.0],"texture":"#0"},"west":{"uv":[1.5,11.5,4.5,12.0],"texture":"#0"},"east":{"uv":[1.5,11.5,4.5,12.0],"texture":"#0"}}},{"from":[6.25,-11.5,5.25],"to":[6.5,-11.0,6.0],"faces":{"down":{"uv":[3.0,10.5,3.5,11.5],"texture":"#0"},"up":{"uv":[3.0,10.5,3.5,11.5],"texture":"#0"},"north":{"uv":[5.5,11.0,6.0,12.0],"texture":"#0"},"south":{"uv":[2.0,11.5,2.5,12.5],"texture":"#0"},"west":{"uv":[3.0,10.5,3.5,11.5],"texture":"#0"},"east":{"uv":[3.0,10.5,3.5,11.5],"texture":"#0"}}},{"from":[6.0,-10.75,5.5],"to":[6.75,-10.5,5.75],"faces":{"down":{"uv":[5.0,11.0,5.5,11.5],"texture":"#0"},"up":{"uv":[5.0,11.0,5.5,11.5],"texture":"#0"},"north":{"uv":[5.0,11.0,5.5,11.5],"texture":"#0"},"south":{"uv":[5.0,11.0,5.5,11.5],"texture":"#0"},"west":{"uv":[5.0,11.0,5.5,11.5],"texture":"#0"},"east":{"uv":[5.0,11.0,5.5,11.5],"texture":"#0"}}},{"from":[6.0,-10.25,2.75],"to":[6.75,-9.75,3.0],"faces":{"down":{"uv":[6.5,10.0,7.5,10.5],"texture":"#0"},"up":{"uv":[6.5,10.0,7.5,10.5],"texture":"#0"},"north":{"uv":[6.5,10.0,7.0,11.0],"texture":"#0"},"south":{"uv":[6.5,10.0,7.0,11.0],"texture":"#0"},"west":{"uv":[6.5,10.0,7.0,11.0],"texture":"#0"},"east":{"uv":[6.5,10.0,7.0,11.0],"texture":"#0"}}},{"from":[6.0,-11.0,2.5],"to":[6.75,-10.25,2.75],"faces":{"down":{"uv":[2.5,12.0,4.0,12.5],"texture":"#0"},"up":{"uv":[2.5,12.0,4.0,12.5],"texture":"#0"},"north":{"uv":[5.0,10.5,5.5,12.0],"texture":"#0"},"south":{"uv":[5.0,10.5,5.5,12.0],"texture":"#0"},"west":{"uv":[5.0,10.5,5.5,12.0],"texture":"#0"},"east":{"uv":[5.0,10.5,5.5,12.0],"texture":"#0"}}},{"from":[6.0,-11.5,5.5],"to":[6.75,-11.0,5.75],"faces":{"down":{"uv":[2.0,12.0,2.5,13.0],"texture":"#0"},"up":{"uv":[2.0,12.0,2.5,13.0],"texture":"#0"},"north":{"uv":[2.0,12.0,2.5,13.0],"texture":"#0"},"south":{"uv":[2.0,12.0,2.5,13.0],"texture":"#0"},"west":{"uv":[2.0,12.0,2.5,13.0],"texture":"#0"},"east":{"uv":[2.0,12.0,2.5,13.0],"texture":"#0"}}},{"from":[6.25,-10.5,5.5],"to":[6.5,-10.25,5.75],"faces":{"down":{"uv":[5.5,11.5,6.0,12.0],"texture":"#0"},"up":{"uv":[5.5,11.5,6.0,12.0],"texture":"#0"},"north":{"uv":[5.5,11.5,6.0,12.0],"texture":"#0"},"south":{"uv":[5.5,11.5,6.0,12.0],"texture":"#0"},"west":{"uv":[5.5,11.5,6.0,12.0],"texture":"#0"},"east":{"uv":[5.5,11.5,6.0,12.0],"texture":"#0"}}},{"from":[6.25,-10.25,2.5],"to":[6.5,-9.75,3.25],"faces":{"down":{"uv":[7.5,12.5,8.0,13.5],"texture":"#0"},"up":{"uv":[7.5,12.5,8.0,13.5],"texture":"#0"},"north":{"uv":[7.5,12.5,8.0,13.5],"texture":"#0"},"south":{"uv":[7.5,12.5,8.0,13.5],"texture":"#0"},"west":{"uv":[7.0,14.0,8.5,15.0],"texture":"#0"},"east":{"uv":[7.0,14.0,8.5,15.0],"texture":"#0"}}},{"from":[6.25,-10.0,3.25],"to":[6.5,-9.75,3.5],"faces":{"down":{"uv":[7.0,10.5,7.5,11.0],"texture":"#0"},"up":{"uv":[7.0,10.5,7.5,11.0],"texture":"#0"},"north":{"uv":[7.0,10.5,7.5,11.0],"texture":"#0"},"south":{"uv":[7.0,10.5,7.5,11.0],"texture":"#0"},"west":{"uv":[7.0,10.5,7.5,11.0],"texture":"#0"},"east":{"uv":[7.0,10.5,7.5,11.0],"texture":"#0"}}},{"from":[6.25,-9.5,3.0],"to":[6.5,-9.25,3.25],"faces":{"down":{"uv":[3.5,12.0,4.0,12.5],"texture":"#0"},"up":{"uv":[3.5,12.0,4.0,12.5],"texture":"#0"},"north":{"uv":[3.5,12.0,4.0,12.5],"texture":"#0"},"south":{"uv":[3.5,12.0,4.0,12.5],"texture":"#0"},"west":{"uv":[3.5,12.0,4.0,12.5],"texture":"#0"},"east":{"uv":[3.5,12.0,4.0,12.5],"texture":"#0"}}},{"from":[6.25,-9.25,3.25],"to":[6.5,-5.25,4.5],"faces":{"down":{"uv":[14.0,13.5,15.5,13.0],"texture":"#0"},"up":{"uv":[14.0,13.5,15.5,13.0],"texture":"#0"},"north":{"uv":[14.0,14.5,13.5,6.5],"texture":"#0","rotation":180},"south":{"uv":[16.0,14.5,15.5,6.5],"texture":"#0","rotation":180},"west":{"uv":[16.0,14.5,13.5,6.5],"texture":"#0","rotation":180},"east":{"uv":[16.0,14.5,13.5,6.5],"texture":"#0","rotation":180}}},{"from":[6.0,-12.75,2.25],"to":[6.75,-12.5,2.5],"faces":{"down":{"uv":[3.0,11.5,3.5,12.0],"texture":"#0"},"up":{"uv":[3.0,11.5,3.5,12.0],"texture":"#0"},"north":{"uv":[3.0,11.5,3.5,12.0],"texture":"#0"},"south":{"uv":[3.0,11.5,3.5,12.0],"texture":"#0"},"west":{"uv":[3.0,11.5,3.5,12.0],"texture":"#0"},"east":{"uv":[3.0,11.5,3.5,12.0],"texture":"#0"}}},{"from":[6.0,-11.75,3.0],"to":[6.75,-11.5,3.25],"faces":{"down":{"uv":[3.0,11.5,3.5,12.0],"texture":"#0"},"up":{"uv":[3.0,11.5,3.5,12.0],"texture":"#0"},"north":{"uv":[3.0,11.5,3.5,12.0],"texture":"#0"},"south":{"uv":[3.0,11.5,3.5,12.0],"texture":"#0"},"west":{"uv":[3.0,11.5,3.5,12.0],"texture":"#0"},"east":{"uv":[3.0,11.5,3.5,12.0],"texture":"#0"}}},{"from":[6.25,-12.0,4.75],"to":[6.5,-11.75,5.0],"faces":{"down":{"uv":[5.0,10.5,5.5,11.0],"texture":"#0"},"up":{"uv":[5.0,10.5,5.5,11.0],"texture":"#0"},"north":{"uv":[5.0,10.5,5.5,11.0],"texture":"#0"},"south":{"uv":[5.0,10.5,5.5,11.0],"texture":"#0"},"west":{"uv":[5.0,10.5,5.5,11.0],"texture":"#0"},"east":{"uv":[5.0,10.5,5.5,11.0],"texture":"#0"}}},{"from":[6.25,-12.0,5.0],"to":[6.5,-11.5,5.75],"faces":{"down":{"uv":[1.5,13.0,3.0,14.0],"texture":"#0"},"up":{"uv":[1.5,13.0,3.0,14.0],"texture":"#0"},"north":{"uv":[5.0,11.0,5.5,12.0],"texture":"#0"},"south":{"uv":[5.0,11.0,5.5,12.0],"texture":"#0"},"west":{"uv":[1.5,13.0,3.0,14.0],"texture":"#0"},"east":{"uv":[1.5,13.0,3.0,14.0],"texture":"#0"}}},{"from":[6.0,-12.25,4.75],"to":[6.75,-12.0,5.25],"faces":{"down":{"uv":[2.5,12.5,3.5,13.0],"texture":"#0"},"up":{"uv":[2.5,12.5,3.5,13.0],"texture":"#0"},"north":{"uv":[2.5,12.5,3.5,13.0],"texture":"#0"},"south":{"uv":[2.5,12.5,3.5,13.0],"texture":"#0"},"west":{"uv":[2.5,12.5,3.5,13.0],"texture":"#0"},"east":{"uv":[2.5,12.5,3.5,13.0],"texture":"#0"}}},{"from":[6.25,-11.25,3.5],"to":[6.5,-10.75,5.0],"faces":{"down":{"uv":[12.0,12.5,12.5,15.5],"texture":"#0"},"up":{"uv":[9.5,12.5,10.0,15.5],"texture":"#0"},"north":{"uv":[9.5,13.5,10.0,14.5],"texture":"#0"},"south":{"uv":[12.0,13.5,12.5,14.5],"texture":"#0"},"west":{"uv":[9.5,13.5,12.5,14.5],"texture":"#0"},"east":{"uv":[9.5,13.5,12.5,14.5],"texture":"#0"}}},{"from":[6.0,-12.0,5.0],"to":[6.75,-11.75,5.5],"faces":{"down":{"uv":[5.0,11.0,6.0,11.5],"texture":"#0"},"up":{"uv":[5.0,11.0,6.0,11.5],"texture":"#0"},"north":{"uv":[5.0,11.0,6.0,11.5],"texture":"#0"},"south":{"uv":[5.0,11.0,6.0,11.5],"texture":"#0"},"west":{"uv":[5.0,11.0,6.0,11.5],"texture":"#0"},"east":{"uv":[5.0,11.0,6.0,11.5],"texture":"#0"}}},{"from":[6.25,-13.0,2.25],"to":[6.5,-12.75,3.5],"faces":{"down":{"uv":[4.0,11.0,4.5,14.0],"texture":"#0"},"up":{"uv":[4.0,11.0,4.5,14.0],"texture":"#0"},"north":{"uv":[5.0,11.0,5.5,11.5],"texture":"#0"},"south":{"uv":[5.0,11.0,5.5,11.5],"texture":"#0"},"west":{"uv":[1.5,12.5,4.0,13.0],"texture":"#0"},"east":{"uv":[1.5,12.5,4.0,13.0],"texture":"#0"}}},{"from":[6.25,-12.0,3.5],"to":[6.5,-11.75,3.75],"faces":{"down":{"uv":[0.5,13.0,1.0,13.5],"texture":"#0"},"up":{"uv":[0.5,13.0,1.0,13.5],"texture":"#0"},"north":{"uv":[0.5,13.0,1.0,13.5],"texture":"#0"},"south":{"uv":[0.5,13.0,1.0,13.5],"texture":"#0"},"west":{"uv":[0.5,13.0,1.0,13.5],"texture":"#0"},"east":{"uv":[0.5,13.0,1.0,13.5],"texture":"#0"}}},{"from":[6.25,-12.0,2.75],"to":[6.5,-11.5,3.5],"faces":{"down":{"uv":[5.5,10.0,6.0,11.0],"texture":"#0"},"up":{"uv":[5.5,10.0,6.0,11.0],"texture":"#0"},"north":{"uv":[5.5,10.0,6.0,11.0],"texture":"#0"},"south":{"uv":[5.5,10.0,6.0,11.0],"texture":"#0"},"west":{"uv":[5.5,10.0,6.0,11.0],"texture":"#0"},"east":{"uv":[5.5,10.0,6.0,11.0],"texture":"#0"}}},{"from":[6.0,-12.0,3.0],"to":[6.75,-11.75,3.5],"faces":{"down":{"uv":[4.5,14.0,5.5,15.5],"texture":"#0"},"up":{"uv":[4.5,14.0,5.5,15.5],"texture":"#0"},"north":{"uv":[3.0,13.0,4.0,13.5],"texture":"#0"},"south":{"uv":[3.0,13.0,4.0,13.5],"texture":"#0"},"west":{"uv":[3.0,13.0,4.0,13.5],"texture":"#0"},"east":{"uv":[3.0,13.0,4.0,13.5],"texture":"#0"}}},{"from":[6.25,-11.5,2.5],"to":[6.5,-11.0,3.25],"faces":{"down":{"uv":[5.0,10.5,5.5,12.0],"texture":"#0"},"up":{"uv":[5.0,10.5,5.5,12.0],"texture":"#0"},"north":{"uv":[5.0,10.5,5.5,12.0],"texture":"#0"},"south":{"uv":[5.0,10.5,5.5,12.0],"texture":"#0"},"west":{"uv":[5.0,10.5,6.5,12.0],"texture":"#0"},"east":{"uv":[5.0,10.5,6.5,12.0],"texture":"#0"}}},{"from":[6.0,-11.5,2.75],"to":[6.75,-11.0,3.0],"faces":{"down":{"uv":[3.0,11.5,3.5,12.0],"texture":"#0"},"up":{"uv":[3.0,11.5,3.5,12.0],"texture":"#0"},"north":{"uv":[3.0,11.5,3.5,12.0],"texture":"#0"},"south":{"uv":[3.0,11.5,3.5,12.0],"texture":"#0"},"west":{"uv":[3.0,11.5,3.5,12.0],"texture":"#0"},"east":{"uv":[3.0,11.5,3.5,12.0],"texture":"#0"}}},{"from":[6.0,-11.0,5.75],"to":[6.75,-10.75,6.0],"faces":{"down":{"uv":[1.0,11.5,1.5,12.0],"texture":"#0"},"up":{"uv":[1.0,11.5,1.5,12.0],"texture":"#0"},"north":{"uv":[1.0,11.5,1.5,12.0],"texture":"#0"},"south":{"uv":[1.0,11.5,1.5,12.0],"texture":"#0"},"west":{"uv":[1.0,11.5,1.5,12.0],"texture":"#0"},"east":{"uv":[1.0,11.5,1.5,12.0],"texture":"#0"}}},{"from":[6.25,-11.0,5.5],"to":[6.5,-10.75,6.25],"faces":{"down":{"uv":[1.5,13.0,3.0,13.5],"texture":"#0"},"up":{"uv":[1.5,13.0,3.0,13.5],"texture":"#0"},"north":{"uv":[3.0,14.0,3.5,14.5],"texture":"#0"},"south":{"uv":[3.0,14.0,3.5,14.5],"texture":"#0"},"west":{"uv":[1.5,13.0,3.0,13.5],"texture":"#0"},"east":{"uv":[1.5,13.0,3.0,13.5],"texture":"#0"}}},{"from":[6.25,-10.75,5.25],"to":[6.5,-10.5,6.0],"faces":{"down":{"uv":[4.5,11.0,6.0,11.5],"texture":"#0"},"up":{"uv":[4.5,11.0,6.0,11.5],"texture":"#0"},"north":{"uv":[5.0,11.0,5.5,11.5],"texture":"#0"},"south":{"uv":[5.0,11.0,5.5,11.5],"texture":"#0"},"west":{"uv":[4.5,11.0,6.0,11.5],"texture":"#0"},"east":{"uv":[4.5,11.0,6.0,11.5],"texture":"#0"}}},{"from":[6.25,-12.5,3.25],"to":[6.5,-12.25,5.25],"faces":{"down":{"uv":[0.5,13.0,1.0,13.5],"texture":"#0"},"up":{"uv":[0.5,13.0,1.0,13.5],"texture":"#0"},"north":{"uv":[0.5,13.0,1.0,13.5],"texture":"#0"},"south":{"uv":[0.5,13.0,1.0,13.5],"texture":"#0"},"west":{"uv":[0.5,13.0,1.0,13.5],"texture":"#0"},"east":{"uv":[0.5,13.0,1.0,13.5],"texture":"#0"}}},{"from":[6.25,-11.0,1.5],"to":[6.5,-10.75,1.75],"faces":{"down":{"uv":[0.5,13.0,1.0,13.5],"texture":"#0"},"up":{"uv":[0.5,13.0,1.0,13.5],"texture":"#0"},"north":{"uv":[0.5,13.0,1.0,13.5],"texture":"#0"},"south":{"uv":[0.5,13.0,1.0,13.5],"texture":"#0"},"west":{"uv":[0.5,13.0,1.0,13.5],"texture":"#0"},"east":{"uv":[0.5,13.0,1.0,13.5],"texture":"#0"}}},{"from":[6.25,-12.75,2.0],"to":[6.5,-12.5,2.75],"faces":{"down":{"uv":[5.0,10.5,5.5,12.0],"texture":"#0"},"up":{"uv":[5.0,10.5,5.5,12.0],"texture":"#0"},"north":{"uv":[5.5,10.0,6.0,10.5],"texture":"#0"},"south":{"uv":[5.5,10.0,6.0,10.5],"texture":"#0"},"west":{"uv":[2.0,10.0,3.5,10.5],"texture":"#0"},"east":{"uv":[2.0,10.0,3.5,10.5],"texture":"#0"}}},{"from":[6.0,-12.5,3.5],"to":[6.75,-12.25,5.0],"faces":{"down":{"uv":[3.5,10.5,4.0,13.0],"texture":"#0"},"up":{"uv":[3.5,10.5,4.0,13.0],"texture":"#0"},"north":{"uv":[5.0,11.0,5.5,11.5],"texture":"#0"},"south":{"uv":[5.0,11.0,5.5,11.5],"texture":"#0"},"west":{"uv":[0.5,9.5,3.5,10.0],"texture":"#0"},"east":{"uv":[0.5,9.5,3.5,10.0],"texture":"#0"}}},{"from":[6.0,-9.25,2.5],"to":[6.75,-8.75,2.75],"faces":{"down":{"uv":[5.5,13.0,6.0,14.0],"texture":"#0"},"up":{"uv":[5.5,13.0,6.0,14.0],"texture":"#0"},"north":{"uv":[5.5,13.0,6.0,14.0],"texture":"#0"},"south":{"uv":[5.5,13.0,6.0,14.0],"texture":"#0"},"west":{"uv":[5.5,13.0,6.0,14.0],"texture":"#0"},"east":{"uv":[5.5,13.0,6.0,14.0],"texture":"#0"}}},{"from":[6.0,-13.0,2.5],"to":[6.75,-12.75,3.0],"faces":{"down":{"uv":[1.5,9.5,2.5,10.0],"texture":"#0"},"up":{"uv":[1.5,9.5,2.5,10.0],"texture":"#0"},"north":{"uv":[1.5,9.5,2.5,10.0],"texture":"#0"},"south":{"uv":[1.5,9.5,2.5,10.0],"texture":"#0"},"west":{"uv":[1.5,9.5,2.5,10.0],"texture":"#0"},"east":{"uv":[1.5,9.5,2.5,10.0],"texture":"#0"}}},{"from":[6.25,-13.25,2.5],"to":[6.5,-13.0,3.0],"faces":{"down":{"uv":[0.5,13.0,1.0,13.5],"texture":"#0"},"up":{"uv":[0.5,13.0,1.0,13.5],"texture":"#0"},"north":{"uv":[0.5,13.0,1.0,13.5],"texture":"#0"},"south":{"uv":[0.5,13.0,1.0,13.5],"texture":"#0"},"west":{"uv":[0.5,13.0,1.0,13.5],"texture":"#0"},"east":{"uv":[0.5,13.0,1.0,13.5],"texture":"#0"}}},{"from":[6.25,-12.5,2.25],"to":[6.5,-12.25,2.5],"faces":{"down":{"uv":[0.5,13.0,1.0,13.5],"texture":"#0"},"up":{"uv":[0.5,13.0,1.0,13.5],"texture":"#0"},"north":{"uv":[0.5,13.0,1.0,13.5],"texture":"#0"},"south":{"uv":[0.5,13.0,1.0,13.5],"texture":"#0"},"west":{"uv":[0.5,13.0,1.0,13.5],"texture":"#0"},"east":{"uv":[0.5,13.0,1.0,13.5],"texture":"#0"}}},{"from":[6.0,-12.75,3.0],"to":[6.75,-12.5,3.5],"faces":{"down":{"uv":[1.5,14.5,2.5,15.0],"texture":"#0"},"up":{"uv":[1.5,14.5,2.5,15.0],"texture":"#0"},"north":{"uv":[1.5,14.5,2.5,15.0],"texture":"#0"},"south":{"uv":[1.5,14.5,2.5,15.0],"texture":"#0"},"west":{"uv":[1.5,14.5,2.5,15.0],"texture":"#0"},"east":{"uv":[1.5,14.5,2.5,15.0],"texture":"#0"}}},{"from":[6.0,-11.25,2.25],"to":[6.75,-11.0,2.5],"faces":{"down":{"uv":[3.0,11.5,3.5,12.0],"texture":"#0"},"up":{"uv":[3.0,11.5,3.5,12.0],"texture":"#0"},"north":{"uv":[3.0,11.5,3.5,12.0],"texture":"#0"},"south":{"uv":[3.0,11.5,3.5,12.0],"texture":"#0"},"west":{"uv":[3.0,11.5,3.5,12.0],"texture":"#0"},"east":{"uv":[3.0,11.5,3.5,12.0],"texture":"#0"}}},{"from":[6.0,-9.5,2.75],"to":[6.75,-9.25,3.0],"faces":{"down":{"uv":[3.0,11.5,3.5,12.0],"texture":"#0"},"up":{"uv":[3.0,11.5,3.5,12.0],"texture":"#0"},"north":{"uv":[3.0,11.5,3.5,12.0],"texture":"#0"},"south":{"uv":[3.0,11.5,3.5,12.0],"texture":"#0"},"west":{"uv":[3.0,11.5,3.5,12.0],"texture":"#0"},"east":{"uv":[3.0,11.5,3.5,12.0],"texture":"#0"}}},{"from":[6.25,-12.75,2.75],"to":[6.5,-12.5,3.0],"faces":{"down":{"uv":[6.0,11.0,6.5,11.5],"texture":"#0"},"up":{"uv":[6.0,11.0,6.5,11.5],"texture":"#0"},"north":{"uv":[6.0,11.0,6.5,11.5],"texture":"#0"},"south":{"uv":[6.0,11.0,6.5,11.5],"texture":"#0"},"west":{"uv":[6.0,11.0,6.5,11.5],"texture":"#0"},"east":{"uv":[6.0,11.0,6.5,11.5],"texture":"#0"}}},{"from":[6.25,-11.5,1.5],"to":[6.5,-11.25,2.5],"faces":{"down":{"uv":[5.0,10.5,5.5,12.0],"texture":"#0"},"up":{"uv":[5.0,10.5,5.5,12.0],"texture":"#0"},"north":{"uv":[2.0,13.0,2.5,13.5],"texture":"#0"},"south":{"uv":[2.0,13.0,2.5,13.5],"texture":"#0"},"west":{"uv":[2.0,12.0,3.5,12.5],"texture":"#0"},"east":{"uv":[2.0,12.0,3.5,12.5],"texture":"#0"}}},{"from":[6.25,-11.75,1.75],"to":[6.5,-11.5,2.25],"faces":{"down":{"uv":[5.0,11.0,5.5,12.0],"texture":"#0"},"up":{"uv":[5.0,11.0,5.5,12.0],"texture":"#0"},"north":{"uv":[5.0,11.0,5.5,11.5],"texture":"#0"},"south":{"uv":[5.0,11.0,5.5,11.5],"texture":"#0"},"west":{"uv":[5.0,11.0,6.0,11.5],"texture":"#0"},"east":{"uv":[5.0,11.0,6.0,11.5],"texture":"#0"}}},{"from":[6.0,-11.5,1.75],"to":[6.75,-11.25,2.25],"faces":{"down":{"uv":[4.0,14.5,5.0,15.0],"texture":"#0"},"up":{"uv":[4.0,14.5,5.0,15.0],"texture":"#0"},"north":{"uv":[4.0,14.5,5.0,15.0],"texture":"#0"},"south":{"uv":[4.0,14.5,5.0,15.0],"texture":"#0"},"west":{"uv":[4.0,14.5,5.0,15.0],"texture":"#0"},"east":{"uv":[4.0,14.5,5.0,15.0],"texture":"#0"}}},{"from":[6.0,-11.25,1.5],"to":[6.75,-11.0,1.75],"faces":{"down":{"uv":[3.0,11.5,3.5,12.0],"texture":"#0"},"up":{"uv":[3.0,11.5,3.5,12.0],"texture":"#0"},"north":{"uv":[3.0,11.5,3.5,12.0],"texture":"#0"},"south":{"uv":[3.0,11.5,3.5,12.0],"texture":"#0"},"west":{"uv":[3.0,11.5,3.5,12.0],"texture":"#0"},"east":{"uv":[3.0,11.5,3.5,12.0],"texture":"#0"}}},{"from":[6.25,-11.25,1.25],"to":[6.5,-11.0,2.25],"faces":{"down":{"uv":[3.5,12.5,4.0,14.5],"texture":"#0"},"up":{"uv":[3.5,12.5,4.0,14.5],"texture":"#0"},"north":{"uv":[2.0,12.0,2.5,12.5],"texture":"#0"},"south":{"uv":[2.0,12.0,2.5,12.5],"texture":"#0"},"west":{"uv":[5.0,11.0,7.0,11.5],"texture":"#0"},"east":{"uv":[5.0,11.0,7.0,11.5],"texture":"#0"}}},{"from":[6.25,-9.5,2.5],"to":[6.5,-8.5,2.75],"faces":{"down":{"uv":[2.5,12.0,3.0,12.5],"texture":"#0"},"up":{"uv":[2.5,12.0,3.0,12.5],"texture":"#0"},"north":{"uv":[2.5,12.0,3.0,12.5],"texture":"#0"},"south":{"uv":[2.5,12.0,3.0,12.5],"texture":"#0"},"west":{"uv":[2.5,12.0,3.0,12.5],"texture":"#0"},"east":{"uv":[2.5,12.0,3.0,12.5],"texture":"#0"}}},{"from":[6.25,-9.75,2.5],"to":[6.5,-9.5,2.75],"faces":{"down":{"uv":[1.5,10.0,2.0,10.5],"texture":"#0"},"up":{"uv":[1.5,10.0,2.0,10.5],"texture":"#0"},"north":{"uv":[1.5,10.0,2.0,10.5],"texture":"#0"},"south":{"uv":[1.5,10.0,2.0,10.5],"texture":"#0"},"west":{"uv":[1.5,10.0,2.0,10.5],"texture":"#0"},"east":{"uv":[1.5,10.0,2.0,10.5],"texture":"#0"}}},{"from":[6.25,-9.25,2.25],"to":[6.5,-8.75,3.0],"faces":{"down":{"uv":[7.0,13.0,7.5,14.0],"texture":"#0"},"up":{"uv":[7.0,13.0,7.5,14.0],"texture":"#0"},"north":{"uv":[7.0,13.0,7.5,14.0],"texture":"#0"},"south":{"uv":[7.0,13.0,7.5,14.0],"texture":"#0"},"west":{"uv":[7.0,13.0,7.5,14.0],"texture":"#0"},"east":{"uv":[7.0,13.0,7.5,14.0],"texture":"#0"}}},{"from":[6.0,-12.25,3.25],"to":[6.75,-12.0,3.75],"faces":{"down":{"uv":[5.0,12.0,6.0,13.0],"texture":"#0"},"up":{"uv":[5.0,12.0,6.0,13.0],"texture":"#0"},"north":{"uv":[5.0,11.0,6.0,11.5],"texture":"#0"},"south":{"uv":[5.0,11.0,6.0,11.5],"texture":"#0"},"west":{"uv":[5.0,11.0,6.0,11.5],"texture":"#0"},"east":{"uv":[5.0,11.0,6.0,11.5],"texture":"#0"}}},{"from":[6.0,-11.5,4.0],"to":[6.75,-10.5,4.5],"faces":{"down":{"uv":[10.5,15.0,11.5,16.0],"texture":"#0"},"up":{"uv":[10.5,12.0,11.5,13.0],"texture":"#0"},"north":{"uv":[9.0,13.0,10.0,15.0],"texture":"#0"},"south":{"uv":[12.0,13.0,13.0,15.0],"texture":"#0","rotation":90},"west":{"uv":[10.5,13.0,11.5,15.0],"texture":"#0"},"east":{"uv":[10.5,13.0,11.5,15.0],"texture":"#0"}}},{"from":[5.75,-11.25,4.0],"to":[7.0,-10.75,4.5],"faces":{"down":{"uv":[10.5,13.5,11.5,14.5],"texture":"#0"},"up":{"uv":[10.5,13.5,11.5,14.5],"texture":"#0"},"north":{"uv":[10.5,13.5,11.5,14.5],"texture":"#0"},"south":{"uv":[10.5,13.5,11.5,14.5],"texture":"#0"},"west":{"uv":[10.5,13.5,11.5,14.5],"texture":"#0"},"east":{"uv":[10.5,13.5,11.5,14.5],"texture":"#0"}}},{"from":[6.0,-11.25,3.75],"to":[6.75,-10.75,4.75],"faces":{"down":{"uv":[10.0,13.5,10.5,14.5],"texture":"#0"},"up":{"uv":[10.0,13.5,10.5,14.5],"texture":"#0"},"north":{"uv":[10.0,13.5,10.5,14.5],"texture":"#0"},"south":{"uv":[11.5,13.5,12.0,14.5],"texture":"#0"},"west":{"uv":[10.0,13.5,12.0,14.5],"texture":"#0"},"east":{"uv":[10.0,13.5,12.0,14.5],"texture":"#0"}}},{"from":[6.25,-11.5,3.75],"to":[6.5,-10.5,4.75],"faces":{"down":{"uv":[12.5,13.0,13.0,15.0],"texture":"#0"},"up":{"uv":[9.0,13.0,9.5,15.0],"texture":"#0"},"north":{"uv":[9.0,13.0,9.5,15.0],"texture":"#0"},"south":{"uv":[12.5,13.0,13.0,15.0],"texture":"#0"},"west":{"uv":[10.0,13.0,12.0,15.0],"texture":"#0"},"east":{"uv":[10.0,13.0,12.0,15.0],"texture":"#0"}}},{"from":[6.25,-11.75,4.0],"to":[6.5,-10.25,4.5],"faces":{"down":{"uv":[10.0,12.0,10.5,13.0],"texture":"#0"},"up":{"uv":[11.0,12.0,11.5,13.0],"texture":"#0"},"north":{"uv":[9.5,12.5,10.0,15.5],"texture":"#0"},"south":{"uv":[12.0,12.5,12.5,15.5],"texture":"#0"},"west":{"uv":[10.5,12.5,11.5,15.5],"texture":"#0"},"east":{"uv":[10.5,12.5,11.5,15.5],"texture":"#0"}}},{"from":[6.0,-9.5,3.25],"to":[6.75,-9.25,4.5],"faces":{"down":{"uv":[5.5,9.5,8.0,11.0],"texture":"#0"},"up":{"uv":[5.5,9.5,8.0,11.0],"texture":"#0"},"north":{"uv":[4.5,9.0,7.0,9.5],"texture":"#0"},"south":{"uv":[4.5,9.0,7.0,9.5],"texture":"#0"},"west":{"uv":[4.5,9.0,7.0,9.5],"texture":"#0"},"east":{"uv":[4.5,9.0,7.0,9.5],"texture":"#0"}}},{"from":[6.0,-9.25,3.5],"to":[6.75,-5.25,4.25],"faces":{"down":{"uv":[15.5,14.5,14.0,6.5],"texture":"#0","rotation":180},"up":{"uv":[15.5,14.5,14.0,6.5],"texture":"#0","rotation":180},"north":{"uv":[15.5,14.5,14.0,6.5],"texture":"#0","rotation":180},"south":{"uv":[15.5,14.5,14.0,6.5],"texture":"#0","rotation":180},"west":{"uv":[15.5,14.5,14.0,6.5],"texture":"#0","rotation":180},"east":{"uv":[15.5,14.5,14.0,6.5],"texture":"#0","rotation":180}}},{"from":[6.0,-5.25,3.5],"to":[6.75,2.75,4.25],"faces":{"down":{"uv":[15.5,16.0,14.0,0.0],"texture":"#0","rotation":180},"up":{"uv":[15.5,16.0,14.0,0.0],"texture":"#0","rotation":180},"north":{"uv":[15.5,16.0,14.0,0.0],"texture":"#0","rotation":180},"south":{"uv":[15.5,16.0,14.0,0.0],"texture":"#0","rotation":180},"west":{"uv":[15.5,16.0,14.0,0.0],"texture":"#0","rotation":180},"east":{"uv":[15.5,16.0,14.0,0.0],"texture":"#0","rotation":180}}},{"from":[6.25,-5.25,3.25],"to":[6.5,2.75,4.5],"faces":{"down":{"uv":[15.0,13.5,13.5,13.0],"texture":"#0"},"up":{"uv":[15.0,13.5,13.5,13.0],"texture":"#0"},"north":{"uv":[14.0,16.0,13.5,0.0],"texture":"#0","rotation":180},"south":{"uv":[16.0,16.0,15.5,0.0],"texture":"#0","rotation":180},"west":{"uv":[16.0,16.0,13.5,0.0],"texture":"#0","rotation":180},"east":{"uv":[16.0,16.0,13.5,0.0],"texture":"#0","rotation":180}}},{"from":[6.25,6.5,3.0],"to":[6.5,6.75,4.75],"faces":{"down":{"uv":[5.0,11.0,5.5,11.5],"texture":"#0"},"up":{"uv":[5.0,11.0,5.5,11.5],"texture":"#0"},"north":{"uv":[5.0,11.0,5.5,11.5],"texture":"#0"},"south":{"uv":[5.0,11.0,5.5,11.5],"texture":"#0"},"west":{"uv":[5.0,11.0,5.5,11.5],"texture":"#0"},"east":{"uv":[5.0,11.0,5.5,11.5],"texture":"#0"}}},{"from":[5.75,6.0,3.75],"to":[7.0,6.5,4.0],"faces":{"down":{"uv":[6.0,10.5,6.5,11.5],"texture":"#0"},"up":{"uv":[6.0,10.5,6.5,11.5],"texture":"#0"},"north":{"uv":[6.0,10.5,6.5,11.5],"texture":"#0"},"south":{"uv":[6.0,10.5,6.5,11.5],"texture":"#0"},"west":{"uv":[6.0,10.5,6.5,11.5],"texture":"#0"},"east":{"uv":[6.0,10.5,6.5,11.5],"texture":"#0"}}},{"from":[6.5,6.25,4.25],"to":[6.75,6.75,4.5],"faces":{"down":{"uv":[7.5,12.5,8.0,13.0],"texture":"#0"},"up":{"uv":[7.5,12.5,8.0,13.0],"texture":"#0"},"north":{"uv":[5.5,10.5,6.0,11.5],"texture":"#0"},"south":{"uv":[5.5,10.5,6.0,11.5],"texture":"#0"},"west":{"uv":[5.5,10.5,6.0,11.5],"texture":"#0"},"east":{"uv":[5.5,10.5,6.0,11.5],"texture":"#0"}}},{"from":[6.0,6.25,4.25],"to":[6.25,6.75,4.5],"faces":{"down":{"uv":[3.0,10.0,3.5,10.5],"texture":"#0"},"up":{"uv":[3.0,10.0,3.5,10.5],"texture":"#0"},"north":{"uv":[2.0,12.5,2.5,13.5],"texture":"#0"},"south":{"uv":[2.0,12.5,2.5,13.5],"texture":"#0"},"west":{"uv":[2.0,12.5,2.5,13.5],"texture":"#0"},"east":{"uv":[2.0,12.5,2.5,13.5],"texture":"#0"}}},{"from":[6.0,6.25,3.25],"to":[6.25,6.75,3.5],"faces":{"down":{"uv":[3.0,10.0,3.5,10.5],"texture":"#0"},"up":{"uv":[3.0,10.0,3.5,10.5],"texture":"#0"},"north":{"uv":[5.0,10.5,5.5,11.5],"texture":"#0"},"south":{"uv":[5.0,10.5,5.5,11.5],"texture":"#0"},"west":{"uv":[5.0,10.5,5.5,11.5],"texture":"#0"},"east":{"uv":[5.0,10.5,5.5,11.5],"texture":"#0"}}},{"from":[6.5,6.25,3.25],"to":[6.75,6.75,3.5],"faces":{"down":{"uv":[7.0,11.0,7.5,11.5],"texture":"#0"},"up":{"uv":[7.0,11.0,7.5,11.5],"texture":"#0"},"north":{"uv":[5.5,11.0,6.0,12.0],"texture":"#0"},"south":{"uv":[5.5,11.0,6.0,12.0],"texture":"#0"},"west":{"uv":[5.5,11.0,6.0,12.0],"texture":"#0"},"east":{"uv":[5.5,11.0,6.0,12.0],"texture":"#0"}}},{"from":[5.75,6.5,3.5],"to":[7.0,6.75,4.25],"faces":{"down":{"uv":[6.0,10.0,7.5,10.5],"texture":"#0"},"up":{"uv":[6.0,10.0,7.5,10.5],"texture":"#0"},"north":{"uv":[6.0,10.0,7.5,10.5],"texture":"#0"},"south":{"uv":[6.0,10.0,7.5,10.5],"texture":"#0"},"west":{"uv":[6.0,10.0,7.5,10.5],"texture":"#0"},"east":{"uv":[6.0,10.0,7.5,10.5],"texture":"#0"}}},{"from":[5.75,8.5,4.5],"to":[7.0,8.75,4.75],"faces":{"down":{"uv":[5.0,11.0,5.5,11.5],"texture":"#0"},"up":{"uv":[5.0,11.0,5.5,11.5],"texture":"#0"},"north":{"uv":[5.0,11.0,5.5,11.5],"texture":"#0"},"south":{"uv":[5.0,11.0,5.5,11.5],"texture":"#0"},"west":{"uv":[5.0,11.0,5.5,11.5],"texture":"#0"},"east":{"uv":[5.0,11.0,5.5,11.5],"texture":"#0"}}},{"from":[6.0,6.75,3.0],"to":[6.75,7.5,4.75],"faces":{"down":{"uv":[2.0,12.0,3.5,13.5],"texture":"#0"},"up":{"uv":[2.0,12.0,3.5,13.5],"texture":"#0"},"north":{"uv":[2.0,12.0,3.5,13.5],"texture":"#0"},"south":{"uv":[2.0,12.0,3.5,13.5],"texture":"#0"},"west":{"uv":[2.0,12.0,3.5,13.5],"texture":"#0"},"east":{"uv":[2.0,12.0,3.5,13.5],"texture":"#0"}}},{"from":[5.75,6.75,3.25],"to":[7.0,8.25,4.5],"faces":{"down":{"uv":[4.0,11.0,6.5,13.5],"texture":"#0"},"up":{"uv":[4.0,11.0,6.5,13.5],"texture":"#0"},"north":{"uv":[4.0,11.0,6.5,13.5],"texture":"#0"},"south":{"uv":[4.0,11.0,6.5,13.5],"texture":"#0"},"west":{"uv":[4.0,11.0,6.5,13.5],"texture":"#0"},"east":{"uv":[4.0,11.0,6.5,13.5],"texture":"#0"}}},{"from":[6.0,8.5,4.75],"to":[6.75,8.75,5.0],"faces":{"down":{"uv":[6.0,11.5,6.5,12.0],"texture":"#0"},"up":{"uv":[6.0,11.5,6.5,12.0],"texture":"#0"},"north":{"uv":[6.0,11.5,6.5,12.0],"texture":"#0"},"south":{"uv":[6.0,11.5,6.5,12.0],"texture":"#0"},"west":{"uv":[6.0,11.5,6.5,12.0],"texture":"#0"},"east":{"uv":[6.0,11.5,6.5,12.0],"texture":"#0"}}},{"from":[6.25,7.75,2.75],"to":[6.5,8.25,5.0],"faces":{"down":{"uv":[4.5,12.0,6.5,13.0],"texture":"#0"},"up":{"uv":[4.5,12.0,6.5,13.0],"texture":"#0"},"north":{"uv":[4.0,13.0,4.5,14.0],"texture":"#0"},"south":{"uv":[4.0,13.0,4.5,14.0],"texture":"#0"},"west":{"uv":[4.5,12.0,6.5,13.0],"texture":"#0"},"east":{"uv":[4.5,12.0,6.5,13.0],"texture":"#0"}}},{"from":[6.0,7.5,2.75],"to":[6.75,7.75,5.0],"faces":{"down":{"uv":[2.0,10.5,3.5,11.0],"texture":"#0"},"up":{"uv":[2.0,10.5,3.5,11.0],"texture":"#0"},"north":{"uv":[2.0,10.5,3.5,11.0],"texture":"#0"},"south":{"uv":[2.0,10.5,3.5,11.0],"texture":"#0"},"west":{"uv":[2.0,10.5,3.5,11.0],"texture":"#0"},"east":{"uv":[2.0,10.5,3.5,11.0],"texture":"#0"}}},{"from":[6.0,7.75,3.0],"to":[6.75,8.25,4.75],"faces":{"down":{"uv":[2.0,10.5,3.5,11.5],"texture":"#0"},"up":{"uv":[2.0,10.5,3.5,11.5],"texture":"#0"},"north":{"uv":[2.0,10.5,3.5,11.5],"texture":"#0"},"south":{"uv":[2.0,10.5,3.5,11.5],"texture":"#0"},"west":{"uv":[2.0,10.5,3.5,11.5],"texture":"#0"},"east":{"uv":[2.0,10.5,3.5,11.5],"texture":"#0"}}},{"from":[6.25,9.75,2.5],"to":[6.5,10.0,5.25],"faces":{"down":{"uv":[3.0,10.5,3.5,14.0],"texture":"#0"},"up":{"uv":[3.0,10.5,3.5,14.0],"texture":"#0"},"north":{"uv":[6.0,10.0,6.5,10.5],"texture":"#0"},"south":{"uv":[6.0,10.0,6.5,10.5],"texture":"#0"},"west":{"uv":[3.0,10.5,7.0,11.0],"texture":"#0"},"east":{"uv":[3.0,10.5,7.0,11.0],"texture":"#0"}}},{"from":[6.25,10.5,5.0],"to":[6.5,10.75,5.25],"faces":{"down":{"uv":[2.5,14.0,3.0,14.5],"texture":"#0"},"up":{"uv":[2.5,14.0,3.0,14.5],"texture":"#0"},"north":{"uv":[2.5,14.0,3.0,14.5],"texture":"#0"},"south":{"uv":[2.5,14.0,3.0,14.5],"texture":"#0"},"west":{"uv":[2.5,14.0,3.0,14.5],"texture":"#0"},"east":{"uv":[2.5,14.0,3.0,14.5],"texture":"#0"}}},{"from":[6.25,8.75,2.75],"to":[6.5,9.0,3.25],"faces":{"down":{"uv":[2.5,11.0,3.0,12.0],"texture":"#0"},"up":{"uv":[2.5,11.0,3.0,12.0],"texture":"#0"},"north":{"uv":[2.5,11.0,3.5,11.5],"texture":"#0"},"south":{"uv":[2.5,11.0,3.5,11.5],"texture":"#0"},"west":{"uv":[2.5,11.0,3.5,11.5],"texture":"#0"},"east":{"uv":[2.5,11.0,3.5,11.5],"texture":"#0"}}},{"from":[5.75,14.25,3.25],"to":[7.0,14.75,3.5],"faces":{"down":{"uv":[9.5,6.0,11.0,6.5],"texture":"#0"},"up":{"uv":[9.5,6.0,11.0,6.5],"texture":"#0"},"north":{"uv":[10.5,7.0,12.0,8.0],"texture":"#0"},"south":{"uv":[10.5,7.0,12.0,8.0],"texture":"#0"},"west":{"uv":[11.0,5.0,11.5,6.0],"texture":"#0"},"east":{"uv":[11.0,5.0,11.5,6.0],"texture":"#0"}}},{"from":[6.0,9.75,4.5],"to":[6.75,10.0,5.0],"faces":{"down":{"uv":[6.5,11.0,7.5,11.5],"texture":"#0"},"up":{"uv":[6.5,11.0,7.5,11.5],"texture":"#0"},"north":{"uv":[6.5,11.0,7.5,11.5],"texture":"#0"},"south":{"uv":[6.5,11.0,7.5,11.5],"texture":"#0"},"west":{"uv":[6.5,11.0,7.5,11.5],"texture":"#0"},"east":{"uv":[6.5,11.0,7.5,11.5],"texture":"#0"}}},{"from":[6.0,8.5,2.75],"to":[6.75,8.75,3.0],"faces":{"down":{"uv":[5.0,11.0,5.5,11.5],"texture":"#0"},"up":{"uv":[5.0,11.0,5.5,11.5],"texture":"#0"},"north":{"uv":[5.0,11.0,5.5,11.5],"texture":"#0"},"south":{"uv":[5.0,11.0,5.5,11.5],"texture":"#0"},"west":{"uv":[5.0,11.0,5.5,11.5],"texture":"#0"},"east":{"uv":[5.0,11.0,5.5,11.5],"texture":"#0"}}},{"from":[5.75,9.75,4.25],"to":[7.0,10.0,4.5],"faces":{"down":{"uv":[4.0,11.5,4.5,12.0],"texture":"#0"},"up":{"uv":[4.0,11.5,4.5,12.0],"texture":"#0"},"north":{"uv":[4.0,11.5,4.5,12.0],"texture":"#0"},"south":{"uv":[4.0,11.5,4.5,12.0],"texture":"#0"},"west":{"uv":[4.0,11.5,4.5,12.0],"texture":"#0"},"east":{"uv":[4.0,11.5,4.5,12.0],"texture":"#0"}}},{"from":[5.75,8.25,3.0],"to":[7.0,8.5,4.75],"faces":{"down":{"uv":[4.0,13.5,7.5,15.0],"texture":"#0"},"up":{"uv":[4.0,13.5,7.5,15.0],"texture":"#0"},"north":{"uv":[4.0,13.5,7.5,14.0],"texture":"#0"},"south":{"uv":[4.0,13.5,7.5,14.0],"texture":"#0"},"west":{"uv":[4.0,13.5,7.5,14.0],"texture":"#0"},"east":{"uv":[4.0,13.5,7.5,14.0],"texture":"#0"}}},{"from":[6.25,8.25,2.5],"to":[6.5,8.75,5.25],"faces":{"down":{"uv":[5.0,13.0,5.5,14.0],"texture":"#0"},"up":{"uv":[5.0,13.0,5.5,14.0],"texture":"#0"},"north":{"uv":[3.0,11.5,3.5,12.5],"texture":"#0"},"south":{"uv":[3.0,11.5,3.5,12.5],"texture":"#0"},"west":{"uv":[5.0,13.0,7.0,14.0],"texture":"#0"},"east":{"uv":[5.0,13.0,7.0,14.0],"texture":"#0"}}},{"from":[6.25,8.75,4.5],"to":[6.5,9.0,5.0],"faces":{"down":{"uv":[5.0,11.5,5.5,12.5],"texture":"#0"},"up":{"uv":[5.0,11.5,5.5,12.5],"texture":"#0"},"north":{"uv":[5.0,11.0,6.0,11.5],"texture":"#0"},"south":{"uv":[5.0,11.0,6.0,11.5],"texture":"#0"},"west":{"uv":[5.0,11.0,6.0,11.5],"texture":"#0"},"east":{"uv":[5.0,11.0,6.0,11.5],"texture":"#0"}}},{"from":[6.25,8.75,5.0],"to":[6.5,9.25,5.25],"faces":{"down":{"uv":[7.5,13.0,8.0,13.5],"texture":"#0"},"up":{"uv":[7.5,13.0,8.0,13.5],"texture":"#0"},"north":{"uv":[2.5,14.0,3.0,15.0],"texture":"#0"},"south":{"uv":[2.5,14.0,3.0,15.0],"texture":"#0"},"west":{"uv":[2.5,14.0,3.0,15.0],"texture":"#0"},"east":{"uv":[2.5,14.0,3.0,15.0],"texture":"#0"}}},{"from":[6.25,8.75,2.5],"to":[6.5,9.25,2.75],"faces":{"down":{"uv":[2.0,13.0,2.5,13.5],"texture":"#0"},"up":{"uv":[2.0,13.0,2.5,13.5],"texture":"#0"},"north":{"uv":[5.0,13.0,5.5,14.0],"texture":"#0"},"south":{"uv":[5.0,13.0,5.5,14.0],"texture":"#0"},"west":{"uv":[5.0,13.0,5.5,14.0],"texture":"#0"},"east":{"uv":[5.0,13.0,5.5,14.0],"texture":"#0"}}},{"from":[6.25,9.25,3.25],"to":[6.5,9.5,4.5],"faces":{"down":{"uv":[2.0,12.0,2.5,12.5],"texture":"#0"},"up":{"uv":[2.0,12.0,2.5,12.5],"texture":"#0"},"north":{"uv":[2.0,12.0,2.5,12.5],"texture":"#0"},"south":{"uv":[2.0,12.0,2.5,12.5],"texture":"#0"},"west":{"uv":[2.0,12.0,2.5,12.5],"texture":"#0"},"east":{"uv":[2.0,12.0,2.5,12.5],"texture":"#0"}}},{"from":[6.25,9.5,2.75],"to":[6.5,9.75,5.0],"faces":{"down":{"uv":[6.0,12.0,6.5,15.5],"texture":"#0"},"up":{"uv":[6.0,12.0,6.5,15.5],"texture":"#0"},"north":{"uv":[3.0,11.5,3.5,12.0],"texture":"#0"},"south":{"uv":[3.0,11.5,3.5,12.0],"texture":"#0"},"west":{"uv":[1.5,11.0,5.5,11.5],"texture":"#0"},"east":{"uv":[1.5,11.0,5.5,11.5],"texture":"#0"}}},{"from":[6.0,8.25,2.75],"to":[6.75,8.5,5.0],"faces":{"down":{"uv":[4.0,13.0,4.5,13.5],"texture":"#0"},"up":{"uv":[4.0,13.0,4.5,13.5],"texture":"#0"},"north":{"uv":[4.0,13.0,4.5,13.5],"texture":"#0"},"south":{"uv":[4.0,13.0,4.5,13.5],"texture":"#0"},"west":{"uv":[4.0,13.0,4.5,13.5],"texture":"#0"},"east":{"uv":[4.0,13.0,4.5,13.5],"texture":"#0"}}},{"from":[6.0,9.5,3.25],"to":[6.75,9.75,4.5],"faces":{"down":{"uv":[3.5,11.5,4.0,12.0],"texture":"#0"},"up":{"uv":[3.5,11.5,4.0,12.0],"texture":"#0"},"north":{"uv":[3.5,11.5,4.0,12.0],"texture":"#0"},"south":{"uv":[3.5,11.5,4.0,12.0],"texture":"#0"},"west":{"uv":[3.5,11.5,4.0,12.0],"texture":"#0"},"east":{"uv":[3.5,11.5,4.0,12.0],"texture":"#0"}}},{"from":[6.0,9.75,2.75],"to":[6.75,10.0,3.25],"faces":{"down":{"uv":[1.5,12.0,2.5,12.5],"texture":"#0"},"up":{"uv":[1.5,12.0,2.5,12.5],"texture":"#0"},"north":{"uv":[1.5,12.0,2.5,12.5],"texture":"#0"},"south":{"uv":[1.5,12.0,2.5,12.5],"texture":"#0"},"west":{"uv":[1.5,12.0,2.5,12.5],"texture":"#0"},"east":{"uv":[1.5,12.0,2.5,12.5],"texture":"#0"}}},{"from":[5.75,8.5,3.0],"to":[7.0,8.75,3.25],"faces":{"down":{"uv":[5.0,13.0,5.5,13.5],"texture":"#0"},"up":{"uv":[5.0,13.0,5.5,13.5],"texture":"#0"},"north":{"uv":[5.0,13.0,5.5,13.5],"texture":"#0"},"south":{"uv":[5.0,13.0,5.5,13.5],"texture":"#0"},"west":{"uv":[5.0,13.0,5.5,13.5],"texture":"#0"},"east":{"uv":[5.0,13.0,5.5,13.5],"texture":"#0"}}},{"from":[5.75,10.25,2.5],"to":[7.0,10.5,2.75],"faces":{"down":{"uv":[1.0,13.0,1.5,13.5],"texture":"#0"},"up":{"uv":[1.0,13.0,1.5,13.5],"texture":"#0"},"north":{"uv":[1.0,13.0,1.5,13.5],"texture":"#0"},"south":{"uv":[1.0,13.0,1.5,13.5],"texture":"#0"},"west":{"uv":[1.0,13.0,1.5,13.5],"texture":"#0"},"east":{"uv":[1.0,13.0,1.5,13.5],"texture":"#0"}}},{"from":[5.75,9.75,3.25],"to":[7.0,10.0,3.5],"faces":{"down":{"uv":[4.0,11.5,4.5,12.0],"texture":"#0"},"up":{"uv":[4.0,11.5,4.5,12.0],"texture":"#0"},"north":{"uv":[4.0,11.5,4.5,12.0],"texture":"#0"},"south":{"uv":[4.0,11.5,4.5,12.0],"texture":"#0"},"west":{"uv":[4.0,11.5,4.5,12.0],"texture":"#0"},"east":{"uv":[4.0,11.5,4.5,12.0],"texture":"#0"}}},{"from":[5.75,10.0,2.75],"to":[7.0,10.25,3.25],"faces":{"down":{"uv":[4.5,12.5,6.0,15.0],"texture":"#0","rotation":90},"up":{"uv":[4.5,12.5,6.0,15.0],"texture":"#0","rotation":90},"north":{"uv":[3.0,13.5,4.0,14.0],"texture":"#0"},"south":{"uv":[3.0,13.5,4.0,14.0],"texture":"#0"},"west":{"uv":[3.0,13.5,4.0,14.0],"texture":"#0"},"east":{"uv":[3.0,13.5,4.0,14.0],"texture":"#0"}}},{"from":[5.75,10.0,4.5],"to":[7.0,10.25,5.0],"faces":{"down":{"uv":[6.0,13.5,7.5,16.0],"texture":"#0","rotation":90},"up":{"uv":[6.0,13.5,7.5,16.0],"texture":"#0","rotation":90},"north":{"uv":[2.0,12.0,3.0,12.5],"texture":"#0"},"south":{"uv":[2.0,12.0,3.0,12.5],"texture":"#0"},"west":{"uv":[2.0,12.0,3.0,12.5],"texture":"#0"},"east":{"uv":[2.0,12.0,3.0,12.5],"texture":"#0"}}},{"from":[6.25,10.0,2.5],"to":[6.5,10.25,3.5],"faces":{"down":{"uv":[0.5,14.5,1.0,15.0],"texture":"#0"},"up":{"uv":[0.5,14.5,1.0,15.0],"texture":"#0"},"north":{"uv":[0.5,14.5,1.0,15.0],"texture":"#0"},"south":{"uv":[0.5,14.5,1.0,15.0],"texture":"#0"},"west":{"uv":[0.5,14.5,2.5,15.0],"texture":"#0"},"east":{"uv":[0.5,14.5,2.5,15.0],"texture":"#0"}}},{"from":[5.75,10.25,5.0],"to":[7.0,10.5,5.25],"faces":{"down":{"uv":[5.0,12.5,5.5,13.0],"texture":"#0"},"up":{"uv":[5.0,12.5,5.5,13.0],"texture":"#0"},"north":{"uv":[5.0,12.5,5.5,13.0],"texture":"#0"},"south":{"uv":[5.0,12.5,5.5,13.0],"texture":"#0"},"west":{"uv":[5.0,12.5,5.5,13.0],"texture":"#0"},"east":{"uv":[5.0,12.5,5.5,13.0],"texture":"#0"}}},{"from":[6.25,10.0,4.25],"to":[6.5,10.25,5.25],"faces":{"down":{"uv":[2.0,12.0,2.5,12.5],"texture":"#0"},"up":{"uv":[2.0,12.0,2.5,12.5],"texture":"#0"},"north":{"uv":[2.0,14.0,3.5,14.5],"texture":"#0"},"south":{"uv":[2.0,14.0,3.5,14.5],"texture":"#0"},"west":{"uv":[2.0,14.0,3.5,14.5],"texture":"#0"},"east":{"uv":[2.0,14.0,3.5,14.5],"texture":"#0"}}},{"from":[6.25,10.25,4.5],"to":[6.5,10.5,5.5],"faces":{"down":{"uv":[4.5,13.5,5.0,15.5],"texture":"#0"},"up":{"uv":[4.5,13.5,5.0,15.5],"texture":"#0"},"north":{"uv":[3.5,11.5,4.0,12.0],"texture":"#0"},"south":{"uv":[3.5,11.5,4.0,12.0],"texture":"#0"},"west":{"uv":[2.5,14.0,4.5,14.5],"texture":"#0"},"east":{"uv":[2.5,14.0,4.5,14.5],"texture":"#0"}}},{"from":[6.25,10.25,2.25],"to":[6.5,10.5,3.25],"faces":{"down":{"uv":[5.5,10.0,6.0,12.0],"texture":"#0"},"up":{"uv":[5.5,10.0,6.0,12.0],"texture":"#0"},"north":{"uv":[4.5,10.5,5.0,11.0],"texture":"#0"},"south":{"uv":[4.5,10.5,5.0,11.0],"texture":"#0"},"west":{"uv":[3.0,11.5,5.0,12.0],"texture":"#0"},"east":{"uv":[3.0,11.5,5.0,12.0],"texture":"#0"}}},{"from":[6.25,10.5,2.5],"to":[6.5,10.75,2.75],"faces":{"down":{"uv":[3.0,11.5,3.5,12.0],"texture":"#0"},"up":{"uv":[3.0,11.5,3.5,12.0],"texture":"#0"},"north":{"uv":[3.0,11.5,3.5,12.0],"texture":"#0"},"south":{"uv":[3.0,11.5,3.5,12.0],"texture":"#0"},"west":{"uv":[3.0,11.5,3.5,12.0],"texture":"#0"},"east":{"uv":[3.0,11.5,3.5,12.0],"texture":"#0"}}},{"from":[5.75,8.5,3.5],"to":[7.0,9.75,4.25],"faces":{"down":{"uv":[5.0,13.0,6.5,15.0],"texture":"#0"},"up":{"uv":[5.0,13.0,6.5,15.0],"texture":"#0"},"north":{"uv":[5.0,13.0,6.5,15.0],"texture":"#0"},"south":{"uv":[5.0,13.0,6.5,15.0],"texture":"#0"},"west":{"uv":[5.0,13.0,6.5,15.0],"texture":"#0"},"east":{"uv":[5.0,13.0,6.5,15.0],"texture":"#0"}}},{"from":[5.75,9.75,3.75],"to":[7.0,10.5,4.0],"faces":{"down":{"uv":[5.0,10.5,5.5,12.0],"texture":"#0"},"up":{"uv":[5.0,10.5,5.5,12.0],"texture":"#0"},"north":{"uv":[5.5,12.5,7.5,14.0],"texture":"#0"},"south":{"uv":[5.5,12.5,7.5,14.0],"texture":"#0"},"west":{"uv":[5.0,10.5,5.5,12.0],"texture":"#0"},"east":{"uv":[5.0,10.5,5.5,12.0],"texture":"#0"}}},{"from":[6.0,10.5,3.5],"to":[6.75,10.75,4.25],"faces":{"down":{"uv":[10.5,2.5,12.0,3.0],"texture":"#0"},"up":{"uv":[10.5,2.5,12.0,3.0],"texture":"#0"},"north":{"uv":[10.5,2.5,12.0,3.0],"texture":"#0"},"south":{"uv":[10.5,2.5,12.0,3.0],"texture":"#0"},"west":{"uv":[10.5,2.5,12.0,3.0],"texture":"#0"},"east":{"uv":[10.5,2.5,12.0,3.0],"texture":"#0"}}},{"from":[6.0,10.75,3.25],"to":[6.75,12.0,4.5],"faces":{"down":{"uv":[10.0,4.0,12.5,6.5],"texture":"#0"},"up":{"uv":[10.0,4.0,12.5,6.5],"texture":"#0"},"north":{"uv":[10.0,4.0,12.5,6.5],"texture":"#0"},"south":{"uv":[10.0,4.0,12.5,6.5],"texture":"#0"},"west":{"uv":[10.0,4.0,12.5,6.5],"texture":"#0"},"east":{"uv":[10.0,4.0,12.5,6.5],"texture":"#0"}}},{"from":[6.0,13.0,4.5],"to":[6.75,13.75,4.75],"faces":{"down":{"uv":[11.0,3.0,12.5,3.5],"texture":"#0"},"up":{"uv":[11.0,3.0,12.5,3.5],"texture":"#0"},"north":{"uv":[9.5,6.0,11.5,7.5],"texture":"#0"},"south":{"uv":[9.5,6.0,11.5,7.5],"texture":"#0"},"west":{"uv":[10.5,4.0,11.0,5.5],"texture":"#0"},"east":{"uv":[10.5,4.0,11.0,5.5],"texture":"#0"}}},{"from":[5.75,10.75,3.5],"to":[7.0,12.0,4.25],"faces":{"down":{"uv":[10.5,4.0,12.0,6.5],"texture":"#0"},"up":{"uv":[10.5,4.0,12.0,6.5],"texture":"#0"},"north":{"uv":[10.5,4.0,12.0,6.5],"texture":"#0"},"south":{"uv":[10.5,4.0,12.0,6.5],"texture":"#0"},"west":{"uv":[10.5,4.0,12.0,6.5],"texture":"#0"},"east":{"uv":[10.5,4.0,12.0,6.5],"texture":"#0"}}},{"from":[5.75,13.5,3.75],"to":[7.0,14.0,4.0],"faces":{"down":{"uv":[10.5,5.0,12.0,5.5],"texture":"#0"},"up":{"uv":[10.5,5.0,12.0,5.5],"texture":"#0"},"north":{"uv":[10.0,8.0,11.5,9.0],"texture":"#0"},"south":{"uv":[10.0,8.0,11.5,9.0],"texture":"#0"},"west":{"uv":[12.0,7.0,12.5,8.0],"texture":"#0"},"east":{"uv":[12.0,7.0,12.5,8.0],"texture":"#0"}}},{"from":[5.75,13.75,3.5],"to":[7.0,14.5,3.75],"faces":{"down":{"uv":[10.0,1.5,11.5,2.0],"texture":"#0"},"up":{"uv":[10.0,1.5,11.5,2.0],"texture":"#0"},"north":{"uv":[10.5,3.0,12.0,4.5],"texture":"#0"},"south":{"uv":[10.5,3.0,12.0,4.5],"texture":"#0"},"west":{"uv":[10.5,4.0,11.0,5.5],"texture":"#0"},"east":{"uv":[10.5,4.0,11.0,5.5],"texture":"#0"}}},{"from":[5.75,15.5,4.25],"to":[7.0,16.0,4.5],"faces":{"down":{"uv":[11.0,6.5,12.5,7.0],"texture":"#0"},"up":{"uv":[11.0,6.5,12.5,7.0],"texture":"#0"},"north":{"uv":[10.0,5.0,11.5,6.0],"texture":"#0"},"south":{"uv":[10.0,5.0,11.5,6.0],"texture":"#0"},"west":{"uv":[11.5,2.0,12.0,3.0],"texture":"#0"},"east":{"uv":[11.5,2.0,12.0,3.0],"texture":"#0"}}},{"from":[5.75,14.75,4.5],"to":[7.0,15.5,4.75],"faces":{"down":{"uv":[10.5,4.0,12.0,4.5],"texture":"#0"},"up":{"uv":[10.5,4.0,12.0,4.5],"texture":"#0"},"north":{"uv":[11.0,6.0,12.5,7.5],"texture":"#0"},"south":{"uv":[11.0,6.0,12.5,7.5],"texture":"#0"},"west":{"uv":[10.5,7.0,11.0,8.5],"texture":"#0"},"east":{"uv":[10.5,7.0,11.0,8.5],"texture":"#0"}}},{"from":[5.75,13.0,4.25],"to":[7.0,13.75,4.5],"faces":{"down":{"uv":[11.0,0.5,12.5,1.0],"texture":"#0"},"up":{"uv":[11.0,0.5,12.5,1.0],"texture":"#0"},"north":{"uv":[10.0,1.5,11.5,3.0],"texture":"#0"},"south":{"uv":[10.0,1.5,11.5,3.0],"texture":"#0"},"west":{"uv":[10.5,3.0,11.0,4.5],"texture":"#0"},"east":{"uv":[10.5,3.0,11.0,4.5],"texture":"#0"}}},{"from":[5.75,13.75,4.0],"to":[7.0,14.5,4.25],"faces":{"down":{"uv":[11.0,6.5,12.5,7.0],"texture":"#0"},"up":{"uv":[11.0,6.5,12.5,7.0],"texture":"#0"},"north":{"uv":[9.5,6.5,11.0,8.0],"texture":"#0"},"south":{"uv":[9.5,6.5,11.0,8.0],"texture":"#0"},"west":{"uv":[11.0,4.0,11.5,5.5],"texture":"#0"},"east":{"uv":[11.0,4.0,11.5,5.5],"texture":"#0"}}},{"from":[5.75,12.5,4.0],"to":[7.0,13.0,4.25],"faces":{"down":{"uv":[11.0,0.5,12.5,1.0],"texture":"#0"},"up":{"uv":[11.0,0.5,12.5,1.0],"texture":"#0"},"north":{"uv":[10.5,3.0,12.0,4.0],"texture":"#0"},"south":{"uv":[10.5,3.0,12.0,4.0],"texture":"#0"},"west":{"uv":[11.0,5.0,11.5,6.0],"texture":"#0"},"east":{"uv":[11.0,5.0,11.5,6.0],"texture":"#0"}}},{"from":[5.75,14.25,4.25],"to":[7.0,14.75,4.5],"faces":{"down":{"uv":[11.0,0.5,12.5,1.0],"texture":"#0"},"up":{"uv":[11.0,0.5,12.5,1.0],"texture":"#0"},"north":{"uv":[10.0,2.0,11.5,3.0],"texture":"#0"},"south":{"uv":[10.0,2.0,11.5,3.0],"texture":"#0"},"west":{"uv":[11.0,5.5,11.5,6.5],"texture":"#0"},"east":{"uv":[11.0,5.5,11.5,6.5],"texture":"#0"}}},{"from":[5.75,12.0,3.75],"to":[7.0,12.5,4.0],"faces":{"down":{"uv":[11.5,1.5,13.0,2.0],"texture":"#0"},"up":{"uv":[11.5,1.5,13.0,2.0],"texture":"#0"},"north":{"uv":[11.0,1.5,11.5,2.5],"texture":"#0"},"south":{"uv":[11.0,1.5,11.5,2.5],"texture":"#0"},"west":{"uv":[11.0,1.5,11.5,2.5],"texture":"#0"},"east":{"uv":[11.0,1.5,11.5,2.5],"texture":"#0"}}},{"from":[5.75,13.0,3.25],"to":[7.0,13.75,3.5],"faces":{"down":{"uv":[10.5,1.0,12.0,1.5],"texture":"#0"},"up":{"uv":[10.5,1.0,12.0,1.5],"texture":"#0"},"north":{"uv":[10.0,6.0,11.5,7.5],"texture":"#0"},"south":{"uv":[10.0,6.0,11.5,7.5],"texture":"#0"},"west":{"uv":[11.5,5.0,12.0,6.5],"texture":"#0"},"east":{"uv":[11.5,5.0,12.0,6.5],"texture":"#0"}}},{"from":[5.75,14.75,3.0],"to":[7.0,15.5,3.25],"faces":{"down":{"uv":[10.5,4.0,12.0,4.5],"texture":"#0"},"up":{"uv":[10.5,4.0,12.0,4.5],"texture":"#0"},"north":{"uv":[10.0,5.0,11.5,6.5],"texture":"#0"},"south":{"uv":[10.0,5.0,11.5,6.5],"texture":"#0"},"west":{"uv":[11.0,1.0,11.5,2.5],"texture":"#0"},"east":{"uv":[11.0,1.0,11.5,2.5],"texture":"#0"}}},{"from":[5.75,12.5,3.5],"to":[7.0,13.0,3.75],"faces":{"down":{"uv":[10.0,3.0,11.0,3.5],"texture":"#0"},"up":{"uv":[10.0,3.0,11.0,3.5],"texture":"#0"},"north":{"uv":[10.0,3.0,10.5,4.0],"texture":"#0"},"south":{"uv":[10.0,3.0,10.5,4.0],"texture":"#0"},"west":{"uv":[10.0,3.0,10.5,4.0],"texture":"#0"},"east":{"uv":[10.0,3.0,10.5,4.0],"texture":"#0"}}},{"from":[5.75,16.5,3.75],"to":[7.0,17.0,4.0],"faces":{"down":{"uv":[11.0,6.0,12.5,6.5],"texture":"#0"},"up":{"uv":[11.0,6.0,12.5,6.5],"texture":"#0"},"north":{"uv":[10.0,6.0,11.5,7.5],"texture":"#0"},"south":{"uv":[10.0,6.0,11.5,7.5],"texture":"#0"},"west":{"uv":[11.0,4.0,11.5,5.5],"texture":"#0"},"east":{"uv":[11.0,4.0,11.5,5.5],"texture":"#0"}}},{"from":[5.75,15.5,3.25],"to":[7.0,16.0,3.5],"faces":{"down":{"uv":[11.0,7.0,12.5,7.5],"texture":"#0"},"up":{"uv":[11.0,7.0,12.5,7.5],"texture":"#0"},"north":{"uv":[11.0,2.0,12.5,3.0],"texture":"#0"},"south":{"uv":[11.0,2.0,12.5,3.0],"texture":"#0"},"west":{"uv":[10.5,1.0,11.0,2.0],"texture":"#0"},"east":{"uv":[10.5,1.0,11.0,2.0],"texture":"#0"}}},{"from":[5.75,16.0,3.5],"to":[7.0,16.5,3.75],"faces":{"down":{"uv":[11.0,6.0,12.5,6.5],"texture":"#0"},"up":{"uv":[11.0,6.0,12.5,6.5],"texture":"#0"},"north":{"uv":[10.0,5.0,11.5,6.0],"texture":"#0"},"south":{"uv":[10.0,5.0,11.5,6.0],"texture":"#0"},"west":{"uv":[10.5,2.5,11.0,3.5],"texture":"#0"},"east":{"uv":[10.5,2.5,11.0,3.5],"texture":"#0"}}},{"from":[5.75,16.0,4.0],"to":[7.0,16.5,4.25],"faces":{"down":{"uv":[11.0,0.0,12.5,0.5],"texture":"#0"},"up":{"uv":[11.0,0.0,12.5,0.5],"texture":"#0"},"north":{"uv":[10.0,4.0,11.5,5.0],"texture":"#0"},"south":{"uv":[10.0,4.0,11.5,5.0],"texture":"#0"},"west":{"uv":[11.0,3.0,11.5,4.0],"texture":"#0"},"east":{"uv":[11.0,3.0,11.5,4.0],"texture":"#0"}}},{"from":[6.0,12.0,3.25],"to":[6.75,12.25,4.5],"faces":{"down":{"uv":[10.0,3.0,11.5,5.5],"texture":"#0"},"up":{"uv":[10.0,3.0,11.5,5.5],"texture":"#0"},"north":{"uv":[10.0,3.0,12.5,3.5],"texture":"#0"},"south":{"uv":[10.0,3.0,12.5,3.5],"texture":"#0"},"west":{"uv":[10.0,3.0,12.5,3.5],"texture":"#0"},"east":{"uv":[10.0,3.0,12.5,3.5],"texture":"#0"}}},{"from":[6.0,12.25,3.5],"to":[6.75,12.5,4.25],"faces":{"down":{"uv":[12.0,1.5,12.5,2.0],"texture":"#0"},"up":{"uv":[12.0,1.5,12.5,2.0],"texture":"#0"},"north":{"uv":[12.0,1.5,12.5,2.0],"texture":"#0"},"south":{"uv":[12.0,1.5,12.5,2.0],"texture":"#0"},"west":{"uv":[12.0,1.5,12.5,2.0],"texture":"#0"},"east":{"uv":[12.0,1.5,12.5,2.0],"texture":"#0"}}},{"from":[6.0,16.0,3.25],"to":[6.75,16.5,3.5],"faces":{"down":{"uv":[10.5,7.0,12.0,7.5],"texture":"#0"},"up":{"uv":[10.5,7.0,12.0,7.5],"texture":"#0"},"north":{"uv":[10.5,3.0,12.0,4.0],"texture":"#0"},"south":{"uv":[10.5,3.0,12.0,4.0],"texture":"#0"},"west":{"uv":[11.5,0.0,12.0,1.0],"texture":"#0"},"east":{"uv":[11.5,0.0,12.0,1.0],"texture":"#0"}}},{"from":[6.0,14.25,4.5],"to":[6.75,14.75,4.75],"faces":{"down":{"uv":[10.0,5.5,11.5,6.0],"texture":"#0"},"up":{"uv":[10.0,5.5,11.5,6.0],"texture":"#0"},"north":{"uv":[9.5,3.0,11.0,4.0],"texture":"#0"},"south":{"uv":[9.5,3.0,11.0,4.0],"texture":"#0"},"west":{"uv":[11.0,3.0,11.5,4.0],"texture":"#0"},"east":{"uv":[11.0,3.0,11.5,4.0],"texture":"#0"}}},{"from":[6.0,15.5,4.5],"to":[6.75,16.0,4.75],"faces":{"down":{"uv":[11.0,7.0,12.5,7.5],"texture":"#0"},"up":{"uv":[11.0,7.0,12.5,7.5],"texture":"#0"},"north":{"uv":[10.0,3.0,11.5,4.0],"texture":"#0"},"south":{"uv":[10.0,3.0,11.5,4.0],"texture":"#0"},"west":{"uv":[10.5,0.0,11.0,1.0],"texture":"#0"},"east":{"uv":[10.5,0.0,11.0,1.0],"texture":"#0"}}},{"from":[6.0,12.5,3.25],"to":[6.75,13.0,3.5],"faces":{"down":{"uv":[10.5,5.0,11.5,5.5],"texture":"#0"},"up":{"uv":[10.5,5.0,11.5,5.5],"texture":"#0"},"north":{"uv":[9.5,5.0,11.0,6.0],"texture":"#0"},"south":{"uv":[9.5,5.0,11.0,6.0],"texture":"#0"},"west":{"uv":[11.0,3.5,11.5,4.5],"texture":"#0"},"east":{"uv":[11.0,3.5,11.5,4.5],"texture":"#0"}}},{"from":[6.0,12.5,4.25],"to":[6.75,13.0,4.5],"faces":{"down":{"uv":[10.5,5.5,12.0,6.0],"texture":"#0"},"up":{"uv":[10.5,5.5,12.0,6.0],"texture":"#0"},"north":{"uv":[11.0,6.5,12.5,7.5],"texture":"#0"},"south":{"uv":[11.0,6.5,12.5,7.5],"texture":"#0"},"west":{"uv":[12.0,4.0,12.5,5.0],"texture":"#0"},"east":{"uv":[12.0,4.0,12.5,5.0],"texture":"#0"}}},{"from":[6.0,13.75,4.25],"to":[6.75,14.25,4.5],"faces":{"down":{"uv":[10.5,1.5,12.0,2.0],"texture":"#0"},"up":{"uv":[10.5,1.5,12.0,2.0],"texture":"#0"},"north":{"uv":[10.0,3.5,11.5,4.5],"texture":"#0"},"south":{"uv":[10.0,3.5,11.5,4.5],"texture":"#0"},"west":{"uv":[11.0,1.0,11.5,2.0],"texture":"#0"},"east":{"uv":[11.0,1.0,11.5,2.0],"texture":"#0"}}},{"from":[6.0,14.75,4.75],"to":[6.75,15.5,5.0],"faces":{"down":{"uv":[11.0,0.0,12.5,0.5],"texture":"#0"},"up":{"uv":[11.0,0.0,12.5,0.5],"texture":"#0"},"north":{"uv":[10.0,1.0,11.5,2.5],"texture":"#0"},"south":{"uv":[10.0,1.0,11.5,2.5],"texture":"#0"},"west":{"uv":[9.5,0.0,10.0,1.5],"texture":"#0"},"east":{"uv":[9.5,0.0,10.0,1.5],"texture":"#0"}}},{"from":[6.0,15.5,3.0],"to":[6.75,16.0,3.25],"faces":{"down":{"uv":[9.5,3.5,11.0,4.0],"texture":"#0"},"up":{"uv":[9.5,3.5,11.0,4.0],"texture":"#0"},"north":{"uv":[10.0,4.0,11.5,5.0],"texture":"#0"},"south":{"uv":[10.0,4.0,11.5,5.0],"texture":"#0"},"west":{"uv":[11.0,5.0,11.5,6.0],"texture":"#0"},"east":{"uv":[11.0,5.0,11.5,6.0],"texture":"#0"}}},{"from":[6.0,13.75,3.25],"to":[6.75,14.25,3.5],"faces":{"down":{"uv":[10.0,1.5,11.5,2.0],"texture":"#0"},"up":{"uv":[10.0,1.5,11.5,2.0],"texture":"#0"},"north":{"uv":[11.0,2.0,12.5,3.0],"texture":"#0"},"south":{"uv":[11.0,2.0,12.5,3.0],"texture":"#0"},"west":{"uv":[11.0,3.5,11.5,4.5],"texture":"#0"},"east":{"uv":[11.0,3.5,11.5,4.5],"texture":"#0"}}},{"from":[6.0,14.25,3.0],"to":[6.75,14.75,3.25],"faces":{"down":{"uv":[10.5,3.0,12.0,3.5],"texture":"#0"},"up":{"uv":[10.5,3.0,12.0,3.5],"texture":"#0"},"north":{"uv":[11.0,3.0,12.5,4.0],"texture":"#0"},"south":{"uv":[11.0,3.0,12.5,4.0],"texture":"#0"},"west":{"uv":[11.5,7.0,12.0,8.0],"texture":"#0"},"east":{"uv":[11.5,7.0,12.0,8.0],"texture":"#0"}}},{"from":[6.0,13.0,3.0],"to":[6.75,13.75,3.25],"faces":{"down":{"uv":[11.0,7.0,12.5,7.5],"texture":"#0"},"up":{"uv":[11.0,7.0,12.5,7.5],"texture":"#0"},"north":{"uv":[10.0,3.5,12.0,5.0],"texture":"#0"},"south":{"uv":[10.0,3.5,12.0,5.0],"texture":"#0"},"west":{"uv":[11.5,2.0,12.0,3.5],"texture":"#0"},"east":{"uv":[11.5,2.0,12.0,3.5],"texture":"#0"}}},{"from":[6.0,14.75,2.75],"to":[6.75,15.5,3.0],"faces":{"down":{"uv":[10.5,2.0,12.0,2.5],"texture":"#0"},"up":{"uv":[10.5,2.0,12.0,2.5],"texture":"#0"},"north":{"uv":[11.0,0.0,12.5,1.5],"texture":"#0"},"south":{"uv":[11.0,0.0,12.5,1.5],"texture":"#0"},"west":{"uv":[9.5,1.5,10.0,3.0],"texture":"#0"},"east":{"uv":[9.5,1.5,10.0,3.0],"texture":"#0"}}},{"from":[6.0,16.0,4.25],"to":[6.75,16.5,4.5],"faces":{"down":{"uv":[11.0,2.0,12.5,2.5],"texture":"#0"},"up":{"uv":[11.0,2.0,12.5,2.5],"texture":"#0"},"north":{"uv":[10.5,7.0,12.0,8.0],"texture":"#0"},"south":{"uv":[10.5,7.0,12.0,8.0],"texture":"#0"},"west":{"uv":[11.5,6.0,12.0,7.0],"texture":"#0"},"east":{"uv":[11.5,6.0,12.0,7.0],"texture":"#0"}}},{"from":[6.0,16.5,3.5],"to":[6.75,17.0,4.25],"faces":{"down":{"uv":[10.0,2.5,11.5,3.5],"texture":"#0"},"up":{"uv":[10.0,2.5,11.5,3.5],"texture":"#0"},"north":{"uv":[10.0,2.5,11.5,3.5],"texture":"#0"},"south":{"uv":[10.0,2.5,11.5,3.5],"texture":"#0"},"west":{"uv":[10.0,2.5,11.5,3.5],"texture":"#0"},"east":{"uv":[10.0,2.5,11.5,3.5],"texture":"#0"}}},{"from":[6.0,21.75,3.5],"to":[6.75,22.0,4.25],"faces":{"down":{"uv":[3.0,1.0,5.5,1.5],"texture":"#0"},"up":{"uv":[3.0,1.0,5.5,1.5],"texture":"#0"},"north":{"uv":[3.0,1.0,5.5,1.5],"texture":"#0"},"south":{"uv":[3.0,1.0,5.5,1.5],"texture":"#0"},"west":{"uv":[3.0,1.0,5.5,1.5],"texture":"#0"},"east":{"uv":[3.0,1.0,5.5,1.5],"texture":"#0"}}},{"from":[6.0,18.6125,1.2125],"to":[6.75,18.8625,2.4625],"rotation":{"origin":[6.0,18.6125,1.2125],"axis":"x","angle":45.0},"faces":{"down":{"uv":[10.5,4.0,11.0,4.5],"texture":"#0"},"up":{"uv":[10.5,4.0,11.0,4.5],"texture":"#0"},"north":{"uv":[10.5,4.0,11.0,4.5],"texture":"#0"},"south":{"uv":[10.5,4.0,11.0,4.5],"texture":"#0"},"west":{"uv":[10.5,4.0,11.0,4.5],"texture":"#0"},"east":{"uv":[10.5,4.0,11.0,4.5],"texture":"#0"}}},{"from":[6.0,17.25,3.25],"to":[6.75,17.5,4.5],"faces":{"down":{"uv":[10.5,4.0,11.0,4.5],"texture":"#0"},"up":{"uv":[10.5,4.0,11.0,4.5],"texture":"#0"},"north":{"uv":[10.5,4.0,11.0,4.5],"texture":"#0"},"south":{"uv":[10.5,4.0,11.0,4.5],"texture":"#0"},"west":{"uv":[10.5,4.0,11.0,4.5],"texture":"#0"},"east":{"uv":[10.5,4.0,11.0,4.5],"texture":"#0"}}},{"from":[6.0,17.25,4.5],"to":[6.75,17.5,5.75],"rotation":{"origin":[6.0,17.25,4.5],"axis":"x","angle":-22.5},"faces":{"down":{"uv":[10.5,4.0,11.0,4.5],"texture":"#0"},"up":{"uv":[10.5,4.0,11.0,4.5],"texture":"#0"},"north":{"uv":[10.5,4.0,11.0,4.5],"texture":"#0"},"south":{"uv":[10.5,4.0,11.0,4.5],"texture":"#0"},"west":{"uv":[10.5,4.0,11.0,4.5],"texture":"#0"},"east":{"uv":[10.5,4.0,11.0,4.5],"texture":"#0"}}},{"from":[6.0,17.7256,5.6544],"to":[6.75,17.9756,6.93565],"rotation":{"origin":[6.0,17.72562,5.654374],"axis":"x","angle":-45.0},"faces":{"down":{"uv":[10.5,4.0,11.0,4.5],"texture":"#0"},"up":{"uv":[10.5,4.0,11.0,4.5],"texture":"#0"},"north":{"uv":[10.5,4.0,11.0,4.5],"texture":"#0"},"south":{"uv":[10.5,4.0,11.0,4.5],"texture":"#0"},"west":{"uv":[10.5,4.0,11.0,4.5],"texture":"#0"},"east":{"uv":[10.5,4.0,11.0,4.5],"texture":"#0"}}},{"from":[6.0,18.625,6.3],"to":[6.75,19.875,6.55],"rotation":{"origin":[6.0,18.625,6.55],"axis":"x","angle":22.5},"faces":{"down":{"uv":[10.5,4.0,11.0,4.5],"texture":"#0"},"up":{"uv":[10.5,4.0,11.0,4.5],"texture":"#0"},"north":{"uv":[10.5,4.0,11.0,4.5],"texture":"#0"},"south":{"uv":[10.5,4.0,11.0,4.5],"texture":"#0"},"west":{"uv":[10.5,4.0,11.0,4.5],"texture":"#0"},"east":{"uv":[10.5,4.0,11.0,4.5],"texture":"#0"}}},{"from":[6.0,19.775,6.775],"to":[6.75,21.025,7.025],"faces":{"down":{"uv":[10.5,4.0,11.0,4.5],"texture":"#0"},"up":{"uv":[10.5,4.0,11.0,4.5],"texture":"#0"},"north":{"uv":[10.5,4.0,11.0,4.5],"texture":"#0"},"south":{"uv":[10.5,4.0,11.0,4.5],"texture":"#0"},"west":{"uv":[10.5,4.0,11.0,4.5],"texture":"#0"},"east":{"uv":[10.5,4.0,11.0,4.5],"texture":"#0"}}},{"from":[6.0,21.0125,6.775],"to":[6.75,22.2625,7.025],"rotation":{"origin":[6.0,21.0125,7.025],"axis":"x","angle":-22.5},"faces":{"down":{"uv":[10.5,4.0,11.0,4.5],"texture":"#0"},"up":{"uv":[10.5,4.0,11.0,4.5],"texture":"#0"},"north":{"uv":[10.5,4.0,11.0,4.5],"texture":"#0"},"south":{"uv":[10.5,4.0,11.0,4.5],"texture":"#0"},"west":{"uv":[10.5,4.0,11.0,4.5],"texture":"#0"},"east":{"uv":[10.5,4.0,11.0,4.5],"texture":"#0"}}},{"from":[6.0,22.1663,6.2962],"to":[6.75,23.4163,6.5462],"rotation":{"origin":[6.0,22.16625,6.546251],"axis":"x","angle":-45.0},"faces":{"down":{"uv":[10.5,4.0,11.0,4.5],"texture":"#0"},"up":{"uv":[10.5,4.0,11.0,4.5],"texture":"#0"},"north":{"uv":[10.5,4.0,11.0,4.5],"texture":"#0"},"south":{"uv":[10.5,4.0,11.0,4.5],"texture":"#0"},"west":{"uv":[10.5,4.0,11.0,4.5],"texture":"#0"},"east":{"uv":[10.5,4.0,11.0,4.5],"texture":"#0"}}},{"from":[6.0,18.5188,0.7348],"to":[6.75,19.7688,0.9848],"rotation":{"origin":[6.0,19.76875,0.7349999],"axis":"x","angle":-22.5},"faces":{"down":{"uv":[10.5,4.0,11.0,4.5],"texture":"#0"},"up":{"uv":[10.5,4.0,11.0,4.5],"texture":"#0"},"north":{"uv":[10.5,4.0,11.0,4.5],"texture":"#0"},"south":{"uv":[10.5,4.0,11.0,4.5],"texture":"#0"},"west":{"uv":[10.5,4.0,11.0,4.5],"texture":"#0"},"east":{"uv":[10.5,4.0,11.0,4.5],"texture":"#0"}}},{"from":[6.0,22.7998,4.4125],"to":[6.75,23.0498,5.6625],"rotation":{"origin":[6.0,23.05,5.6625],"axis":"x","angle":22.5},"faces":{"down":{"uv":[10.5,4.0,11.0,4.5],"texture":"#0"},"up":{"uv":[10.5,4.0,11.0,4.5],"texture":"#0"},"north":{"uv":[10.5,4.0,11.0,4.5],"texture":"#0"},"south":{"uv":[10.5,4.0,11.0,4.5],"texture":"#0"},"west":{"uv":[10.5,4.0,11.0,4.5],"texture":"#0"},"east":{"uv":[10.5,4.0,11.0,4.5],"texture":"#0"}}},{"from":[6.0,23.2815,2.0063],"to":[6.75,23.5315,3.2563],"rotation":{"origin":[6.0,23.53125,3.25625],"axis":"x","angle":-22.5},"faces":{"down":{"uv":[10.5,4.0,11.0,4.5],"texture":"#0"},"up":{"uv":[10.5,4.0,11.0,4.5],"texture":"#0"},"north":{"uv":[10.5,4.0,11.0,4.5],"texture":"#0"},"south":{"uv":[10.5,4.0,11.0,4.5],"texture":"#0"},"west":{"uv":[10.5,4.0,11.0,4.5],"texture":"#0"},"east":{"uv":[10.5,4.0,11.0,4.5],"texture":"#0"}}},{"from":[6.0,22.8003,0.8499],"to":[6.75,23.0503,2.0999],"rotation":{"origin":[6.0,23.05,2.1],"axis":"x","angle":-45.0},"faces":{"down":{"uv":[10.5,4.0,11.0,4.5],"texture":"#0"},"up":{"uv":[10.5,4.0,11.0,4.5],"texture":"#0"},"north":{"uv":[10.5,4.0,11.0,4.5],"texture":"#0"},"south":{"uv":[10.5,4.0,11.0,4.5],"texture":"#0"},"west":{"uv":[10.5,4.0,11.0,4.5],"texture":"#0"},"east":{"uv":[10.5,4.0,11.0,4.5],"texture":"#0"}}},{"from":[6.0,20.9163,1.2164],"to":[6.75,22.1663,1.4664],"rotation":{"origin":[6.0,22.16625,1.21625],"axis":"x","angle":22.5},"faces":{"down":{"uv":[10.5,4.0,11.0,4.5],"texture":"#0"},"up":{"uv":[10.5,4.0,11.0,4.5],"texture":"#0"},"north":{"uv":[10.5,4.0,11.0,4.5],"texture":"#0"},"south":{"uv":[10.5,4.0,11.0,4.5],"texture":"#0"},"west":{"uv":[10.5,4.0,11.0,4.5],"texture":"#0"},"east":{"uv":[10.5,4.0,11.0,4.5],"texture":"#0"}}},{"from":[6.0,19.7625,0.7375],"to":[6.75,21.0125,0.9875],"faces":{"down":{"uv":[10.5,4.0,11.0,4.5],"texture":"#0"},"up":{"uv":[10.5,4.0,11.0,4.5],"texture":"#0"},"north":{"uv":[10.5,4.0,11.0,4.5],"texture":"#0"},"south":{"uv":[10.5,4.0,11.0,4.5],"texture":"#0"},"west":{"uv":[10.5,4.0,11.0,4.5],"texture":"#0"},"east":{"uv":[10.5,4.0,11.0,4.5],"texture":"#0"}}},{"from":[6.0,17.725,2.0875],"to":[6.75,17.975,3.3375],"rotation":{"origin":[6.0,17.725,2.0875],"axis":"x","angle":22.5},"faces":{"down":{"uv":[10.5,4.0,11.0,4.5],"texture":"#0"},"up":{"uv":[10.5,4.0,11.0,4.5],"texture":"#0"},"north":{"uv":[10.5,4.0,11.0,4.5],"texture":"#0"},"south":{"uv":[10.5,4.0,11.0,4.5],"texture":"#0"},"west":{"uv":[10.5,4.0,11.0,4.5],"texture":"#0"},"east":{"uv":[10.5,4.0,11.0,4.5],"texture":"#0"}}},{"from":[6.0,17.0,3.75],"to":[6.75,19.0,4.0],"faces":{"down":{"uv":[10.5,1.5,11.5,5.5],"texture":"#0"},"up":{"uv":[10.5,1.5,11.5,5.5],"texture":"#0"},"north":{"uv":[10.5,1.5,11.5,5.5],"texture":"#0"},"south":{"uv":[10.5,1.5,11.5,5.5],"texture":"#0"},"west":{"uv":[11.5,3.5,12.0,7.5],"texture":"#0"},"east":{"uv":[11.5,3.5,12.0,7.5],"texture":"#0"}}},{"from":[6.0,19.5,3.0],"to":[6.75,21.5,4.75],"faces":{"down":{"uv":[2.5,7.0,5.0,7.5],"texture":"#0"},"up":{"uv":[2.5,7.0,5.0,7.5],"texture":"#0"},"north":{"uv":[2.5,7.0,5.0,7.5],"texture":"#0"},"south":{"uv":[2.5,7.0,5.0,7.5],"texture":"#0"},"west":{"uv":[2.5,7.0,5.0,7.5],"texture":"#0"},"east":{"uv":[2.5,7.0,5.0,7.5],"texture":"#0"}}},{"from":[6.0,21.5,3.25],"to":[6.75,21.75,4.5],"faces":{"down":{"uv":[3.0,1.5,5.5,2.0],"texture":"#0"},"up":{"uv":[3.0,1.5,5.5,2.0],"texture":"#0"},"north":{"uv":[3.0,1.5,5.5,2.0],"texture":"#0"},"south":{"uv":[3.0,1.5,5.5,2.0],"texture":"#0"},"west":{"uv":[3.0,1.5,5.5,2.0],"texture":"#0"},"east":{"uv":[3.0,1.5,5.5,2.0],"texture":"#0"}}},{"from":[6.0,20.0,5.0],"to":[6.75,21.0,5.25],"faces":{"down":{"uv":[7.0,3.0,7.5,5.5],"texture":"#0"},"up":{"uv":[7.0,3.0,7.5,5.5],"texture":"#0"},"north":{"uv":[7.0,3.0,7.5,5.5],"texture":"#0"},"south":{"uv":[7.0,3.0,7.5,5.5],"texture":"#0"},"west":{"uv":[7.0,3.0,7.5,5.5],"texture":"#0"},"east":{"uv":[7.0,3.0,7.5,5.5],"texture":"#0"}}},{"from":[5.75,20.0,2.75],"to":[7.0,21.0,5.0],"faces":{"down":{"uv":[1.5,2.5,7.0,5.5],"texture":"#0"},"up":{"uv":[1.5,2.5,7.0,5.5],"texture":"#0"},"north":{"uv":[1.0,2.5,2.5,5.5],"texture":"#0"},"south":{"uv":[6.0,2.5,7.5,5.5],"texture":"#0"},"west":{"uv":[1.5,2.5,7.0,5.5],"texture":"#0"},"east":{"uv":[1.5,2.5,7.0,5.5],"texture":"#0"}}},{"from":[6.0,19.25,3.25],"to":[6.75,19.5,4.5],"faces":{"down":{"uv":[2.5,7.0,5.0,7.5],"texture":"#0"},"up":{"uv":[2.5,7.0,5.0,7.5],"texture":"#0"},"north":{"uv":[2.5,7.0,5.0,7.5],"texture":"#0"},"south":{"uv":[2.5,7.0,5.0,7.5],"texture":"#0"},"west":{"uv":[2.5,7.0,5.0,7.5],"texture":"#0"},"east":{"uv":[2.5,7.0,5.0,7.5],"texture":"#0"}}},{"from":[6.0,19.75,4.75],"to":[6.75,21.25,5.0],"faces":{"down":{"uv":[6.5,2.0,7.0,6.0],"texture":"#0"},"up":{"uv":[6.5,2.0,7.0,6.0],"texture":"#0"},"north":{"uv":[6.5,2.0,7.0,6.0],"texture":"#0"},"south":{"uv":[6.5,2.0,7.0,6.0],"texture":"#0"},"west":{"uv":[6.5,2.0,7.0,6.0],"texture":"#0"},"east":{"uv":[6.5,2.0,7.0,6.0],"texture":"#0"}}},{"from":[6.0,20.0,2.5],"to":[6.75,21.0,2.75],"faces":{"down":{"uv":[0.5,3.0,1.0,5.5],"texture":"#0"},"up":{"uv":[0.5,3.0,1.0,5.5],"texture":"#0"},"north":{"uv":[0.5,3.0,1.0,5.5],"texture":"#0"},"south":{"uv":[0.5,3.0,1.0,5.5],"texture":"#0"},"west":{"uv":[0.5,3.0,1.0,5.5],"texture":"#0"},"east":{"uv":[0.5,3.0,1.0,5.5],"texture":"#0"}}},{"from":[6.0,19.75,2.75],"to":[6.75,21.25,3.0],"faces":{"down":{"uv":[1.5,2.0,2.0,6.0],"texture":"#0"},"up":{"uv":[1.5,2.0,2.0,6.0],"texture":"#0"},"north":{"uv":[1.5,2.0,2.0,6.0],"texture":"#0"},"south":{"uv":[1.5,2.0,2.0,6.0],"texture":"#0"},"west":{"uv":[1.5,2.0,2.0,6.0],"texture":"#0"},"east":{"uv":[1.5,2.0,2.0,6.0],"texture":"#0"}}},{"from":[6.0,19.0,3.5],"to":[6.75,19.25,4.25],"faces":{"down":{"uv":[4.0,6.5,5.5,7.0],"texture":"#0"},"up":{"uv":[4.0,6.5,5.5,7.0],"texture":"#0"},"north":{"uv":[4.0,6.5,5.5,7.0],"texture":"#0"},"south":{"uv":[4.0,6.5,5.5,7.0],"texture":"#0"},"west":{"uv":[4.0,6.5,5.5,7.0],"texture":"#0"},"east":{"uv":[4.0,6.5,5.5,7.0],"texture":"#0"}}},{"from":[5.75,21.5,3.5],"to":[7.0,21.75,4.25],"faces":{"down":{"uv":[3.5,2.0,5.0,2.5],"texture":"#0"},"up":{"uv":[3.5,2.0,5.0,2.5],"texture":"#0"},"north":{"uv":[3.5,2.0,5.0,2.5],"texture":"#0"},"south":{"uv":[3.5,2.0,5.0,2.5],"texture":"#0"},"west":{"uv":[3.5,2.0,5.0,2.5],"texture":"#0"},"east":{"uv":[3.5,2.0,5.0,2.5],"texture":"#0"}}},{"from":[5.75,21.25,3.25],"to":[7.0,21.5,4.5],"faces":{"down":{"uv":[3.0,2.0,5.0,2.5],"texture":"#0"},"up":{"uv":[3.0,2.0,5.0,2.5],"texture":"#0"},"north":{"uv":[3.0,2.0,5.0,2.5],"texture":"#0"},"south":{"uv":[3.0,2.0,5.0,2.5],"texture":"#0"},"west":{"uv":[3.0,2.0,5.0,2.5],"texture":"#0"},"east":{"uv":[3.0,2.0,5.0,2.5],"texture":"#0"}}},{"from":[5.75,21.0,3.0],"to":[7.0,21.25,4.75],"faces":{"down":{"uv":[2.5,2.5,5.5,3.0],"texture":"#0"},"up":{"uv":[2.5,2.5,5.5,3.0],"texture":"#0"},"north":{"uv":[2.5,2.5,5.5,3.0],"texture":"#0"},"south":{"uv":[2.5,2.5,5.5,3.0],"texture":"#0"},"west":{"uv":[2.5,2.5,5.5,3.0],"texture":"#0"},"east":{"uv":[2.5,2.5,5.5,3.0],"texture":"#0"}}},{"from":[5.75,19.75,3.0],"to":[7.0,20.0,4.75],"faces":{"down":{"uv":[2.5,5.0,5.5,5.5],"texture":"#0"},"up":{"uv":[2.5,5.0,5.5,5.5],"texture":"#0"},"north":{"uv":[2.5,5.0,5.5,5.5],"texture":"#0"},"south":{"uv":[2.5,5.0,5.5,5.5],"texture":"#0"},"west":{"uv":[2.5,5.0,5.5,5.5],"texture":"#0"},"east":{"uv":[2.5,5.0,5.5,5.5],"texture":"#0"}}},{"from":[5.75,19.5,3.25],"to":[7.0,19.75,4.5],"faces":{"down":{"uv":[3.0,5.5,5.0,6.0],"texture":"#0"},"up":{"uv":[3.0,5.5,5.0,6.0],"texture":"#0"},"north":{"uv":[3.0,5.5,5.0,6.0],"texture":"#0"},"south":{"uv":[3.0,5.5,5.0,6.0],"texture":"#0"},"west":{"uv":[3.0,5.5,5.0,6.0],"texture":"#0","rotation":180},"east":{"uv":[3.0,5.5,5.0,6.0],"texture":"#0"}}},{"from":[5.5,20.25,3.0],"to":[7.25,20.75,4.75],"faces":{"down":{"uv":[2.5,3.5,5.5,4.5],"texture":"#0"},"up":{"uv":[2.5,3.5,5.5,4.5],"texture":"#0"},"north":{"uv":[2.5,3.5,5.5,4.5],"texture":"#0"},"south":{"uv":[2.5,3.5,5.5,4.5],"texture":"#0"},"west":{"uv":[2.5,3.5,5.5,4.5],"texture":"#0"},"east":{"uv":[2.5,3.5,5.5,4.5],"texture":"#0"}}},{"from":[5.75,19.25,3.5],"to":[7.0,19.5,4.25],"faces":{"down":{"uv":[3.5,6.0,5.0,6.5],"texture":"#0"},"up":{"uv":[3.5,6.0,5.0,6.5],"texture":"#0"},"north":{"uv":[3.5,6.0,5.0,6.5],"texture":"#0"},"south":{"uv":[3.5,6.0,5.0,6.5],"texture":"#0"},"west":{"uv":[3.5,6.0,5.0,6.5],"texture":"#0"},"east":{"uv":[3.5,6.0,5.0,6.5],"texture":"#0"}}},{"from":[5.5,21.0,3.5],"to":[7.25,21.5,4.25],"faces":{"down":{"uv":[3.0,3.0,5.0,5.0],"texture":"#0"},"up":{"uv":[3.0,3.0,5.0,5.0],"texture":"#0"},"north":{"uv":[3.0,3.0,5.0,5.0],"texture":"#0"},"south":{"uv":[3.0,3.0,5.0,5.0],"texture":"#0"},"west":{"uv":[3.0,3.0,5.0,5.0],"texture":"#0"},"east":{"uv":[3.0,3.0,5.0,5.0],"texture":"#0"}}},{"from":[5.5,20.75,3.25],"to":[7.25,21.0,4.5],"faces":{"down":{"uv":[2.5,3.0,5.5,4.0],"texture":"#0"},"up":{"uv":[2.5,3.0,5.5,4.0],"texture":"#0"},"north":{"uv":[2.5,3.0,5.5,4.0],"texture":"#0"},"south":{"uv":[2.5,3.0,5.5,4.0],"texture":"#0"},"west":{"uv":[2.5,3.0,5.5,4.0],"texture":"#0"},"east":{"uv":[2.5,3.0,5.5,4.0],"texture":"#0"}}},{"from":[5.5,20.0,3.25],"to":[7.25,20.25,4.5],"faces":{"down":{"uv":[2.5,4.0,5.5,5.0],"texture":"#0"},"up":{"uv":[2.5,4.0,5.5,5.0],"texture":"#0"},"north":{"uv":[2.5,4.0,5.5,5.0],"texture":"#0"},"south":{"uv":[2.5,4.0,5.5,5.0],"texture":"#0"},"west":{"uv":[2.5,4.0,5.5,5.0],"texture":"#0"},"east":{"uv":[2.5,4.0,5.5,5.0],"texture":"#0"}}},{"from":[5.5,19.5,3.5],"to":[7.25,20.0,4.25],"faces":{"down":{"uv":[3.0,3.0,5.0,5.0],"texture":"#0"},"up":{"uv":[3.0,3.0,5.0,5.0],"texture":"#0"},"north":{"uv":[3.0,3.0,5.0,5.0],"texture":"#0"},"south":{"uv":[3.0,3.0,5.0,5.0],"texture":"#0"},"west":{"uv":[3.0,3.0,5.0,5.0],"texture":"#0"},"east":{"uv":[3.0,3.0,5.0,5.0],"texture":"#0"}}},{"from":[6.0,23.28,3.2563],"to":[6.75,23.53,4.5063],"faces":{"down":{"uv":[10.5,4.0,11.0,4.5],"texture":"#0"},"up":{"uv":[10.5,4.0,11.0,4.5],"texture":"#0"},"north":{"uv":[10.5,4.0,11.0,4.5],"texture":"#0"},"south":{"uv":[10.5,4.0,11.0,4.5],"texture":"#0"},"west":{"uv":[10.5,4.0,11.0,4.5],"texture":"#0"},"east":{"uv":[10.5,4.0,11.0,4.5],"texture":"#0"}}},{"from":[6.25,21.0,2.5],"to":[6.2505,26.5,5.25],"faces":{"down":{"uv":[3.0,0.0,13.0,16.0],"texture":"#1"},"up":{"uv":[3.0,0.0,13.0,16.0],"texture":"#1"},"north":{"uv":[3.0,0.0,13.0,16.0],"texture":"#1"},"south":{"uv":[3.0,0.0,13.0,16.0],"texture":"#1"},"west":{"uv":[3.0,0.0,13.0,16.0],"texture":"#1"},"east":{"uv":[3.0,0.0,13.0,16.0],"texture":"#1"}}},{"from":[6.0,2.75,3.5],"to":[6.75,6.75,4.25],"faces":{"down":{"uv":[15.5,13.0,14.0,5.0],"texture":"#0","rotation":180},"up":{"uv":[15.5,13.0,14.0,5.0],"texture":"#0","rotation":180},"north":{"uv":[15.5,13.0,14.0,5.0],"texture":"#0","rotation":180},"south":{"uv":[15.5,13.0,14.0,5.0],"texture":"#0","rotation":180},"west":{"uv":[15.5,13.0,14.0,5.0],"texture":"#0","rotation":180},"east":{"uv":[15.5,13.0,14.0,5.0],"texture":"#0","rotation":180}}},{"from":[6.25,2.75,3.25],"to":[6.5,6.75,4.5],"faces":{"down":{"uv":[15.5,13.5,14.0,13.0],"texture":"#0","rotation":180},"up":{"uv":[15.5,13.5,14.0,13.0],"texture":"#0","rotation":180},"north":{"uv":[14.0,13.0,13.5,5.0],"texture":"#0","rotation":180},"south":{"uv":[16.0,13.0,15.5,5.0],"texture":"#0","rotation":180},"west":{"uv":[16.0,13.0,13.5,5.0],"texture":"#0","rotation":180},"east":{"uv":[16.0,13.0,13.5,5.0],"texture":"#0","rotation":180}}},{"from":[6.0,-11.75,5.25],"to":[6.75,-11.5,5.5],"faces":{"down":{"uv":[0.5,13.0,1.0,13.5],"texture":"#0"},"up":{"uv":[0.5,13.0,1.0,13.5],"texture":"#0"},"north":{"uv":[0.5,13.0,1.0,13.5],"texture":"#0"},"south":{"uv":[0.5,13.0,1.0,13.5],"texture":"#0"},"west":{"uv":[0.5,13.0,1.0,13.5],"texture":"#0"},"east":{"uv":[0.5,13.0,1.0,13.5],"texture":"#0"}}}],"textures":{"0":"80ce1516-bc02-4858-9b7c-01c1a397a85e","1":"c555bd30-429c-4f8b-995b-273ef1cc3e97"}}