{"display":{"thirdperson_righthand":{"rotation":[0.0,-90.0,0.0],"translation":[0.8,15.0,1.5],"scale":[1.4,1.4,1.4]},"thirdperson_lefthand":{"rotation":[0.0,90.0,0.0],"translation":[-1.0,15.0,1.5],"scale":[1.4,1.4,1.4]},"firstperson_righthand":{"rotation":[-5.0,90.0,5.0],"translation":[2.0,13.0,-6.0],"scale":[1.4,1.4,1.4]},"firstperson_lefthand":{"rotation":[-5.0,90.0,5.0],"translation":[2.0,13.0,-6.0],"scale":[1.4,1.4,1.4]},"gui":{"rotation":[0.0,-45.0,-56.0],"translation":[4.3478,3.3043,0.0],"scale":[1.0,0.9652,1.0]},"head":{"scale":[1.0E-4,1.0E-4,1.0E-4]},"ground":{"rotation":[0.0,0.0,25.0],"translation":[0.0,16.0,0.0]},"fixed":{"translation":[0.0,8.3478,0.0]}},"elements":[{"from":[8.25,-8.75,7.5],"to":[8.5,-8.0,9.75],"faces":{"down":{"uv":[4.5,11.5,5.0,13.0],"texture":"#0"},"up":{"uv":[4.5,11.5,5.0,13.0],"texture":"#0"},"north":{"uv":[4.5,11.5,5.0,13.0],"texture":"#0"},"south":{"uv":[4.5,11.5,5.0,13.0],"texture":"#0"},"east":{"uv":[4.5,11.5,5.0,13.0],"texture":"#0"}}},{"from":[8.75,-9.0,8.0],"to":[9.0,-7.5,9.25],"faces":{"down":{"uv":[5.5,10.5,6.0,13.5],"texture":"#0"},"up":{"uv":[5.5,10.5,6.0,13.5],"texture":"#0"},"north":{"uv":[5.5,10.5,6.0,13.5],"texture":"#0"},"south":{"uv":[5.5,10.5,6.0,13.5],"texture":"#0"},"east":{"uv":[5.5,10.5,6.0,13.5],"texture":"#0"}}},{"from":[9.0,-8.75,8.25],"to":[9.25,-8.0,9.0],"faces":{"down":{"uv":[6.0,11.5,6.5,13.0],"texture":"#0"},"up":{"uv":[6.0,11.5,6.5,13.0],"texture":"#0"},"north":{"uv":[6.0,11.5,6.5,13.0],"texture":"#0"},"south":{"uv":[6.0,11.5,6.5,13.0],"texture":"#0"},"east":{"uv":[2.5,14.0,4.0,15.0],"texture":"#0"}}},{"from":[7.5,-9.0,7.5],"to":[7.75,-7.75,9.75],"faces":{"down":{"uv":[3.0,11.0,3.5,13.5],"texture":"#0"},"up":{"uv":[3.0,11.0,3.5,13.5],"texture":"#0"},"north":{"uv":[3.0,11.0,3.5,13.5],"texture":"#0"},"south":{"uv":[3.0,11.0,3.5,13.5],"texture":"#0"},"west":{"uv":[3.0,11.0,3.5,13.5],"texture":"#0"}}},{"from":[8.0,-9.0,7.5],"to":[8.25,-7.75,9.75],"faces":{"down":{"uv":[4.0,11.0,4.5,13.5],"texture":"#0"},"up":{"uv":[4.0,11.0,4.5,13.5],"texture":"#0"},"north":{"uv":[4.0,11.0,4.5,13.5],"texture":"#0"},"south":{"uv":[4.0,11.0,4.5,13.5],"texture":"#0"},"east":{"uv":[4.0,11.0,4.5,13.5],"texture":"#0"}}},{"from":[7.5,-10.0,8.25],"to":[8.25,-9.75,9.0],"faces":{"down":{"uv":[3.0,15.0,4.5,15.5],"texture":"#0"},"north":{"uv":[3.0,15.0,4.5,15.5],"texture":"#0"},"south":{"uv":[3.0,15.0,4.5,15.5],"texture":"#0"},"west":{"uv":[3.0,15.0,4.5,15.5],"texture":"#0"},"east":{"uv":[3.0,15.0,4.5,15.5],"texture":"#0"}}},{"from":[8.75,-9.25,8.25],"to":[9.0,-9.0,9.0],"faces":{"north":{"uv":[6.0,14.0,6.5,14.5],"texture":"#0"},"south":{"uv":[6.0,14.0,6.5,14.5],"texture":"#0"},"east":{"uv":[5.5,14.5,7.0,15.0],"texture":"#0"}}},{"from":[8.75,-9.75,8.25],"to":[9.0,-9.5,9.0],"faces":{"down":{"uv":[5.5,14.5,6.0,15.0],"texture":"#0"},"north":{"uv":[5.5,14.5,6.0,15.0],"texture":"#0"},"south":{"uv":[5.5,14.5,6.0,15.0],"texture":"#0"},"west":{"uv":[5.5,14.5,6.0,15.0],"texture":"#0"}}},{"from":[9.25,-10.25,8.25],"to":[9.5,-10.0,9.0],"faces":{"down":{"uv":[6.5,15.5,7.0,16.0],"texture":"#0"},"north":{"uv":[6.5,15.5,7.0,16.0],"texture":"#0"},"south":{"uv":[6.5,15.5,7.0,16.0],"texture":"#0"},"west":{"uv":[6.5,15.5,7.0,16.0],"texture":"#0"},"east":{"uv":[6.5,15.5,7.0,16.0],"texture":"#0"}}},{"from":[8.75,-9.5,8.25],"to":[9.25,-9.25,9.0],"faces":{"down":{"uv":[5.5,14.0,6.5,14.5],"texture":"#0"},"up":{"uv":[12.5,2.0,13.0,3.0],"texture":"#0"},"north":{"uv":[5.5,14.0,6.5,14.5],"texture":"#0"},"south":{"uv":[5.5,14.0,6.5,14.5],"texture":"#0"},"east":{"uv":[5.5,14.0,6.5,14.5],"texture":"#0"}}},{"from":[9.0,-10.0,8.25],"to":[9.5,-9.5,9.0],"faces":{"down":{"uv":[6.0,14.5,7.0,15.5],"texture":"#0"},"up":{"uv":[6.0,14.5,7.0,15.5],"texture":"#0"},"north":{"uv":[6.0,14.5,7.0,15.5],"texture":"#0"},"south":{"uv":[6.0,14.5,7.0,15.5],"texture":"#0"},"west":{"uv":[6.0,14.5,7.0,15.5],"texture":"#0"},"east":{"uv":[6.0,14.5,7.0,15.5],"texture":"#0"}}},{"from":[7.25,-9.75,8.25],"to":[7.5,-6.75,9.0],"faces":{"down":{"uv":[2.0,12.0,2.5,14.0],"texture":"#0"},"up":{"uv":[3.0,6.5,3.5,8.0],"texture":"#0"},"north":{"uv":[2.5,9.0,3.0,15.0],"texture":"#0"},"south":{"uv":[2.5,9.0,3.0,15.0],"texture":"#0"},"west":{"uv":[2.5,9.0,3.5,15.0],"texture":"#0"}}},{"from":[6.0,0.5,8.5],"to":[6.25,0.75,8.75],"faces":{"down":{"uv":[10.5,9.5,11.0,9.0],"texture":"#0"},"up":{"uv":[10.5,9.5,11.0,9.0],"texture":"#0"},"north":{"uv":[10.5,9.5,11.0,9.0],"texture":"#0"},"south":{"uv":[10.5,9.5,11.0,9.0],"texture":"#0"},"west":{"uv":[10.5,9.5,11.0,9.0],"texture":"#0"},"east":{"uv":[10.5,9.5,11.0,9.0],"texture":"#0"}}},{"from":[7.5,-9.75,8.0],"to":[8.25,-6.75,9.25],"faces":{"down":{"uv":[4.0,10.0,5.5,11.0],"texture":"#0"},"up":{"uv":[3.0,6.0,4.5,7.5],"texture":"#0"},"north":{"uv":[3.0,9.0,4.5,15.0],"texture":"#0"},"south":{"uv":[3.0,9.0,4.5,15.0],"texture":"#0"},"west":{"uv":[3.0,9.0,4.5,15.0],"texture":"#0"},"east":{"uv":[3.0,9.0,4.5,15.0],"texture":"#0"}}},{"from":[8.25,-9.75,8.25],"to":[8.5,-6.75,9.0],"faces":{"down":{"uv":[5.5,11.5,6.0,13.0],"texture":"#0"},"up":{"uv":[3.5,4.0,4.0,5.5],"texture":"#0"},"north":{"uv":[4.0,9.0,4.5,15.5],"texture":"#0"},"south":{"uv":[4.0,9.0,4.5,15.5],"texture":"#0"},"east":{"uv":[3.5,9.0,4.5,15.5],"texture":"#0"}}},{"from":[7.5,-0.25,8.0],"to":[8.25,0.25,9.25],"faces":{"down":{"uv":[8.0,3.0,9.5,4.0],"texture":"#0"},"up":{"uv":[8.0,3.0,9.5,4.0],"texture":"#0"},"north":{"uv":[8.0,2.5,9.5,3.5],"texture":"#0"},"south":{"uv":[8.0,2.5,9.5,3.5],"texture":"#0"},"west":{"uv":[8.0,3.0,9.5,4.0],"texture":"#0"},"east":{"uv":[8.0,3.0,9.5,4.0],"texture":"#0"}}},{"from":[6.5,1.75,8.0],"to":[9.25,2.0,9.25],"faces":{"down":{"uv":[7.0,12.0,8.5,15.0],"texture":"#0"},"up":{"uv":[7.0,12.0,8.5,15.0],"texture":"#0"},"north":{"uv":[8.0,13.5,14.0,12.5],"texture":"#0"},"south":{"uv":[8.0,13.5,14.0,12.5],"texture":"#0"},"west":{"uv":[14.0,12.0,16.0,12.5],"texture":"#0"},"east":{"uv":[14.0,12.0,16.0,12.5],"texture":"#0"}}},{"from":[7.25,0.25,8.5],"to":[8.5,0.5,8.75],"faces":{"north":{"uv":[7.0,8.0,9.5,8.5],"texture":"#0"},"south":{"uv":[7.0,8.0,9.5,8.5],"texture":"#0"},"west":{"uv":[7.5,6.5,8.0,7.0],"texture":"#0"},"east":{"uv":[8.0,6.5,8.5,7.0],"texture":"#0"}}},{"from":[7.75,0.25,8.0],"to":[8.0,0.5,9.25],"faces":{"north":{"uv":[7.5,1.5,8.0,2.0],"texture":"#0"},"south":{"uv":[7.5,1.5,8.0,2.0],"texture":"#0"},"west":{"uv":[7.0,1.5,9.5,2.0],"texture":"#0"},"east":{"uv":[7.0,1.5,9.5,2.0],"texture":"#0"}}},{"from":[7.5,-6.5,8.0],"to":[8.25,-6.25,9.25],"faces":{"down":{"uv":[3.0,7.0,4.5,8.5],"texture":"#0"},"north":{"uv":[3.0,8.0,4.5,8.5],"texture":"#0"},"south":{"uv":[3.0,8.0,4.5,8.5],"texture":"#0"},"west":{"uv":[3.0,8.0,4.5,8.5],"texture":"#0"},"east":{"uv":[3.0,8.0,4.5,8.5],"texture":"#0"}}},{"from":[7.25,-6.5,8.25],"to":[8.5,-6.25,9.0],"faces":{"down":{"uv":[2.5,3.0,5.0,4.5],"texture":"#0"},"north":{"uv":[2.5,7.5,5.0,8.0],"texture":"#0"},"south":{"uv":[2.5,7.5,5.0,8.0],"texture":"#0"},"west":{"uv":[2.5,7.5,4.0,8.0],"texture":"#0"},"east":{"uv":[2.5,7.5,4.0,8.0],"texture":"#0"}}},{"from":[7.75,-5.75,8.0],"to":[8.0,-5.5,9.25],"faces":{"north":{"uv":[3.0,6.5,3.5,7.0],"texture":"#0"},"south":{"uv":[3.0,6.5,3.5,7.0],"texture":"#0"},"west":{"uv":[7.0,8.0,8.5,8.5],"texture":"#0"},"east":{"uv":[7.0,8.0,8.5,8.5],"texture":"#0"}}},{"from":[7.5,-5.5,8.0],"to":[8.25,-5.0,9.25],"faces":{"down":{"uv":[7.0,7.5,9.5,9.0],"texture":"#0"},"up":{"uv":[7.0,7.5,9.5,9.0],"texture":"#0"},"north":{"uv":[7.5,9.5,9.0,10.5],"texture":"#0"},"south":{"uv":[7.5,9.5,9.0,10.5],"texture":"#0"},"west":{"uv":[7.0,9.0,9.5,10.0],"texture":"#0"},"east":{"uv":[7.0,9.0,9.5,10.0],"texture":"#0"}}},{"from":[7.75,-6.75,8.0],"to":[8.0,-6.5,9.25],"faces":{"north":{"uv":[8.0,7.5,8.5,8.0],"texture":"#0"},"south":{"uv":[8.0,7.5,8.5,8.0],"texture":"#0"},"west":{"uv":[7.0,8.0,9.5,8.5],"texture":"#0"},"east":{"uv":[7.0,8.0,9.5,8.5],"texture":"#0"}}},{"from":[7.5,-4.75,8.0],"to":[8.25,-4.25,9.25],"faces":{"down":{"uv":[7.0,6.0,8.5,8.5],"texture":"#0"},"up":{"uv":[7.0,6.0,8.5,8.5],"texture":"#0"},"north":{"uv":[7.5,6.0,9.0,7.0],"texture":"#0"},"south":{"uv":[7.5,6.0,9.0,7.0],"texture":"#0"},"west":{"uv":[7.0,6.0,9.5,7.0],"texture":"#0"},"east":{"uv":[7.0,6.0,9.5,7.0],"texture":"#0"}}},{"from":[7.75,-2.75,8.0],"to":[8.0,-2.5,9.25],"faces":{"north":{"uv":[3.0,6.5,3.5,7.0],"texture":"#0"},"south":{"uv":[3.0,6.5,3.5,7.0],"texture":"#0"},"west":{"uv":[7.0,8.0,8.5,8.5],"texture":"#0"},"east":{"uv":[7.0,8.0,8.5,8.5],"texture":"#0"}}},{"from":[7.25,-5.75,8.5],"to":[8.5,-5.5,8.75],"faces":{"north":{"uv":[7.0,10.0,9.5,10.5],"texture":"#0"},"south":{"uv":[7.0,10.0,9.5,10.5],"texture":"#0"},"west":{"uv":[8.0,10.0,8.5,10.5],"texture":"#0"},"east":{"uv":[8.0,10.0,8.5,10.5],"texture":"#0"}}},{"from":[7.25,-5.5,8.25],"to":[8.5,-5.0,9.0],"faces":{"down":{"uv":[7.0,8.0,9.5,9.5],"texture":"#0"},"up":{"uv":[7.0,8.0,9.5,9.5],"texture":"#0"},"north":{"uv":[7.0,8.0,9.5,9.5],"texture":"#0"},"south":{"uv":[7.0,8.0,9.5,9.5],"texture":"#0"},"west":{"uv":[7.0,8.0,8.5,9.5],"texture":"#0"},"east":{"uv":[7.0,8.0,8.5,9.5],"texture":"#0"}}},{"from":[7.25,-3.25,8.25],"to":[8.5,-2.75,9.0],"faces":{"down":{"uv":[7.0,4.5,9.5,5.5],"texture":"#0"},"up":{"uv":[7.0,4.5,9.5,5.5],"texture":"#0"},"north":{"uv":[7.0,4.5,9.5,5.5],"texture":"#0"},"south":{"uv":[7.0,4.5,9.5,5.5],"texture":"#0"},"west":{"uv":[7.0,4.5,9.0,5.5],"texture":"#0"},"east":{"uv":[7.0,4.5,9.0,5.5],"texture":"#0"}}},{"from":[7.25,-3.5,8.5],"to":[8.5,-3.25,8.75],"faces":{"north":{"uv":[7.0,8.0,9.5,8.5],"texture":"#0"},"south":{"uv":[7.0,8.0,9.5,8.5],"texture":"#0"},"west":{"uv":[8.0,8.0,8.5,8.5],"texture":"#0"},"east":{"uv":[8.0,8.0,8.5,8.5],"texture":"#0"}}},{"from":[7.25,-4.25,8.5],"to":[8.5,-4.0,8.75],"faces":{"north":{"uv":[7.0,8.0,9.5,8.5],"texture":"#0"},"south":{"uv":[7.0,8.0,9.5,8.5],"texture":"#0"},"west":{"uv":[8.0,8.0,8.5,8.5],"texture":"#0"},"east":{"uv":[8.0,8.0,8.5,8.5],"texture":"#0"}}},{"from":[7.25,-6.75,8.5],"to":[8.5,-6.5,8.75],"faces":{"down":{"uv":[7.0,7.0,9.5,7.5],"texture":"#0"},"north":{"uv":[7.0,7.0,9.5,7.5],"texture":"#0"},"south":{"uv":[7.0,7.0,9.5,7.5],"texture":"#0"},"west":{"uv":[8.0,8.0,8.5,8.5],"texture":"#0"},"east":{"uv":[8.0,8.0,8.5,8.5],"texture":"#0"}}},{"from":[7.25,-4.75,8.25],"to":[8.5,-4.25,9.0],"faces":{"down":{"uv":[3.0,0.5,4.0,2.5],"texture":"#0"},"up":{"uv":[3.0,0.5,4.0,2.5],"texture":"#0"},"north":{"uv":[3.0,0.5,5.0,1.5],"texture":"#0"},"south":{"uv":[3.0,0.5,5.0,1.5],"texture":"#0"},"west":{"uv":[3.0,0.5,5.0,1.5],"texture":"#0"},"east":{"uv":[3.0,0.5,5.0,1.5],"texture":"#0"}}},{"from":[7.25,-1.75,8.25],"to":[8.5,-1.25,9.0],"faces":{"down":{"uv":[7.0,3.0,9.5,4.0],"texture":"#0"},"up":{"uv":[7.0,3.0,9.5,4.0],"texture":"#0"},"north":{"uv":[7.0,3.0,9.5,4.0],"texture":"#0"},"south":{"uv":[7.0,3.0,9.5,4.0],"texture":"#0"},"west":{"uv":[7.0,3.0,9.0,4.5],"texture":"#0"},"east":{"uv":[7.0,3.0,9.0,4.5],"texture":"#0"}}},{"from":[7.25,-5.0,8.5],"to":[8.5,-4.75,8.75],"faces":{"north":{"uv":[2.5,0.0,5.0,0.5],"texture":"#0"},"south":{"uv":[2.5,0.0,5.0,0.5],"texture":"#0"},"west":{"uv":[2.5,0.0,3.0,0.5],"texture":"#0"},"east":{"uv":[4.5,0.5,5.0,1.0],"texture":"#0"}}},{"from":[7.5,-6.25,8.0],"to":[8.25,-5.75,9.25],"faces":{"up":{"uv":[2.5,3.0,4.5,4.5],"texture":"#0"},"north":{"uv":[3.0,3.0,5.0,4.0],"texture":"#0"},"south":{"uv":[3.0,3.0,5.0,4.0],"texture":"#0"},"west":{"uv":[2.5,3.0,4.5,4.0],"texture":"#0"},"east":{"uv":[2.5,3.0,4.5,4.0],"texture":"#0"}}},{"from":[7.75,-4.25,8.0],"to":[8.0,-4.0,9.25],"faces":{"north":{"uv":[8.0,7.0,8.5,6.5],"texture":"#0"},"south":{"uv":[8.0,7.0,8.5,6.5],"texture":"#0"},"west":{"uv":[7.0,8.0,8.5,7.5],"texture":"#0"},"east":{"uv":[7.0,8.0,8.5,7.5],"texture":"#0"}}},{"from":[7.5,-1.75,8.0],"to":[8.25,-1.25,9.25],"faces":{"down":{"uv":[7.5,5.0,9.0,6.0],"texture":"#0"},"up":{"uv":[7.5,5.0,9.0,6.0],"texture":"#0"},"north":{"uv":[7.5,5.0,9.0,6.0],"texture":"#0"},"south":{"uv":[7.5,5.0,9.0,6.0],"texture":"#0"},"west":{"uv":[7.5,5.0,9.0,6.0],"texture":"#0"},"east":{"uv":[7.5,5.0,9.0,6.0],"texture":"#0"}}},{"from":[7.75,-1.25,8.0],"to":[8.0,-1.0,9.25],"faces":{"north":{"uv":[8.0,7.0,8.5,6.5],"texture":"#0"},"south":{"uv":[8.0,7.0,8.5,6.5],"texture":"#0"},"west":{"uv":[7.0,8.0,8.5,7.5],"texture":"#0"},"east":{"uv":[7.0,8.0,8.5,7.5],"texture":"#0"}}},{"from":[7.5,-1.0,8.0],"to":[8.25,-0.5,9.25],"faces":{"down":{"uv":[7.5,3.5,9.0,4.5],"texture":"#0"},"up":{"uv":[7.5,3.5,9.0,4.5],"texture":"#0"},"north":{"uv":[7.5,3.5,9.0,4.5],"texture":"#0"},"south":{"uv":[7.5,3.5,9.0,4.5],"texture":"#0"},"west":{"uv":[7.5,3.5,9.0,4.5],"texture":"#0"},"east":{"uv":[7.5,3.5,9.0,4.5],"texture":"#0"}}},{"from":[7.25,-1.0,8.25],"to":[8.5,-0.5,9.0],"faces":{"down":{"uv":[2.5,0.0,5.0,1.0],"texture":"#0"},"up":{"uv":[2.5,0.0,5.0,1.0],"texture":"#0"},"north":{"uv":[2.5,0.0,5.0,1.0],"texture":"#0"},"south":{"uv":[2.5,0.0,5.0,1.0],"texture":"#0"},"west":{"uv":[2.5,0.0,5.0,1.0],"texture":"#0"},"east":{"uv":[2.5,0.0,5.0,1.0],"texture":"#0"}}},{"from":[7.75,-0.5,8.0],"to":[8.0,-0.25,9.25],"faces":{"north":{"uv":[7.0,0.5,7.5,1.0],"texture":"#0","rotation":90},"south":{"uv":[9.0,0.5,9.5,1.0],"texture":"#0","rotation":90},"west":{"uv":[7.0,0.0,7.5,2.0],"texture":"#0","rotation":90},"east":{"uv":[7.0,0.0,7.5,2.0],"texture":"#0","rotation":90}}},{"from":[7.25,-0.5,8.5],"to":[8.5,-0.25,8.75],"faces":{"north":{"uv":[7.0,11.0,9.5,11.5],"texture":"#0"},"south":{"uv":[7.0,11.0,9.5,11.5],"texture":"#0"},"west":{"uv":[7.0,0.5,7.5,1.0],"texture":"#0","rotation":90},"east":{"uv":[9.0,0.5,9.5,1.0],"texture":"#0","rotation":90}}},{"from":[7.5,1.5,8.0],"to":[8.25,1.75,9.25],"faces":{"north":{"uv":[10.5,11.0,12.0,11.5],"texture":"#0"},"south":{"uv":[10.5,11.0,12.0,11.5],"texture":"#0"},"west":{"uv":[10.5,11.0,12.0,11.5],"texture":"#0"},"east":{"uv":[10.5,11.0,12.0,11.5],"texture":"#0"}}},{"from":[7.25,-4.0,8.25],"to":[8.5,-3.5,9.0],"faces":{"down":{"uv":[7.0,3.0,9.5,4.0],"texture":"#0"},"up":{"uv":[7.0,3.0,9.5,4.0],"texture":"#0"},"north":{"uv":[7.0,3.0,9.5,4.0],"texture":"#0"},"south":{"uv":[7.0,3.0,9.5,4.0],"texture":"#0"},"west":{"uv":[7.0,3.0,9.0,4.5],"texture":"#0"},"east":{"uv":[7.0,3.0,9.0,4.5],"texture":"#0"}}},{"from":[6.75,-9.25,8.25],"to":[7.0,-9.0,9.0],"faces":{"north":{"uv":[1.0,14.0,1.5,14.5],"texture":"#0"},"south":{"uv":[1.0,14.0,1.5,14.5],"texture":"#0"},"west":{"uv":[0.5,14.5,2.0,15.0],"texture":"#0"}}},{"from":[7.25,0.5,8.25],"to":[8.5,1.0,9.0],"faces":{"down":{"uv":[7.0,4.0,9.5,5.0],"texture":"#0"},"up":{"uv":[7.0,4.0,9.5,5.0],"texture":"#0"},"north":{"uv":[7.0,4.0,9.5,5.0],"texture":"#0"},"south":{"uv":[7.0,4.0,9.5,5.0],"texture":"#0"},"west":{"uv":[7.0,4.0,9.5,5.0],"texture":"#0"},"east":{"uv":[7.0,4.0,9.5,5.0],"texture":"#0"}}},{"from":[7.5,-4.0,8.0],"to":[8.25,-3.5,9.25],"faces":{"down":{"uv":[3.0,1.5,4.5,2.5],"texture":"#0"},"up":{"uv":[3.0,1.5,4.5,2.5],"texture":"#0"},"north":{"uv":[3.0,1.5,4.5,2.5],"texture":"#0"},"south":{"uv":[3.0,1.5,4.5,2.5],"texture":"#0"},"west":{"uv":[3.0,1.5,4.5,2.5],"texture":"#0"},"east":{"uv":[3.0,1.5,4.5,2.5],"texture":"#0"}}},{"from":[7.25,1.25,8.25],"to":[8.5,1.5,9.0],"faces":{"down":{"uv":[8.0,12.0,10.0,12.5],"texture":"#0"},"north":{"uv":[8.0,12.0,10.0,12.5],"texture":"#0"},"south":{"uv":[8.0,12.0,10.0,12.5],"texture":"#0"},"west":{"uv":[14.0,12.0,15.5,12.5],"texture":"#0"},"east":{"uv":[14.0,12.0,15.5,12.5],"texture":"#0"}}},{"from":[7.5,1.25,8.0],"to":[8.25,1.5,9.25],"faces":{"down":{"uv":[10.0,12.0,11.0,12.5],"texture":"#0"},"north":{"uv":[10.0,12.0,11.0,12.5],"texture":"#0"},"south":{"uv":[10.0,12.0,11.0,12.5],"texture":"#0"},"west":{"uv":[10.0,12.0,11.0,12.5],"texture":"#0"},"east":{"uv":[10.0,12.0,11.0,12.5],"texture":"#0"}}},{"from":[6.0,2.0,8.5],"to":[6.25,2.25,8.75],"faces":{"down":{"uv":[14.5,11.0,15.0,11.5],"texture":"#0"}}},{"from":[7.0,1.5,8.25],"to":[8.75,1.75,9.0],"faces":{"down":{"uv":[7.0,12.0,10.5,12.5],"texture":"#0"},"north":{"uv":[7.0,12.0,10.5,12.5],"texture":"#0"},"south":{"uv":[7.0,12.0,10.5,12.5],"texture":"#0"},"west":{"uv":[14.0,12.0,15.5,12.5],"texture":"#0"},"east":{"uv":[14.0,12.0,15.5,12.5],"texture":"#0"}}},{"from":[6.25,2.25,8.0],"to":[9.5,2.5,8.5],"faces":{"up":{"uv":[13.5,11.0,16.0,12.5],"texture":"#0"},"north":{"uv":[7.5,15.0,14.0,14.0],"texture":"#0"},"south":{"uv":[7.5,15.0,14.0,14.0],"texture":"#0"},"west":{"uv":[15.0,11.5,16.0,12.0],"texture":"#0"},"east":{"uv":[15.0,11.5,16.0,12.0],"texture":"#0"}}},{"from":[6.0,2.0,8.75],"to":[9.75,2.25,9.25],"faces":{"down":{"uv":[7.0,12.5,8.0,13.5],"texture":"#0"},"up":{"uv":[8.0,12.5,7.0,13.5],"texture":"#0"},"north":{"uv":[7.0,14.5,14.5,13.5],"texture":"#0"},"south":{"uv":[7.0,14.5,14.5,13.5],"texture":"#0"},"west":{"uv":[15.0,11.5,16.0,12.0],"texture":"#0"},"east":{"uv":[15.0,11.5,16.0,12.0],"texture":"#0"}}},{"from":[6.5,2.25,8.5],"to":[9.5,2.5,8.75],"faces":{"up":{"uv":[13.5,11.0,16.0,11.5],"texture":"#0"},"west":{"uv":[7.0,12.0,7.5,12.5],"texture":"#0"},"east":{"uv":[7.0,12.0,7.5,12.5],"texture":"#0"}}},{"from":[8.5,-9.25,7.75],"to":[8.75,-7.5,9.5],"faces":{"down":{"uv":[5.0,10.5,5.5,14.5],"texture":"#0"},"up":{"uv":[5.0,10.5,5.5,14.5],"texture":"#0"},"north":{"uv":[5.0,10.5,5.5,14.5],"texture":"#0"},"south":{"uv":[5.0,10.5,5.5,14.5],"texture":"#0"},"east":{"uv":[5.0,10.5,5.5,14.5],"texture":"#0"}}},{"from":[8.5,-9.5,8.0],"to":[8.75,-7.25,9.25],"faces":{"down":{"uv":[5.0,10.5,5.5,14.0],"texture":"#0"},"up":{"uv":[5.0,10.5,5.5,14.0],"texture":"#0"},"north":{"uv":[5.0,10.0,5.5,14.5],"texture":"#0"},"south":{"uv":[5.0,10.0,5.5,14.5],"texture":"#0"},"east":{"uv":[2.5,14.0,5.0,15.0],"texture":"#0"}}},{"from":[7.0,-9.5,8.0],"to":[7.25,-7.25,9.25],"faces":{"down":{"uv":[5.0,10.0,5.5,14.5],"texture":"#0"},"up":{"uv":[5.0,10.0,5.5,14.5],"texture":"#0"},"north":{"uv":[2.0,10.0,2.5,14.5],"texture":"#0"},"south":{"uv":[2.0,10.0,2.5,14.5],"texture":"#0"},"west":{"uv":[2.5,14.0,5.0,15.0],"texture":"#0"}}},{"from":[7.25,-9.5,7.75],"to":[8.5,-7.25,9.5],"faces":{"down":{"uv":[1.5,10.5,2.5,13.0],"texture":"#0"},"up":{"uv":[1.5,10.5,2.5,13.0],"texture":"#0"},"north":{"uv":[2.5,10.0,5.0,15.0],"texture":"#0"},"south":{"uv":[2.5,10.0,5.0,14.5],"texture":"#0"},"west":{"uv":[2.5,10.0,5.0,15.0],"texture":"#0"},"east":{"uv":[2.5,10.0,5.0,15.0],"texture":"#0"}}},{"from":[6.75,-9.0,8.0],"to":[7.0,-7.5,9.25],"faces":{"down":{"uv":[5.0,10.0,5.5,14.5],"texture":"#0"},"up":{"uv":[5.0,10.0,5.5,14.5],"texture":"#0"},"north":{"uv":[5.0,10.0,5.5,14.5],"texture":"#0"},"south":{"uv":[5.0,10.0,5.5,14.5],"texture":"#0"},"west":{"uv":[2.5,14.0,5.0,15.0],"texture":"#0"}}},{"from":[6.5,-8.75,8.25],"to":[6.75,-8.0,9.0],"faces":{"down":{"uv":[5.0,11.0,5.5,13.0],"texture":"#0"},"up":{"uv":[5.0,11.0,5.5,13.0],"texture":"#0"},"north":{"uv":[5.0,11.0,5.5,12.5],"texture":"#0"},"south":{"uv":[5.0,11.0,5.5,12.5],"texture":"#0"},"west":{"uv":[2.5,14.0,5.0,15.0],"texture":"#0"}}},{"from":[7.25,-8.75,7.5],"to":[7.5,-8.0,9.75],"faces":{"down":{"uv":[2.5,11.5,3.0,13.0],"texture":"#0"},"up":{"uv":[2.5,11.5,3.0,13.0],"texture":"#0"},"north":{"uv":[2.5,11.5,3.0,13.0],"texture":"#0"},"south":{"uv":[2.5,11.5,3.0,13.0],"texture":"#0"},"west":{"uv":[2.5,11.5,3.0,13.0],"texture":"#0"}}},{"from":[6.5,-9.5,8.25],"to":[7.0,-9.25,9.0],"faces":{"down":{"uv":[13.0,2.5,13.5,4.0],"texture":"#0"},"up":{"uv":[13.0,2.5,13.5,4.0],"texture":"#0"},"north":{"uv":[1.0,14.0,2.0,14.5],"texture":"#0"},"south":{"uv":[1.0,14.0,2.0,14.5],"texture":"#0"},"west":{"uv":[1.0,14.0,2.0,14.5],"texture":"#0"}}},{"from":[6.75,-9.75,8.25],"to":[7.0,-9.5,9.0],"faces":{"down":{"uv":[13.0,2.5,13.5,4.0],"texture":"#0"},"north":{"uv":[1.5,14.5,2.0,15.0],"texture":"#0"},"south":{"uv":[1.5,14.5,2.0,15.0],"texture":"#0"},"east":{"uv":[13.0,2.5,14.5,3.0],"texture":"#0"}}},{"from":[6.25,-10.0,8.25],"to":[6.75,-9.5,9.0],"faces":{"down":{"uv":[0.5,14.5,1.5,15.5],"texture":"#0"},"up":{"uv":[0.5,14.5,1.5,15.5],"texture":"#0"},"north":{"uv":[0.5,14.5,1.5,15.5],"texture":"#0"},"south":{"uv":[0.5,14.5,1.5,15.5],"texture":"#0"},"west":{"uv":[0.5,14.5,1.5,15.5],"texture":"#0"},"east":{"uv":[0.5,14.5,1.5,15.5],"texture":"#0"}}},{"from":[6.25,-10.25,8.25],"to":[6.5,-10.0,9.0],"faces":{"down":{"uv":[13.0,2.5,13.5,3.5],"texture":"#0"},"north":{"uv":[0.5,15.5,1.0,16.0],"texture":"#0"},"south":{"uv":[0.5,15.5,1.0,16.0],"texture":"#0"},"west":{"uv":[13.0,2.5,14.0,3.0],"texture":"#0"},"east":{"uv":[13.0,2.5,14.0,3.0],"texture":"#0"}}},{"from":[6.05,0.4,8.23],"to":[6.20625,0.86875,8.38625],"faces":{"down":{"uv":[15.5,10.0,16.0,10.5],"texture":"#0"},"up":{"uv":[15.5,9.5,16.0,10.0],"texture":"#0"},"north":{"uv":[15.5,9.5,16.0,10.5],"texture":"#0"},"south":{"uv":[15.5,9.5,16.0,10.5],"texture":"#0"},"west":{"uv":[15.5,9.5,16.0,10.5],"texture":"#0"},"east":{"uv":[15.5,9.5,16.0,10.5],"texture":"#0"}}},{"from":[6.05,0.0875,8.3862],"to":[6.20625,0.4,8.54245],"faces":{"down":{"uv":[15.5,10.0,16.0,10.5],"texture":"#0"},"up":{"uv":[15.5,10.0,16.0,10.5],"texture":"#0"},"north":{"uv":[15.5,10.5,16.0,9.5],"texture":"#0"},"south":{"uv":[15.5,10.5,16.0,9.5],"texture":"#0"},"west":{"uv":[15.5,10.5,16.0,9.5],"texture":"#0"},"east":{"uv":[15.5,10.5,16.0,9.5],"texture":"#0"}}},{"from":[5.8938,1.1812,8.5425],"to":[6.05005,1.4937,8.69875],"faces":{"down":{"uv":[10.5,9.0,11.0,9.5],"texture":"#0"},"up":{"uv":[10.5,8.5,11.0,9.0],"texture":"#0"},"north":{"uv":[10.5,8.5,11.0,9.5],"texture":"#0"},"south":{"uv":[10.5,8.5,11.0,9.5],"texture":"#0"},"west":{"uv":[10.5,8.5,11.0,9.5],"texture":"#0"},"east":{"uv":[10.5,8.5,11.0,9.5],"texture":"#0"}}},{"from":[6.3625,1.4938,8.5425],"to":[6.51875,1.96255,8.69875],"faces":{"down":{"uv":[15.5,9.5,16.0,10.0],"texture":"#0"},"up":{"uv":[15.5,9.5,16.0,10.0],"texture":"#0"},"north":{"uv":[15.5,9.5,16.0,10.5],"texture":"#0"},"south":{"uv":[15.5,9.5,16.0,10.5],"texture":"#0"},"west":{"uv":[15.5,9.5,16.0,10.5],"texture":"#0"},"east":{"uv":[15.5,9.5,16.0,10.5],"texture":"#0"}}},{"from":[5.8938,1.9625,8.5425],"to":[6.05005,2.275,8.69875],"faces":{"down":{"uv":[12.0,7.5,12.5,8.0],"texture":"#0"},"up":{"uv":[12.0,7.5,12.5,8.0],"texture":"#0"},"north":{"uv":[12.0,7.5,12.5,8.5],"texture":"#0"},"south":{"uv":[12.0,7.5,12.5,8.5],"texture":"#0"},"west":{"uv":[12.0,7.5,12.5,8.5],"texture":"#0"}}},{"from":[6.2062,1.9625,8.5425],"to":[6.36245,2.275,8.69875],"faces":{"down":{"uv":[12.5,7.5,13.0,8.0],"texture":"#0"},"up":{"uv":[12.5,7.5,13.0,8.0],"texture":"#0"},"east":{"uv":[12.5,7.5,13.0,8.5],"texture":"#0"}}},{"from":[6.05,2.275,8.5425],"to":[6.20625,2.43125,8.69875],"faces":{"up":{"uv":[13.0,8.0,13.5,8.5],"texture":"#0"},"north":{"uv":[13.0,8.0,13.5,8.5],"texture":"#0"},"south":{"uv":[13.0,8.0,13.5,8.5],"texture":"#0"},"west":{"uv":[13.0,8.0,13.5,8.5],"texture":"#0"},"east":{"uv":[13.0,8.0,13.5,8.5],"texture":"#0"}}},{"from":[5.7375,-0.6938,8.5425],"to":[5.89375,-0.22505,8.69875],"faces":{"down":{"uv":[12.5,9.0,13.0,8.5],"texture":"#0"},"up":{"uv":[12.5,8.5,13.0,8.0],"texture":"#0"},"north":{"uv":[12.5,9.0,13.0,7.5],"texture":"#0"},"south":{"uv":[12.5,9.0,13.0,7.5],"texture":"#0"},"west":{"uv":[12.5,9.0,13.0,7.5],"texture":"#0"},"east":{"uv":[12.5,9.0,13.0,7.5],"texture":"#0"}}},{"from":[6.2062,1.1812,8.5425],"to":[6.36245,1.4937,8.69875],"faces":{"down":{"uv":[10.5,9.5,11.0,9.0],"texture":"#0"},"up":{"uv":[15.5,10.5,16.0,10.0],"texture":"#0"},"north":{"uv":[15.5,10.5,16.0,9.5],"texture":"#0"},"south":{"uv":[15.5,10.5,16.0,9.5],"texture":"#0"},"west":{"uv":[15.5,10.5,16.0,9.5],"texture":"#0"},"east":{"uv":[15.5,10.5,16.0,9.5],"texture":"#0"}}},{"from":[6.05,0.0875,8.6987],"to":[6.20625,0.4,8.85495],"faces":{"down":{"uv":[13.5,9.0,14.0,8.5],"texture":"#0"},"up":{"uv":[13.5,9.0,14.0,8.5],"texture":"#0"},"north":{"uv":[14.0,10.5,14.5,9.5],"texture":"#0"},"south":{"uv":[14.0,10.5,14.5,9.5],"texture":"#0"},"west":{"uv":[14.0,10.5,14.5,9.5],"texture":"#0"},"east":{"uv":[14.0,10.5,14.5,9.5],"texture":"#0"}}},{"from":[5.7375,1.4938,8.5425],"to":[5.89375,1.96255,8.69875],"faces":{"down":{"uv":[10.5,9.0,11.0,9.5],"texture":"#0"},"up":{"uv":[10.5,9.0,11.0,9.5],"texture":"#0"},"north":{"uv":[12.0,8.5,12.5,9.5],"texture":"#0"},"south":{"uv":[12.0,8.5,12.5,9.5],"texture":"#0"},"west":{"uv":[12.0,8.5,12.5,9.5],"texture":"#0"},"east":{"uv":[12.0,8.5,12.5,9.5],"texture":"#0"}}},{"from":[6.05,0.4,8.855],"to":[6.20625,0.86875,9.01125],"faces":{"down":{"uv":[12.5,8.0,13.0,8.5],"texture":"#0"},"up":{"uv":[12.5,8.0,13.0,8.5],"texture":"#0"},"north":{"uv":[12.0,8.5,12.5,9.5],"texture":"#0"},"south":{"uv":[12.0,8.5,12.5,9.5],"texture":"#0"},"west":{"uv":[12.0,8.5,12.5,9.5],"texture":"#0"},"east":{"uv":[12.0,8.5,12.5,9.5],"texture":"#0"}}},{"from":[6.05,0.8688,8.6987],"to":[6.20625,1.1813,8.85495],"faces":{"down":{"uv":[12.5,8.0,13.0,8.5],"texture":"#0"},"up":{"uv":[12.5,8.0,13.0,8.5],"texture":"#0"},"north":{"uv":[12.5,8.0,13.0,9.0],"texture":"#0"},"south":{"uv":[12.5,8.0,13.0,9.0],"texture":"#0"},"west":{"uv":[12.5,8.0,13.0,9.0],"texture":"#0"},"east":{"uv":[12.5,8.0,13.0,9.0],"texture":"#0"}}},{"from":[6.05,0.8688,8.3862],"to":[6.20625,1.1813,8.54245],"faces":{"down":{"uv":[12.5,8.0,13.0,8.5],"texture":"#0"},"up":{"uv":[12.5,8.0,13.0,8.5],"texture":"#0"},"north":{"uv":[12.5,8.0,13.0,9.0],"texture":"#0"},"south":{"uv":[12.5,8.0,13.0,9.0],"texture":"#0"},"west":{"uv":[12.5,8.0,13.0,9.0],"texture":"#0"},"east":{"uv":[12.5,8.0,13.0,9.0],"texture":"#0"}}},{"from":[6.05,1.025,8.5425],"to":[6.20625,1.18125,8.69875],"faces":{"down":{"uv":[14.5,9.5,15.0,10.0],"texture":"#0"},"up":{"uv":[14.5,9.5,15.0,10.0],"texture":"#0"},"west":{"uv":[14.5,9.5,15.0,10.0],"texture":"#0"},"east":{"uv":[14.5,9.5,15.0,10.0],"texture":"#0"}}},{"from":[6.05,-0.0687,8.5425],"to":[6.20625,0.08755,8.69875],"faces":{"down":{"uv":[12.5,8.5,13.0,8.0],"texture":"#0"},"north":{"uv":[12.5,8.5,13.0,8.0],"texture":"#0"},"south":{"uv":[12.5,8.5,13.0,8.0],"texture":"#0"}}},{"from":[6.05,0.0875,8.5425],"to":[6.20625,0.24375,8.69875],"faces":{"up":{"uv":[12.5,8.5,13.0,8.0],"texture":"#0"},"west":{"uv":[12.5,8.5,13.0,8.0],"texture":"#0"},"east":{"uv":[12.5,8.5,13.0,8.0],"texture":"#0"}}},{"from":[5.8938,-0.225,8.5425],"to":[6.05005,0.08750001,8.69875],"faces":{"down":{"uv":[15.5,10.5,16.0,10.0],"texture":"#0"},"up":{"uv":[15.5,10.5,16.0,10.0],"texture":"#0"},"north":{"uv":[15.5,10.5,16.0,10.0],"texture":"#0"},"south":{"uv":[15.5,10.5,16.0,10.0],"texture":"#0"},"west":{"uv":[15.5,10.5,16.0,10.0],"texture":"#0"},"east":{"uv":[15.5,10.5,16.0,10.0],"texture":"#0"}}},{"from":[6.2062,-0.225,8.5425],"to":[6.36245,0.08750001,8.69875],"faces":{"down":{"uv":[11.0,9.5,11.5,10.0],"texture":"#0"},"up":{"uv":[12.0,9.0,12.5,9.5],"texture":"#0"},"north":{"uv":[12.0,9.0,12.5,10.0],"texture":"#0"},"south":{"uv":[12.0,9.0,12.5,10.0],"texture":"#0"},"west":{"uv":[12.0,9.0,12.5,10.0],"texture":"#0"},"east":{"uv":[12.0,9.0,12.5,10.0],"texture":"#0"}}},{"from":[6.3625,-0.5375,8.5425],"to":[6.51875,-0.225,8.69875],"faces":{"down":{"uv":[12.5,8.5,13.0,8.0],"texture":"#0"},"up":{"uv":[12.5,9.0,13.0,8.5],"texture":"#0"},"north":{"uv":[12.5,9.0,13.0,8.0],"texture":"#0"},"south":{"uv":[12.5,9.0,13.0,8.0],"texture":"#0"},"west":{"uv":[12.5,9.0,13.0,8.0],"texture":"#0"},"east":{"uv":[12.5,9.0,13.0,8.0],"texture":"#0"}}},{"from":[6.0,2.0,8.0],"to":[9.75,2.25,8.5],"faces":{"down":{"uv":[8.0,12.5,7.0,13.5],"texture":"#0"},"up":{"uv":[7.0,12.5,8.0,13.5],"texture":"#0"},"north":{"uv":[7.0,14.5,14.5,13.5],"texture":"#0"},"south":{"uv":[15.0,11.5,16.0,12.0],"texture":"#0"},"west":{"uv":[15.0,11.5,16.0,12.0],"texture":"#0"},"east":{"uv":[15.0,11.5,16.0,12.0],"texture":"#0"}}},{"from":[6.25,2.25,8.75],"to":[9.5,2.5,9.25],"faces":{"up":{"uv":[13.5,11.0,16.0,12.5],"texture":"#0"},"north":{"uv":[7.5,15.0,14.0,14.0],"texture":"#0"},"south":{"uv":[7.5,15.0,14.0,14.0],"texture":"#0"},"west":{"uv":[15.0,11.5,16.0,12.0],"texture":"#0"},"east":{"uv":[15.0,11.5,16.0,12.0],"texture":"#0"}}},{"from":[6.5,2.0,8.5],"to":[9.75,2.25,8.75],"faces":{"down":{"uv":[7.0,12.0,7.5,12.5],"texture":"#0"},"up":{"uv":[7.0,12.0,7.5,12.5],"texture":"#0"},"west":{"uv":[7.0,12.0,7.5,12.5],"texture":"#0"},"east":{"uv":[7.0,12.0,7.5,12.5],"texture":"#0"}}},{"from":[7.5,-6.75,8.25],"to":[8.25,-4.75,9.0],"faces":{"north":{"uv":[7.5,0.0,9.0,12.0],"texture":"#0"},"south":{"uv":[7.5,0.0,9.0,12.0],"texture":"#0"},"west":{"uv":[7.5,0.0,9.0,12.0],"texture":"#0"},"east":{"uv":[7.5,0.0,9.0,12.0],"texture":"#0"}}},{"from":[8.25,3.25,8.5],"to":[8.5,3.5,8.75],"faces":{"north":{"uv":[9.0,0.5,9.5,1.0],"texture":"#0"},"south":{"uv":[9.0,0.5,9.5,1.0],"texture":"#0"},"east":{"uv":[9.0,0.5,9.5,1.0],"texture":"#0"}}},{"from":[7.25,3.25,8.5],"to":[7.5,3.5,8.75],"faces":{"north":{"uv":[7.5,0.5,8.0,1.0],"texture":"#0"},"south":{"uv":[7.5,0.5,8.0,1.0],"texture":"#0"},"west":{"uv":[7.5,0.5,8.0,1.0],"texture":"#0"}}},{"from":[7.5,2.5,8.25],"to":[8.25,4.75,9.0],"faces":{"down":{"uv":[7.5,2.5,9.0,6.0],"texture":"#0"},"north":{"uv":[7.5,2.5,9.0,6.0],"texture":"#0"},"south":{"uv":[7.5,2.5,9.0,6.0],"texture":"#0"},"west":{"uv":[7.5,2.5,9.0,6.0],"texture":"#0"},"east":{"uv":[7.5,2.5,9.0,6.0],"texture":"#0"}}},{"from":[8.25,2.5,8.25],"to":[8.5,3.25,9.0],"faces":{"down":{"uv":[3.5,5.0,4.0,6.5],"texture":"#0"},"up":{"uv":[3.5,5.0,4.0,6.5],"texture":"#0"},"north":{"uv":[3.5,5.0,4.0,6.5],"texture":"#0"},"south":{"uv":[3.5,5.0,4.0,6.5],"texture":"#0"},"east":{"uv":[3.5,5.0,4.0,6.5],"texture":"#0"}}},{"from":[9.25,5.5,7.25],"to":[10.25,10.0,10.0],"faces":{"down":{"uv":[6.5,12.5,8.5,16.0],"texture":"#1"},"up":{"uv":[6.5,12.5,8.5,16.0],"texture":"#1"},"north":{"uv":[6.5,12.5,8.5,16.0],"texture":"#1"},"south":{"uv":[6.5,12.5,8.5,16.0],"texture":"#1"},"east":{"uv":[6.5,12.5,8.5,16.0],"texture":"#1"}}},{"from":[8.25,4.75,8.25],"to":[8.75,5.0,9.0],"faces":{"down":{"uv":[7.5,6.0,8.5,7.0],"texture":"#0"},"north":{"uv":[7.5,11.0,8.5,12.0],"texture":"#0"},"south":{"uv":[7.5,11.0,8.5,12.0],"texture":"#0"}}},{"from":[7.75,2.5,8.0],"to":[8.0,3.5,9.25],"faces":{"down":{"uv":[8.0,3.0,8.5,5.0],"texture":"#0"},"up":{"uv":[8.0,3.0,8.5,5.0],"texture":"#0"},"north":{"uv":[8.0,3.0,8.5,5.0],"texture":"#0"},"south":{"uv":[8.0,3.0,8.5,5.0],"texture":"#0"},"west":{"uv":[8.0,3.0,8.5,5.0],"texture":"#0"},"east":{"uv":[8.0,3.0,8.5,5.0],"texture":"#0"}}},{"from":[7.0,4.5,8.25],"to":[7.25,4.75,9.0],"faces":{"down":{"uv":[7.5,0.0,8.0,0.5],"texture":"#1","rotation":180},"north":{"uv":[7.5,0.0,8.0,0.5],"texture":"#1","rotation":180},"south":{"uv":[7.5,0.0,8.0,0.5],"texture":"#1","rotation":180},"west":{"uv":[7.5,0.0,8.0,0.5],"texture":"#1","rotation":180}}},{"from":[8.25,4.5,8.0],"to":[8.5,4.75,9.25],"faces":{"down":{"uv":[1.0,10.0,1.5,10.5],"texture":"#1","rotation":180},"north":{"uv":[1.0,10.0,1.5,10.5],"texture":"#1","rotation":180},"south":{"uv":[1.0,10.0,1.5,10.5],"texture":"#1","rotation":180},"east":{"uv":[1.0,10.0,1.5,10.5],"texture":"#1","rotation":180}}},{"from":[8.0,2.5,8.0],"to":[8.25,3.0,9.25],"faces":{"down":{"uv":[8.0,3.0,8.5,4.0],"texture":"#0"},"up":{"uv":[8.0,3.0,8.5,4.0],"texture":"#0"},"north":{"uv":[8.0,3.0,8.5,4.0],"texture":"#0"},"south":{"uv":[8.0,3.0,8.5,4.0],"texture":"#0"},"east":{"uv":[8.0,3.0,8.5,4.0],"texture":"#0"}}},{"from":[8.25,3.5,8.25],"to":[8.5,4.75,9.0],"faces":{"down":{"uv":[3.0,7.5,4.5,10.0],"texture":"#0"},"north":{"uv":[3.5,7.5,4.0,10.0],"texture":"#0"},"south":{"uv":[3.5,7.5,4.0,10.0],"texture":"#0"},"east":{"uv":[3.0,7.5,4.5,10.0],"texture":"#0"}}},{"from":[7.0,4.75,8.25],"to":[7.5,5.0,9.0],"faces":{"down":{"uv":[7.5,6.0,8.5,7.0],"texture":"#0"},"north":{"uv":[7.5,11.0,8.5,12.0],"texture":"#0"},"south":{"uv":[7.5,11.0,8.5,12.0],"texture":"#0"}}},{"from":[7.0,2.5,8.5],"to":[7.25,3.0,8.75],"faces":{"up":{"uv":[8.0,8.0,8.5,9.5],"texture":"#0"},"north":{"uv":[8.0,8.0,8.5,9.5],"texture":"#0"},"south":{"uv":[8.0,8.0,8.5,9.5],"texture":"#0"},"west":{"uv":[8.0,8.0,8.5,9.5],"texture":"#0"}}},{"from":[6.75,4.75,8.25],"to":[7.0,5.0,9.0],"faces":{"down":{"uv":[7.0,4.5,7.5,5.0],"texture":"#1","rotation":180},"north":{"uv":[7.0,4.5,7.5,5.0],"texture":"#1","rotation":180},"south":{"uv":[7.0,4.5,7.5,5.0],"texture":"#1","rotation":180},"west":{"uv":[7.0,4.5,7.5,5.0],"texture":"#1","rotation":180}}},{"from":[8.5,4.5,8.25],"to":[8.75,4.75,9.0],"faces":{"down":{"uv":[5.0,6.5,5.5,7.0],"texture":"#1","rotation":180},"north":{"uv":[5.0,6.5,5.5,7.0],"texture":"#1","rotation":180},"south":{"uv":[5.0,6.5,5.5,7.0],"texture":"#1","rotation":180},"east":{"uv":[5.0,6.5,5.5,7.0],"texture":"#1","rotation":180}}},{"from":[7.25,4.75,7.75],"to":[8.5,5.0,9.5],"faces":{"down":{"uv":[9.0,1.5,9.5,3.5],"texture":"#1","rotation":270},"north":{"uv":[9.0,1.5,9.5,3.5],"texture":"#1","rotation":270},"south":{"uv":[9.0,1.5,9.5,3.5],"texture":"#1","rotation":270},"west":{"uv":[9.0,1.5,9.5,3.5],"texture":"#1","rotation":270},"east":{"uv":[9.0,1.5,9.5,3.5],"texture":"#1","rotation":270}}},{"from":[7.0,5.25,7.5],"to":[8.75,5.5,9.75],"faces":{"down":{"uv":[6.5,8.5,8.0,9.5],"texture":"#1","rotation":180},"north":{"uv":[6.5,8.5,8.0,9.5],"texture":"#1","rotation":180},"south":{"uv":[6.5,8.5,8.0,9.5],"texture":"#1","rotation":180},"west":{"uv":[6.5,8.5,8.0,9.5],"texture":"#1","rotation":180},"east":{"uv":[6.5,8.5,8.0,9.5],"texture":"#1","rotation":180}}},{"from":[8.5,2.5,8.5],"to":[8.75,3.0,8.75],"faces":{"up":{"uv":[8.0,9.5,8.5,10.5],"texture":"#0"},"north":{"uv":[8.0,9.5,8.5,10.5],"texture":"#0"},"south":{"uv":[8.0,9.5,8.5,10.5],"texture":"#0"},"east":{"uv":[8.0,9.5,8.5,10.5],"texture":"#0"}}},{"from":[8.75,4.75,8.25],"to":[9.0,5.0,9.0],"faces":{"down":{"uv":[7.0,0.0,7.5,0.5],"texture":"#1","rotation":180},"north":{"uv":[7.0,0.0,7.5,0.5],"texture":"#1","rotation":180},"south":{"uv":[7.0,0.0,7.5,0.5],"texture":"#1","rotation":180},"east":{"uv":[7.0,0.0,7.5,0.5],"texture":"#1","rotation":180}}},{"from":[7.25,5.0,7.75],"to":[8.5,5.25,9.5],"faces":{"north":{"uv":[4.0,2.0,5.5,2.5],"texture":"#1","rotation":180},"south":{"uv":[4.0,2.0,5.5,2.5],"texture":"#1","rotation":180},"west":{"uv":[4.0,2.0,5.5,2.5],"texture":"#1","rotation":180},"east":{"uv":[4.0,2.0,5.5,2.5],"texture":"#1","rotation":180}}},{"from":[7.5,2.5,8.0],"to":[7.75,3.0,9.25],"faces":{"down":{"uv":[8.0,3.0,8.5,4.0],"texture":"#0"},"up":{"uv":[8.0,3.0,8.5,4.0],"texture":"#0"},"north":{"uv":[8.0,3.0,8.5,4.0],"texture":"#0"},"south":{"uv":[8.0,3.0,8.5,4.0],"texture":"#0"},"west":{"uv":[8.0,3.0,8.5,4.0],"texture":"#0"}}},{"from":[8.5,4.75,8.0],"to":[8.75,5.0,9.25],"faces":{"down":{"uv":[6.5,0.0,7.0,0.5],"texture":"#1","rotation":180},"north":{"uv":[6.5,0.0,7.0,0.5],"texture":"#1","rotation":180},"south":{"uv":[6.5,0.0,7.0,0.5],"texture":"#1","rotation":180},"east":{"uv":[6.5,0.0,7.0,0.5],"texture":"#1","rotation":180}}},{"from":[6.5,5.25,8.0],"to":[9.25,5.5,9.25],"faces":{"down":{"uv":[2.5,8.0,4.0,9.0],"texture":"#1","rotation":180},"north":{"uv":[2.5,8.0,4.0,9.0],"texture":"#1","rotation":180},"south":{"uv":[2.5,8.0,4.0,9.0],"texture":"#1","rotation":180},"west":{"uv":[2.5,8.0,4.0,9.0],"texture":"#1","rotation":180},"east":{"uv":[2.5,8.0,4.0,9.0],"texture":"#1","rotation":180}}},{"from":[6.75,5.5,7.0],"to":[9.0,5.75,10.25],"faces":{"down":{"uv":[6.5,12.5,10.0,16.0],"texture":"#1"},"up":{"uv":[6.5,12.5,10.0,16.0],"texture":"#1"},"north":{"uv":[6.5,13.5,10.0,14.0],"texture":"#1"},"south":{"uv":[6.5,13.5,10.0,14.0],"texture":"#1"},"west":{"uv":[6.5,13.5,10.0,14.0],"texture":"#1"},"east":{"uv":[6.5,13.5,10.0,14.0],"texture":"#1"}}},{"from":[6.5,5.5,7.25],"to":[9.25,10.0,10.0],"faces":{"down":{"uv":[6.5,12.5,10.0,16.0],"texture":"#1"},"up":{"uv":[6.5,12.5,10.0,16.0],"texture":"#1"},"north":{"uv":[6.5,12.5,10.0,16.0],"texture":"#1"},"south":{"uv":[6.5,12.5,10.0,16.0],"texture":"#1"}}},{"from":[11.0,5.5,7.75],"to":[11.5,10.0,9.5],"faces":{"down":{"uv":[6.5,12.5,8.5,16.0],"texture":"#1"},"up":{"uv":[6.5,12.5,8.5,16.0],"texture":"#1"},"north":{"uv":[6.5,12.5,8.5,16.0],"texture":"#1"},"south":{"uv":[6.5,12.5,8.5,16.0],"texture":"#1"},"east":{"uv":[6.5,12.5,8.5,16.0],"texture":"#1"}}},{"from":[10.25,5.5,7.5],"to":[11.0,10.0,9.75],"faces":{"down":{"uv":[6.5,12.5,8.5,16.0],"texture":"#1"},"up":{"uv":[6.5,12.5,8.5,16.0],"texture":"#1"},"north":{"uv":[6.5,12.5,8.5,16.0],"texture":"#1"},"south":{"uv":[6.5,12.5,8.5,16.0],"texture":"#1"},"east":{"uv":[6.5,12.5,8.5,16.0],"texture":"#1"}}},{"from":[4.75,5.5,7.5],"to":[5.5,10.0,9.75],"faces":{"down":{"uv":[6.5,12.5,8.5,16.0],"texture":"#1"},"up":{"uv":[6.5,12.5,8.5,16.0],"texture":"#1"},"north":{"uv":[6.5,12.5,8.5,16.0],"texture":"#1"},"south":{"uv":[6.5,12.5,8.5,16.0],"texture":"#1"},"west":{"uv":[6.5,12.5,8.5,16.0],"texture":"#1"}}},{"from":[4.25,5.5,7.75],"to":[4.75,10.0,9.5],"faces":{"down":{"uv":[6.5,12.5,8.5,16.0],"texture":"#1"},"up":{"uv":[6.5,12.5,8.5,16.0],"texture":"#1"},"north":{"uv":[6.5,12.5,8.5,16.0],"texture":"#1"},"south":{"uv":[6.5,12.5,8.5,16.0],"texture":"#1"},"west":{"uv":[6.5,12.5,8.5,16.0],"texture":"#1"}}},{"from":[5.75,5.25,7.25],"to":[6.25,10.25,10.0],"faces":{"down":{"uv":[9.0,11.5,10.0,12.0],"texture":"#1"},"up":{"uv":[9.0,11.5,10.0,12.0],"texture":"#1"},"north":{"uv":[9.0,11.5,10.0,12.0],"texture":"#1"},"south":{"uv":[9.0,11.5,10.0,12.0],"texture":"#1"},"west":{"uv":[9.0,11.5,10.0,12.0],"texture":"#1"},"east":{"uv":[9.0,11.5,10.0,12.0],"texture":"#1"}}},{"from":[4.75,5.75,10.0],"to":[11.0,9.75,10.25],"faces":{"down":{"uv":[7.5,12.5,16.0,16.0],"texture":"#1"},"up":{"uv":[7.5,12.5,16.0,16.0],"texture":"#1"},"south":{"uv":[7.5,12.5,16.0,16.0],"texture":"#1"},"west":{"uv":[7.5,12.5,16.0,16.0],"texture":"#1"},"east":{"uv":[7.5,12.5,16.0,16.0],"texture":"#1"}}},{"from":[3.75,6.75,7.0],"to":[12.0,8.75,7.5],"faces":{"down":{"uv":[15.0,6.5,16.0,12.0],"texture":"#1"},"up":{"uv":[15.0,6.5,16.0,12.0],"texture":"#1"},"north":{"uv":[15.0,6.5,16.0,12.0],"texture":"#1"},"west":{"uv":[15.0,6.5,16.0,12.0],"texture":"#1"},"east":{"uv":[15.0,6.5,16.0,12.0],"texture":"#1"}}},{"from":[4.0,6.25,6.75],"to":[11.75,9.25,10.5],"faces":{"down":{"uv":[6.5,12.5,13.0,16.0],"texture":"#1","rotation":90},"up":{"uv":[6.5,12.5,13.0,16.0],"texture":"#1","rotation":90},"north":{"uv":[6.5,12.5,13.0,16.0],"texture":"#1","rotation":90},"south":{"uv":[6.5,12.5,13.0,16.0],"texture":"#1","rotation":90},"west":{"uv":[10.5,6.5,16.0,12.0],"texture":"#1"},"east":{"uv":[10.5,6.5,16.0,12.0],"texture":"#1"}}},{"from":[4.0,5.75,7.75],"to":[11.75,9.75,9.5],"faces":{"down":{"uv":[6.5,12.5,12.5,16.0],"texture":"#1","rotation":90},"up":{"uv":[6.5,12.5,12.5,16.0],"texture":"#1","rotation":90},"north":{"uv":[6.5,12.5,12.5,16.0],"texture":"#1","rotation":90},"south":{"uv":[6.5,12.5,12.5,16.0],"texture":"#1","rotation":90},"west":{"uv":[13.0,6.5,16.0,12.5],"texture":"#1"},"east":{"uv":[13.0,6.5,16.0,12.5],"texture":"#1"}}},{"from":[4.0,9.25,7.0],"to":[11.75,9.5,7.75],"faces":{"up":{"uv":[10.0,14.0,11.0,14.5],"texture":"#1","rotation":180},"north":{"uv":[10.0,14.0,11.0,14.5],"texture":"#1","rotation":180},"west":{"uv":[12.5,10.0,13.5,10.5],"texture":"#1"},"east":{"uv":[12.5,10.0,13.5,10.5],"texture":"#1"}}},{"from":[4.0,9.25,9.5],"to":[11.75,9.5,10.25],"faces":{"up":{"uv":[8.0,13.5,9.0,14.0],"texture":"#1","rotation":180},"south":{"uv":[8.0,13.5,9.0,14.0],"texture":"#1","rotation":180},"west":{"uv":[11.5,6.5,13.0,7.0],"texture":"#1"},"east":{"uv":[11.5,6.5,13.0,7.0],"texture":"#1"}}},{"from":[4.25,5.75,9.5],"to":[11.5,9.75,10.0],"faces":{"down":{"uv":[10.0,14.0,11.0,14.5],"texture":"#1","rotation":180},"up":{"uv":[10.0,14.0,11.0,14.5],"texture":"#1","rotation":180},"south":{"uv":[10.0,14.0,11.0,14.5],"texture":"#1","rotation":180},"west":{"uv":[10.0,14.0,11.0,14.5],"texture":"#1","rotation":180},"east":{"uv":[10.0,14.0,11.0,14.5],"texture":"#1","rotation":180}}},{"from":[4.5,6.0,6.75],"to":[11.25,9.5,10.5],"faces":{"down":{"uv":[0.0,13.5,12.5,14.0],"texture":"#1"},"up":{"uv":[0.0,13.5,12.5,14.0],"texture":"#1"},"north":{"uv":[1.0,12.0,11.5,16.0],"texture":"#1"},"south":{"uv":[1.0,12.0,11.5,16.0],"texture":"#1"},"west":{"uv":[9.5,12.0,10.0,16.0],"texture":"#1"},"east":{"uv":[9.5,12.0,10.0,16.0],"texture":"#1"}}},{"from":[4.25,6.5,6.5],"to":[11.5,9.0,10.75],"faces":{"down":{"uv":[0.0,15.0,16.0,15.5],"texture":"#1"},"up":{"uv":[0.0,15.0,16.0,15.5],"texture":"#1"},"north":{"uv":[14.5,0.0,0.0,5.0],"texture":"#1"},"south":{"uv":[0.0,0.0,14.5,5.0],"texture":"#1"},"west":{"uv":[6.5,12.5,13.0,16.0],"texture":"#1"},"east":{"uv":[6.5,12.5,13.0,16.0],"texture":"#1"}}},{"from":[3.75,6.25,8.0],"to":[12.0,9.25,9.25],"faces":{"down":{"uv":[12.0,6.5,14.5,12.0],"texture":"#1"},"up":{"uv":[12.0,6.5,14.5,12.0],"texture":"#1"},"north":{"uv":[12.0,6.5,14.5,12.0],"texture":"#1"},"south":{"uv":[12.0,6.5,14.5,12.0],"texture":"#1"},"west":{"uv":[12.0,6.5,14.5,12.0],"texture":"#1"},"east":{"uv":[12.0,6.5,14.5,12.0],"texture":"#1"}}},{"from":[3.75,6.5,7.5],"to":[12.0,9.0,8.0],"faces":{"down":{"uv":[14.5,6.5,15.5,12.5],"texture":"#1"},"up":{"uv":[14.5,6.5,15.5,12.5],"texture":"#1"},"north":{"uv":[14.5,6.5,15.5,12.5],"texture":"#1"},"west":{"uv":[14.5,6.5,15.5,12.5],"texture":"#1"},"east":{"uv":[14.5,6.5,15.5,12.5],"texture":"#1"}}},{"from":[5.5,5.5,7.25],"to":[6.5,10.0,10.0],"faces":{"down":{"uv":[6.5,12.5,8.5,16.0],"texture":"#1"},"up":{"uv":[6.5,12.5,8.5,16.0],"texture":"#1"},"north":{"uv":[6.5,12.5,8.5,16.0],"texture":"#1"},"south":{"uv":[6.5,12.5,8.5,16.0],"texture":"#1"},"west":{"uv":[6.5,12.5,8.5,16.0],"texture":"#1"}}},{"from":[3.75,6.5,9.25],"to":[12.0,9.0,9.75],"faces":{"down":{"uv":[13.0,6.5,14.0,12.5],"texture":"#1"},"up":{"uv":[13.0,6.5,14.0,12.5],"texture":"#1"},"south":{"uv":[13.0,6.5,14.0,12.5],"texture":"#1"},"west":{"uv":[13.0,6.5,14.0,12.5],"texture":"#1"},"east":{"uv":[13.0,6.5,14.0,12.5],"texture":"#1"}}},{"from":[3.75,6.75,9.75],"to":[12.0,8.75,10.25],"faces":{"down":{"uv":[11.0,6.5,12.0,12.0],"texture":"#1"},"up":{"uv":[11.0,6.5,12.0,12.0],"texture":"#1"},"south":{"uv":[11.0,6.5,12.0,12.0],"texture":"#1"},"west":{"uv":[11.0,6.5,12.0,12.0],"texture":"#1"},"east":{"uv":[11.0,6.5,12.0,12.0],"texture":"#1"}}},{"from":[6.75,5.0,8.0],"to":[9.0,5.25,9.25],"faces":{"down":{"uv":[3.5,2.0,6.0,2.5],"texture":"#1","rotation":180},"north":{"uv":[3.5,2.0,6.0,2.5],"texture":"#1","rotation":180},"south":{"uv":[3.5,2.0,6.0,2.5],"texture":"#1","rotation":180},"west":{"uv":[3.5,2.0,6.0,2.5],"texture":"#1","rotation":180},"east":{"uv":[3.5,2.0,6.0,2.5],"texture":"#1","rotation":180}}},{"from":[4.25,5.75,7.25],"to":[11.5,9.75,7.75],"faces":{"down":{"uv":[10.0,14.0,11.0,14.5],"texture":"#1","rotation":180},"up":{"uv":[10.0,14.0,11.0,14.5],"texture":"#1","rotation":180},"north":{"uv":[10.0,14.0,11.0,14.5],"texture":"#1","rotation":180},"west":{"uv":[10.0,14.0,11.0,14.5],"texture":"#1","rotation":180},"east":{"uv":[10.0,14.0,11.0,14.5],"texture":"#1","rotation":180}}},{"from":[4.75,5.75,7.0],"to":[11.0,9.75,7.25],"faces":{"down":{"uv":[2.0,12.5,11.0,15.5],"texture":"#1","rotation":180},"up":{"uv":[2.0,12.5,11.0,15.5],"texture":"#1","rotation":180},"north":{"uv":[2.0,12.5,11.0,15.5],"texture":"#1","rotation":180},"west":{"uv":[2.0,12.5,11.0,15.5],"texture":"#1","rotation":180},"east":{"uv":[2.0,12.5,11.0,15.5],"texture":"#1","rotation":180}}},{"from":[7.75,-9.25,7.5],"to":[8.0,-7.5,9.75],"faces":{"down":{"uv":[3.5,10.5,4.0,14.0],"texture":"#0"},"up":{"uv":[3.5,10.5,4.0,14.0],"texture":"#0"},"north":{"uv":[3.5,10.5,4.0,14.0],"texture":"#0"},"south":{"uv":[3.5,10.5,4.0,14.0],"texture":"#0"},"west":{"uv":[3.5,10.5,4.0,14.0],"texture":"#0"},"east":{"uv":[3.5,10.5,4.0,14.0],"texture":"#0"}}},{"from":[5.25,6.25,6.5],"to":[10.5,9.25,10.75],"faces":{"down":{"uv":[0.0,12.0,12.5,12.5],"texture":"#1"},"up":{"uv":[0.0,12.0,12.5,12.5],"texture":"#1"},"north":{"uv":[10.5,6.0,0.0,12.0],"texture":"#1"},"south":{"uv":[0.0,6.0,10.5,12.0],"texture":"#1"},"west":{"uv":[9.0,11.0,10.0,12.0],"texture":"#1"},"east":{"uv":[6.0,11.0,7.0,12.0],"texture":"#1"}}},{"from":[5.75,5.75,6.75],"to":[6.25,9.75,10.5],"faces":{"down":{"uv":[0.5,11.5,1.5,12.0],"texture":"#1"},"up":{"uv":[0.5,11.5,1.5,12.0],"texture":"#1"},"north":{"uv":[0.5,11.5,1.5,12.0],"texture":"#1"},"south":{"uv":[0.5,11.5,1.5,12.0],"texture":"#1"},"west":{"uv":[0.5,11.5,1.5,12.0],"texture":"#1"},"east":{"uv":[0.5,11.5,1.5,12.0],"texture":"#1"}}},{"from":[5.75,5.5,7.0],"to":[6.25,10.0,10.25],"faces":{"down":{"uv":[0.5,7.0,1.5,7.5],"texture":"#1"},"up":{"uv":[0.5,7.0,1.5,7.5],"texture":"#1"},"north":{"uv":[0.5,7.0,1.5,7.5],"texture":"#1"},"south":{"uv":[0.5,7.0,1.5,7.5],"texture":"#1"},"west":{"uv":[0.5,7.0,1.5,7.5],"texture":"#1"},"east":{"uv":[0.5,7.0,1.5,7.5],"texture":"#1"}}},{"from":[5.75,9.25,6.5],"to":[6.25,9.5,10.75],"faces":{"up":{"uv":[0.5,11.5,1.5,12.0],"texture":"#1"},"north":{"uv":[0.5,11.5,1.5,12.0],"texture":"#1"},"south":{"uv":[0.5,11.5,1.5,12.0],"texture":"#1"},"west":{"uv":[0.5,11.5,1.5,12.0],"texture":"#1"},"east":{"uv":[0.5,11.5,1.5,12.0],"texture":"#1"}}},{"from":[9.5,5.25,7.25],"to":[10.0,10.25,10.0],"faces":{"down":{"uv":[9.0,11.5,10.0,12.0],"texture":"#1"},"up":{"uv":[9.0,11.5,10.0,12.0],"texture":"#1"},"north":{"uv":[9.0,11.5,10.0,12.0],"texture":"#1"},"south":{"uv":[9.0,11.5,10.0,12.0],"texture":"#1"},"west":{"uv":[9.0,11.5,10.0,12.0],"texture":"#1"},"east":{"uv":[9.0,11.5,10.0,12.0],"texture":"#1"}}},{"from":[9.5,5.5,7.0],"to":[10.0,10.0,10.25],"faces":{"down":{"uv":[9.0,6.0,10.0,6.5],"texture":"#1"},"up":{"uv":[9.0,6.0,10.0,6.5],"texture":"#1"},"north":{"uv":[9.0,6.0,10.0,6.5],"texture":"#1"},"south":{"uv":[9.0,6.0,10.0,6.5],"texture":"#1"},"west":{"uv":[9.0,6.0,10.0,6.5],"texture":"#1"},"east":{"uv":[9.0,6.0,10.0,6.5],"texture":"#1"}}},{"from":[9.5,5.75,6.75],"to":[10.0,9.75,10.5],"faces":{"down":{"uv":[13.0,2.0,14.0,2.5],"texture":"#1"},"up":{"uv":[13.0,2.0,14.0,2.5],"texture":"#1"},"north":{"uv":[13.0,2.0,14.0,2.5],"texture":"#1"},"south":{"uv":[13.0,2.0,14.0,2.5],"texture":"#1"},"west":{"uv":[13.0,2.0,14.0,2.5],"texture":"#1"},"east":{"uv":[13.0,2.0,14.0,2.5],"texture":"#1"}}},{"from":[9.5,9.25,6.5],"to":[10.0,9.5,10.75],"faces":{"up":{"uv":[11.0,0.0,12.0,0.5],"texture":"#1"},"north":{"uv":[11.0,0.0,12.0,0.5],"texture":"#1"},"south":{"uv":[11.0,0.0,12.0,0.5],"texture":"#1"},"west":{"uv":[11.0,0.0,12.0,0.5],"texture":"#1"},"east":{"uv":[11.0,0.0,12.0,0.5],"texture":"#1"}}},{"from":[8.25,7.25,6.25],"to":[8.5,8.25,11.0],"faces":{"down":{"uv":[6.0,10.0,6.5,10.5],"texture":"#1"},"up":{"uv":[6.0,8.0,6.5,8.5],"texture":"#1"},"north":{"uv":[6.0,8.0,6.5,10.0],"texture":"#1"},"south":{"uv":[6.0,8.0,6.5,10.0],"texture":"#1"},"east":{"uv":[6.0,8.0,6.5,10.0],"texture":"#1"}}},{"from":[10.25,8.0,6.25],"to":[10.75,8.5,11.0],"faces":{"down":{"uv":[11.0,0.0,12.0,1.0],"texture":"#1"},"up":{"uv":[11.0,0.0,12.0,1.0],"texture":"#1"},"north":{"uv":[11.0,0.0,12.0,1.0],"texture":"#1"},"south":{"uv":[11.0,0.0,12.0,1.0],"texture":"#1"},"west":{"uv":[11.0,0.0,12.0,1.0],"texture":"#1"},"east":{"uv":[11.0,0.0,12.0,1.0],"texture":"#1"}}},{"from":[9.75,8.5,6.25],"to":[10.25,9.25,11.0],"faces":{"down":{"uv":[2.5,4.0,3.5,5.5],"texture":"#1"},"up":{"uv":[2.5,4.0,3.5,5.5],"texture":"#1"},"north":{"uv":[2.5,4.0,3.5,5.5],"texture":"#1"},"south":{"uv":[2.5,4.0,3.5,5.5],"texture":"#1"},"west":{"uv":[2.5,4.0,3.5,5.5],"texture":"#1"},"east":{"uv":[2.5,4.0,3.5,5.5],"texture":"#1"}}},{"from":[10.75,7.5,6.25],"to":[11.25,8.0,11.0],"faces":{"down":{"uv":[12.0,1.0,13.0,2.0],"texture":"#1"},"up":{"uv":[12.0,1.0,13.0,2.0],"texture":"#1"},"north":{"uv":[12.0,1.0,13.0,2.0],"texture":"#1"},"south":{"uv":[12.0,1.0,13.0,2.0],"texture":"#1"},"west":{"uv":[12.0,1.0,13.0,2.0],"texture":"#1"},"east":{"uv":[12.0,1.0,13.0,2.0],"texture":"#1"}}},{"from":[10.25,7.0,6.25],"to":[10.75,7.5,11.0],"faces":{"down":{"uv":[13.0,2.0,14.0,3.0],"texture":"#1"},"up":{"uv":[13.0,2.0,14.0,3.0],"texture":"#1"},"north":{"uv":[13.0,2.0,14.0,3.0],"texture":"#1"},"south":{"uv":[13.0,2.0,14.0,3.0],"texture":"#1"},"west":{"uv":[13.0,2.0,14.0,3.0],"texture":"#1"},"east":{"uv":[13.0,2.0,14.0,3.0],"texture":"#1"}}},{"from":[9.75,6.25,6.25],"to":[10.25,7.0,11.0],"faces":{"down":{"uv":[9.0,6.0,10.0,7.5],"texture":"#1"},"up":{"uv":[9.0,6.0,10.0,7.5],"texture":"#1"},"north":{"uv":[9.0,6.0,10.0,7.5],"texture":"#1"},"south":{"uv":[9.0,6.0,10.0,7.5],"texture":"#1"},"west":{"uv":[9.0,6.0,10.0,7.5],"texture":"#1"},"east":{"uv":[9.0,6.0,10.0,7.5],"texture":"#1"}}},{"from":[5.5,6.25,6.25],"to":[6.0,7.0,11.0],"faces":{"down":{"uv":[0.5,10.5,1.5,12.0],"texture":"#1"},"up":{"uv":[0.5,10.5,1.5,12.0],"texture":"#1"},"north":{"uv":[0.5,10.5,1.5,12.0],"texture":"#1"},"south":{"uv":[0.5,10.5,1.5,12.0],"texture":"#1"},"west":{"uv":[0.5,10.5,1.5,12.0],"texture":"#1"},"east":{"uv":[0.5,10.5,1.5,12.0],"texture":"#1"}}},{"from":[5.0,7.0,6.25],"to":[5.5,7.5,11.0],"faces":{"down":{"uv":[1.5,3.0,2.5,4.0],"texture":"#1"},"up":{"uv":[1.5,3.0,2.5,4.0],"texture":"#1"},"north":{"uv":[1.5,3.0,2.5,4.0],"texture":"#1"},"south":{"uv":[1.5,3.0,2.5,4.0],"texture":"#1"},"west":{"uv":[1.5,3.0,2.5,4.0],"texture":"#1"},"east":{"uv":[1.5,3.0,2.5,4.0],"texture":"#1"}}},{"from":[4.5,7.5,6.25],"to":[5.0,8.0,11.0],"faces":{"down":{"uv":[0.5,2.0,1.5,3.0],"texture":"#1"},"up":{"uv":[0.5,2.0,1.5,3.0],"texture":"#1"},"north":{"uv":[0.5,2.0,1.5,3.0],"texture":"#1"},"south":{"uv":[0.5,2.0,1.5,3.0],"texture":"#1"},"west":{"uv":[0.5,2.0,1.5,3.0],"texture":"#1"},"east":{"uv":[0.5,2.0,1.5,3.0],"texture":"#1"}}},{"from":[5.5,8.5,6.25],"to":[6.0,9.25,11.0],"faces":{"down":{"uv":[0.5,6.0,1.5,7.5],"texture":"#1"},"up":{"uv":[0.5,6.0,1.5,7.5],"texture":"#1"},"north":{"uv":[0.5,6.0,1.5,7.5],"texture":"#1"},"south":{"uv":[0.5,6.0,1.5,7.5],"texture":"#1"},"west":{"uv":[0.5,6.0,1.5,7.5],"texture":"#1"},"east":{"uv":[0.5,6.0,1.5,7.5],"texture":"#1"}}},{"from":[5.0,8.0,6.25],"to":[5.5,8.5,11.0],"faces":{"down":{"uv":[1.5,1.0,2.5,2.0],"texture":"#1"},"up":{"uv":[1.5,1.0,2.5,2.0],"texture":"#1"},"north":{"uv":[1.5,1.0,2.5,2.0],"texture":"#1"},"south":{"uv":[1.5,1.0,2.5,2.0],"texture":"#1"},"west":{"uv":[1.5,1.0,2.5,2.0],"texture":"#1"},"east":{"uv":[1.5,1.0,2.5,2.0],"texture":"#1"}}},{"from":[7.75,6.75,6.25],"to":[8.0,8.75,11.0],"faces":{"down":{"uv":[5.0,10.5,5.5,11.0],"texture":"#1"},"up":{"uv":[5.0,7.0,5.5,7.5],"texture":"#1"},"north":{"uv":[5.0,7.0,5.5,11.0],"texture":"#1"},"south":{"uv":[5.0,7.0,5.5,11.0],"texture":"#1"},"west":{"uv":[5.0,7.0,5.5,11.0],"texture":"#1"},"east":{"uv":[5.0,7.0,5.5,11.0],"texture":"#1"}}},{"from":[7.5,7.0,6.25],"to":[7.75,8.5,11.0],"faces":{"down":{"uv":[4.5,10.0,5.0,10.5],"texture":"#1"},"up":{"uv":[4.5,7.5,5.0,8.0],"texture":"#1"},"north":{"uv":[4.5,7.5,5.0,10.5],"texture":"#1"},"south":{"uv":[4.5,7.5,5.0,10.5],"texture":"#1"},"west":{"uv":[4.5,7.5,5.0,10.5],"texture":"#1"}}},{"from":[8.0,7.0,6.25],"to":[8.25,8.5,11.0],"faces":{"down":{"uv":[5.5,10.0,6.0,10.5],"texture":"#1"},"up":{"uv":[5.5,7.5,6.0,8.0],"texture":"#1"},"north":{"uv":[5.5,7.5,6.0,10.0],"texture":"#1"},"south":{"uv":[5.5,7.5,6.0,10.0],"texture":"#1"},"east":{"uv":[5.5,7.5,6.0,10.0],"texture":"#1"}}},{"from":[7.25,7.25,6.25],"to":[7.5,8.25,11.0],"faces":{"down":{"uv":[4.0,9.5,4.5,10.0],"texture":"#1"},"up":{"uv":[4.0,8.0,4.5,8.5],"texture":"#1"},"north":{"uv":[4.0,8.0,4.5,10.0],"texture":"#1"},"south":{"uv":[4.0,8.0,4.5,10.0],"texture":"#1"},"west":{"uv":[4.0,8.0,4.5,10.0],"texture":"#1"}}},{"from":[7.25,3.5,8.25],"to":[7.5,4.75,9.0],"faces":{"down":{"uv":[7.5,2.5,9.0,5.0],"texture":"#0"},"north":{"uv":[9.0,2.5,9.5,4.5],"texture":"#0"},"south":{"uv":[8.5,2.5,9.0,5.0],"texture":"#0"},"west":{"uv":[7.5,2.5,9.0,5.0],"texture":"#0"}}},{"from":[7.25,2.5,8.25],"to":[7.5,3.25,9.0],"faces":{"down":{"uv":[9.0,3.0,9.5,4.5],"texture":"#0"},"up":{"uv":[9.0,3.0,9.5,4.5],"texture":"#0"},"north":{"uv":[9.0,3.0,9.5,4.5],"texture":"#0"},"south":{"uv":[9.0,3.0,9.5,4.5],"texture":"#0"},"west":{"uv":[9.0,3.0,9.5,4.5],"texture":"#0"}}},{"from":[8.0,4.25,8.0],"to":[8.25,4.75,9.25],"faces":{"down":{"uv":[5.5,6.5,6.0,7.5],"texture":"#1","rotation":180},"north":{"uv":[5.5,6.5,6.0,7.5],"texture":"#1","rotation":180},"south":{"uv":[5.5,6.5,6.0,7.5],"texture":"#1","rotation":180},"east":{"uv":[5.5,6.5,6.0,7.5],"texture":"#1","rotation":180}}},{"from":[8.5,4.0,8.5],"to":[8.75,4.5,8.75],"faces":{"down":{"uv":[4.5,2.0,5.0,3.0],"texture":"#1","rotation":180},"north":{"uv":[4.5,2.0,5.0,3.0],"texture":"#1","rotation":180},"south":{"uv":[4.5,2.0,5.0,3.0],"texture":"#1","rotation":180},"east":{"uv":[4.5,2.0,5.0,3.0],"texture":"#1","rotation":180}}},{"from":[7.75,3.75,8.0],"to":[8.0,4.75,9.25],"faces":{"down":{"uv":[5.0,1.5,5.5,3.5],"texture":"#1","rotation":180},"north":{"uv":[5.0,1.5,5.5,3.5],"texture":"#1","rotation":180},"south":{"uv":[5.0,1.5,5.5,3.5],"texture":"#1","rotation":180},"west":{"uv":[5.0,1.5,5.5,3.5],"texture":"#1","rotation":180},"east":{"uv":[5.0,1.5,5.5,3.5],"texture":"#1","rotation":180}}},{"from":[7.0,-9.25,7.75],"to":[7.25,-7.5,9.5],"faces":{"down":{"uv":[5.0,10.5,5.5,14.5],"texture":"#0"},"up":{"uv":[2.0,10.5,2.5,14.0],"texture":"#0"},"north":{"uv":[5.0,10.5,5.5,14.5],"texture":"#0"},"south":{"uv":[5.0,10.5,5.5,14.5],"texture":"#0"},"west":{"uv":[5.0,10.5,5.5,14.5],"texture":"#0"}}},{"from":[7.5,-4.75,8.25],"to":[8.25,1.25,9.0],"faces":{"north":{"uv":[7.5,0.0,9.0,12.0],"texture":"#0"},"south":{"uv":[7.5,0.0,9.0,12.0],"texture":"#0"},"west":{"uv":[7.5,0.0,9.0,12.0],"texture":"#0"},"east":{"uv":[7.5,0.0,9.0,12.0],"texture":"#0"}}},{"from":[7.5,0.5,8.0],"to":[8.25,1.0,9.25],"faces":{"down":{"uv":[3.0,1.5,4.5,2.5],"texture":"#0"},"up":{"uv":[3.0,1.5,4.5,2.5],"texture":"#0"},"north":{"uv":[3.0,1.5,4.5,2.5],"texture":"#0"},"south":{"uv":[3.0,1.5,4.5,2.5],"texture":"#0"},"west":{"uv":[3.0,1.5,4.5,2.5],"texture":"#0"},"east":{"uv":[3.0,1.5,4.5,2.5],"texture":"#0"}}},{"from":[7.25,-0.25,8.25],"to":[8.5,0.25,9.0],"faces":{"down":{"uv":[7.0,3.0,9.5,4.0],"texture":"#0"},"up":{"uv":[7.0,3.0,9.5,4.0],"texture":"#0"},"north":{"uv":[7.0,3.0,9.5,4.0],"texture":"#0"},"south":{"uv":[7.0,3.0,9.5,4.0],"texture":"#0"},"west":{"uv":[7.0,3.0,9.0,4.5],"texture":"#0"},"east":{"uv":[7.0,3.0,9.0,4.5],"texture":"#0"}}},{"from":[7.75,-5.0,8.0],"to":[8.0,-4.75,9.25],"faces":{"north":{"uv":[8.0,7.0,8.5,6.5],"texture":"#0"},"south":{"uv":[8.0,7.0,8.5,6.5],"texture":"#0"},"west":{"uv":[7.0,8.0,8.5,7.5],"texture":"#0"},"east":{"uv":[7.0,8.0,8.5,7.5],"texture":"#0"}}},{"from":[7.25,-2.75,8.5],"to":[8.5,-2.5,8.75],"faces":{"north":{"uv":[7.0,8.0,9.5,8.5],"texture":"#0"},"south":{"uv":[7.0,8.0,9.5,8.5],"texture":"#0"},"west":{"uv":[8.0,8.0,8.5,8.5],"texture":"#0"},"east":{"uv":[8.0,8.0,8.5,8.5],"texture":"#0"}}},{"from":[7.75,-2.0,8.0],"to":[8.0,-1.75,9.25],"faces":{"north":{"uv":[8.0,7.0,8.5,6.5],"texture":"#0"},"south":{"uv":[8.0,7.0,8.5,6.5],"texture":"#0"},"west":{"uv":[7.0,8.0,8.5,7.5],"texture":"#0"},"east":{"uv":[7.0,8.0,8.5,7.5],"texture":"#0"}}},{"from":[7.25,-1.25,8.5],"to":[8.5,-1.0,8.75],"faces":{"north":{"uv":[2.5,0.0,5.0,0.5],"texture":"#0"},"south":{"uv":[2.5,0.0,5.0,0.5],"texture":"#0"},"west":{"uv":[2.5,0.0,3.0,0.5],"texture":"#0"},"east":{"uv":[4.5,0.5,5.0,1.0],"texture":"#0"}}},{"from":[7.5,-3.25,8.0],"to":[8.25,-2.75,9.25],"faces":{"down":{"uv":[7.0,6.0,8.5,8.5],"texture":"#0"},"up":{"uv":[7.0,6.0,8.5,8.5],"texture":"#0"},"north":{"uv":[7.5,6.0,9.0,7.0],"texture":"#0"},"south":{"uv":[7.5,6.0,9.0,7.0],"texture":"#0"},"west":{"uv":[7.0,6.0,9.5,7.0],"texture":"#0"},"east":{"uv":[7.0,6.0,9.5,7.0],"texture":"#0"}}},{"from":[7.25,-6.25,8.25],"to":[8.5,-5.75,9.0],"faces":{"up":{"uv":[3.0,0.5,4.0,2.5],"texture":"#0"},"north":{"uv":[3.0,0.5,5.0,1.5],"texture":"#0"},"south":{"uv":[3.0,0.5,5.0,1.5],"texture":"#0"},"west":{"uv":[3.0,0.5,5.0,1.5],"texture":"#0"},"east":{"uv":[3.0,0.5,5.0,1.5],"texture":"#0"}}},{"from":[7.75,-3.5,8.0],"to":[8.0,-3.25,9.25],"faces":{"north":{"uv":[8.0,7.5,8.5,8.0],"texture":"#0"},"south":{"uv":[8.0,7.5,8.5,8.0],"texture":"#0"},"west":{"uv":[7.0,8.0,9.5,8.5],"texture":"#0"},"east":{"uv":[7.0,8.0,9.5,8.5],"texture":"#0"}}},{"from":[7.25,-2.0,8.5],"to":[8.5,-1.75,8.75],"faces":{"north":{"uv":[7.0,7.0,9.5,7.5],"texture":"#0"},"south":{"uv":[7.0,7.0,9.5,7.5],"texture":"#0"},"west":{"uv":[8.0,8.0,8.5,8.5],"texture":"#0"},"east":{"uv":[8.0,8.0,8.5,8.5],"texture":"#0"}}},{"from":[7.5,-2.5,8.0],"to":[8.25,-2.0,9.25],"faces":{"down":{"uv":[2.5,3.0,4.5,4.5],"texture":"#0"},"up":{"uv":[2.5,3.0,4.5,4.5],"texture":"#0"},"north":{"uv":[3.0,3.0,5.0,4.0],"texture":"#0"},"south":{"uv":[3.0,3.0,5.0,4.0],"texture":"#0"},"west":{"uv":[2.5,3.0,4.5,4.0],"texture":"#0"},"east":{"uv":[2.5,3.0,4.5,4.0],"texture":"#0"}}},{"from":[7.25,-2.5,8.25],"to":[8.5,-2.0,9.0],"faces":{"down":{"uv":[3.0,0.5,4.0,2.5],"texture":"#0"},"up":{"uv":[3.0,0.5,4.0,2.5],"texture":"#0"},"north":{"uv":[3.0,0.5,5.0,1.5],"texture":"#0"},"south":{"uv":[3.0,0.5,5.0,1.5],"texture":"#0"},"west":{"uv":[3.0,0.5,5.0,1.5],"texture":"#0"},"east":{"uv":[3.0,0.5,5.0,1.5],"texture":"#0"}}},{"from":[9.5,6.0,6.5],"to":[10.0,6.25,10.75],"faces":{"down":{"uv":[13.0,2.5,14.0,3.0],"texture":"#1"},"north":{"uv":[13.0,2.5,14.0,3.0],"texture":"#1"},"south":{"uv":[13.0,2.5,14.0,3.0],"texture":"#1"},"west":{"uv":[13.0,2.5,14.0,3.0],"texture":"#1"},"east":{"uv":[13.0,2.5,14.0,3.0],"texture":"#1"}}},{"from":[5.75,6.0,6.5],"to":[6.25,6.25,10.75],"faces":{"down":{"uv":[0.5,11.0,1.5,11.5],"texture":"#1"},"north":{"uv":[0.5,11.0,1.5,11.5],"texture":"#1"},"south":{"uv":[0.5,11.0,1.5,11.5],"texture":"#1"},"west":{"uv":[0.5,11.0,1.5,11.5],"texture":"#1"},"east":{"uv":[0.5,11.0,1.5,11.5],"texture":"#1"}}},{"from":[4.0,6.0,7.0],"to":[11.75,6.25,7.75],"faces":{"down":{"uv":[6.5,13.5,7.5,14.0],"texture":"#1","rotation":180},"north":{"uv":[6.5,13.5,7.5,14.0],"texture":"#1","rotation":180},"west":{"uv":[12.0,9.5,13.0,10.0],"texture":"#1"},"east":{"uv":[12.0,9.5,13.0,10.0],"texture":"#1"}}},{"from":[4.0,6.0,9.5],"to":[11.75,6.25,10.25],"faces":{"down":{"uv":[9.5,13.0,10.5,13.5],"texture":"#1","rotation":180},"south":{"uv":[9.5,13.0,10.5,13.5],"texture":"#1","rotation":180},"west":{"uv":[13.0,7.0,14.0,7.5],"texture":"#1"},"east":{"uv":[13.0,7.0,14.0,7.5],"texture":"#1"}}},{"from":[7.0,4.75,8.0],"to":[7.25,5.0,9.25],"faces":{"down":{"uv":[9.5,2.5,10.0,3.0],"texture":"#1","rotation":180},"north":{"uv":[9.5,2.5,10.0,3.0],"texture":"#1","rotation":180},"south":{"uv":[9.5,2.5,10.0,3.0],"texture":"#1","rotation":180},"west":{"uv":[9.5,2.5,10.0,3.0],"texture":"#1","rotation":180}}},{"from":[7.25,4.5,8.0],"to":[7.5,4.75,9.25],"faces":{"down":{"uv":[5.0,6.5,5.5,7.0],"texture":"#1","rotation":180},"north":{"uv":[5.0,6.5,5.5,7.0],"texture":"#1","rotation":180},"south":{"uv":[5.0,6.5,5.5,7.0],"texture":"#1","rotation":180},"west":{"uv":[5.0,6.5,5.5,7.0],"texture":"#1","rotation":180}}},{"from":[7.0,4.0,8.5],"to":[7.25,4.5,8.75],"faces":{"down":{"uv":[5.5,6.5,6.0,7.5],"texture":"#1","rotation":180},"north":{"uv":[5.5,6.5,6.0,7.5],"texture":"#1","rotation":180},"south":{"uv":[5.5,6.5,6.0,7.5],"texture":"#1","rotation":180},"west":{"uv":[5.5,6.5,6.0,7.5],"texture":"#1","rotation":180}}},{"from":[7.5,4.25,8.0],"to":[7.75,4.75,9.25],"faces":{"down":{"uv":[3.5,0.5,4.0,1.5],"texture":"#1","rotation":180},"north":{"uv":[3.5,0.5,4.0,1.5],"texture":"#1","rotation":180},"south":{"uv":[3.5,0.5,4.0,1.5],"texture":"#1","rotation":180},"west":{"uv":[3.5,0.5,4.0,1.5],"texture":"#1","rotation":180}}}],"textures":{"0":"52326ab9-f574-467f-b285-87bab1b453c6","1":"c68210e5-4791-4b57-96c3-e7e1e1042e09"}}