{"display":{"thirdperson_righthand":{"rotation":[-164.11,2.77,-178.02],"translation":[-0.25,2.0,-0.75],"scale":[0.36719,0.28,0.33906]},"thirdperson_lefthand":{"rotation":[-158.42,-4.29,173.78],"translation":[0.75,2.25,-0.25],"scale":[0.42578,0.24219,0.25586]},"firstperson_righthand":{"rotation":[102.65,1.73,173.22],"translation":[-3.75,-2.5,0.0],"scale":[0.92188,0.70508,0.91016]},"firstperson_lefthand":{"rotation":[101.0,0.0,169.0],"translation":[0.5,-1.5,0.0],"scale":[1.0,0.54102,0.81055]},"ground":{"scale":[0.73828,0.41406,0.43164]},"gui":{"rotation":[93.24,47.34,-92.42],"translation":[0.75,-3.25,0.0],"scale":[0.49219,0.44336,0.48633]},"head":{"translation":[0.0,12.25,8.0]},"fixed":{"rotation":[90.57,-46.79,87.39],"translation":[0.0,-2.75,0.75],"scale":[0.57031,0.44336,0.52344]}},"elements":[{"from":[5.65,2.0,-1.0],"to":[7.15,4.0,1.0],"faces":{"north":{"uv":[3.0,3.0,4.0,4.0],"texture":"#0"},"east":{"uv":[1.0,3.5,2.0,4.5],"texture":"#0"},"south":{"uv":[2.0,3.5,3.0,4.5],"texture":"#0"},"west":{"uv":[0.0,4.0,1.0,5.0],"texture":"#0"},"up":{"uv":[5.0,1.0,4.0,0.0],"texture":"#0"},"down":{"uv":[5.0,1.0,4.0,2.0],"texture":"#0"}}},{"from":[5.65,2.0,1.0],"to":[7.15,3.0,2.0],"faces":{"north":{"uv":[12.0,3.0,13.0,3.5],"texture":"#0"},"east":{"uv":[14.0,3.0,14.5,3.5],"texture":"#0"},"south":{"uv":[12.0,3.5,13.0,4.0],"texture":"#0"},"west":{"uv":[3.5,14.0,4.0,14.5],"texture":"#0"},"up":{"uv":[5.0,12.5,4.0,12.0],"texture":"#0"},"down":{"uv":[13.0,4.0,12.0,4.5],"texture":"#0"}}},{"from":[5.65,6.0,3.0],"to":[7.15,7.0,4.0],"faces":{"north":{"uv":[10.0,12.0,11.0,12.5],"texture":"#0"},"east":{"uv":[14.0,6.0,14.5,6.5],"texture":"#0"},"south":{"uv":[12.0,10.5,13.0,11.0],"texture":"#0"},"west":{"uv":[6.5,14.0,7.0,14.5],"texture":"#0"},"up":{"uv":[12.0,12.5,11.0,12.0],"texture":"#0"},"down":{"uv":[13.0,11.5,12.0,12.0],"texture":"#0"}}},{"from":[5.65,6.0,2.0],"to":[7.15,7.0,3.0],"faces":{"north":{"uv":[12.0,12.0,13.0,12.5],"texture":"#0"},"east":{"uv":[14.0,6.5,14.5,7.0],"texture":"#0"},"south":{"uv":[0.0,12.5,1.0,13.0],"texture":"#0"},"west":{"uv":[14.0,7.0,14.5,7.5],"texture":"#0"},"up":{"uv":[3.0,13.0,2.0,12.5],"texture":"#0"},"down":{"uv":[4.0,12.5,3.0,13.0],"texture":"#0"}}},{"from":[5.65,5.0,3.0],"to":[7.15,6.0,4.0],"faces":{"north":{"uv":[4.0,12.5,5.0,13.0],"texture":"#0"},"east":{"uv":[14.0,7.5,14.5,8.0],"texture":"#0"},"south":{"uv":[5.0,12.5,6.0,13.0],"texture":"#0"},"west":{"uv":[8.0,14.0,8.5,14.5],"texture":"#0"},"up":{"uv":[7.0,13.0,6.0,12.5],"texture":"#0"},"down":{"uv":[8.0,12.5,7.0,13.0],"texture":"#0"}}},{"from":[6.4,4.0,4.0],"to":[7.4,4.0,4.0],"faces":{"north":{"uv":[14.5,5.0,15.0,5.5],"texture":"#0"},"east":{"uv":[5.5,14.5,6.0,15.0],"texture":"#0"},"south":{"uv":[14.5,5.5,15.0,6.0],"texture":"#0"},"west":{"uv":[6.0,14.5,6.5,15.0],"texture":"#0"},"up":{"uv":[15.0,6.5,14.5,6.0],"texture":"#0"},"down":{"uv":[7.0,14.5,6.5,15.0],"texture":"#0"}}},{"from":[5.15,4.0,3.75],"to":[6.15,4.25,4.0],"faces":{"north":{"uv":[14.5,11.0,15.0,11.5],"texture":"#0"},"east":{"uv":[11.5,14.5,12.0,15.0],"texture":"#0"},"south":{"uv":[14.5,11.5,15.0,12.0],"texture":"#0"},"west":{"uv":[12.0,14.5,12.5,15.0],"texture":"#0"},"up":{"uv":[15.0,12.5,14.5,12.0],"texture":"#0"},"down":{"uv":[13.0,14.5,12.5,15.0],"texture":"#0"}}},{"from":[5.15,5.75,3.75],"to":[6.15,6.0,4.0],"faces":{"north":{"uv":[14.5,9.5,15.0,10.0],"texture":"#0"},"east":{"uv":[10.0,14.5,10.5,15.0],"texture":"#0"},"south":{"uv":[14.5,10.0,15.0,10.5],"texture":"#0"},"west":{"uv":[10.5,14.5,11.0,15.0],"texture":"#0"},"up":{"uv":[15.0,11.0,14.5,10.5],"texture":"#0"},"down":{"uv":[11.5,14.5,11.0,15.0],"texture":"#0"}}},{"from":[5.15,5.75,2.0],"to":[6.15,6.0,2.25],"faces":{"north":{"uv":[14.5,8.0,15.0,8.5],"texture":"#0"},"east":{"uv":[8.5,14.5,9.0,15.0],"texture":"#0"},"south":{"uv":[14.5,8.5,15.0,9.0],"texture":"#0"},"west":{"uv":[9.0,14.5,9.5,15.0],"texture":"#0"},"up":{"uv":[15.0,9.5,14.5,9.0],"texture":"#0"},"down":{"uv":[10.0,14.5,9.5,15.0],"texture":"#0"}}},{"from":[5.15,5.0,1.75],"to":[6.15,5.75,2.25],"faces":{"north":{"uv":[14.5,12.5,15.0,13.0],"texture":"#0"},"east":{"uv":[13.0,14.5,13.5,15.0],"texture":"#0"},"south":{"uv":[14.5,13.0,15.0,13.5],"texture":"#0"},"west":{"uv":[13.5,14.5,14.0,15.0],"texture":"#0"},"up":{"uv":[15.0,14.0,14.5,13.5],"texture":"#0"},"down":{"uv":[14.5,14.5,14.0,15.0],"texture":"#0"}}},{"from":[5.15,4.25,1.75],"to":[6.15,5.0,2.25],"faces":{"north":{"uv":[14.5,14.0,15.0,14.5],"texture":"#0"},"east":{"uv":[14.5,14.5,15.0,15.0],"texture":"#0"},"south":{"uv":[0.0,15.0,0.5,15.5],"texture":"#0"},"west":{"uv":[15.0,0.0,15.5,0.5],"texture":"#0"},"up":{"uv":[1.0,15.5,0.5,15.0],"texture":"#0"},"down":{"uv":[15.5,0.5,15.0,1.0],"texture":"#0"}}},{"from":[5.15,5.0,3.725],"to":[6.15,5.75,4.225],"faces":{"north":{"uv":[2.5,15.0,3.0,15.5],"texture":"#0"},"east":{"uv":[15.0,2.5,15.5,3.0],"texture":"#0"},"south":{"uv":[3.0,15.0,3.5,15.5],"texture":"#0"},"west":{"uv":[15.0,3.0,15.5,3.5],"texture":"#0"},"up":{"uv":[4.0,15.5,3.5,15.0],"texture":"#0"},"down":{"uv":[15.5,3.5,15.0,4.0],"texture":"#0"}}},{"from":[5.15,4.25,3.725],"to":[6.15,5.0,4.225],"faces":{"north":{"uv":[1.0,15.0,1.5,15.5],"texture":"#0"},"east":{"uv":[15.0,1.0,15.5,1.5],"texture":"#0"},"south":{"uv":[1.5,15.0,2.0,15.5],"texture":"#0"},"west":{"uv":[15.0,1.5,15.5,2.0],"texture":"#0"},"up":{"uv":[2.5,15.5,2.0,15.0],"texture":"#0"},"down":{"uv":[15.5,2.0,15.0,2.5],"texture":"#0"}}},{"from":[5.15,4.975,2.25],"to":[6.15,6.225,3.0],"faces":{"north":{"uv":[5.5,15.0,6.0,15.5],"texture":"#0"},"east":{"uv":[15.0,5.5,15.5,6.0],"texture":"#0"},"south":{"uv":[6.0,15.0,6.5,15.5],"texture":"#0"},"west":{"uv":[15.0,6.0,15.5,6.5],"texture":"#0"},"up":{"uv":[7.0,15.5,6.5,15.0],"texture":"#0"},"down":{"uv":[15.5,6.5,15.0,7.0],"texture":"#0"}}},{"from":[5.15,4.975,3.0],"to":[6.15,6.225,3.75],"faces":{"north":{"uv":[4.0,15.0,4.5,15.5],"texture":"#0"},"east":{"uv":[15.0,4.0,15.5,4.5],"texture":"#0"},"south":{"uv":[4.5,15.0,5.0,15.5],"texture":"#0"},"west":{"uv":[15.0,4.5,15.5,5.0],"texture":"#0"},"up":{"uv":[5.5,15.5,5.0,15.0],"texture":"#0"},"down":{"uv":[15.5,5.0,15.0,5.5],"texture":"#0"}}},{"from":[5.15,3.725,2.25],"to":[6.15,4.975,3.0],"faces":{"north":{"uv":[8.5,15.0,9.0,15.5],"texture":"#0"},"east":{"uv":[15.0,8.5,15.5,9.0],"texture":"#0"},"south":{"uv":[9.0,15.0,9.5,15.5],"texture":"#0"},"west":{"uv":[15.0,9.0,15.5,9.5],"texture":"#0"},"up":{"uv":[10.0,15.5,9.5,15.0],"texture":"#0"},"down":{"uv":[15.5,9.5,15.0,10.0],"texture":"#0"}}},{"from":[5.15,3.725,3.0],"to":[6.15,4.975,3.75],"faces":{"north":{"uv":[7.0,15.0,7.5,15.5],"texture":"#0"},"east":{"uv":[15.0,7.0,15.5,7.5],"texture":"#0"},"south":{"uv":[7.5,15.0,8.0,15.5],"texture":"#0"},"west":{"uv":[15.0,7.5,15.5,8.0],"texture":"#0"},"up":{"uv":[8.5,15.5,8.0,15.0],"texture":"#0"},"down":{"uv":[15.5,8.0,15.0,8.5],"texture":"#0"}}},{"from":[6.4,4.25,3.725],"to":[7.4,5.0,4.225],"faces":{"north":{"uv":[15.5,9.5,16.0,10.0],"texture":"#0"},"east":{"uv":[10.0,15.5,10.5,16.0],"texture":"#0"},"south":{"uv":[15.5,10.0,16.0,10.5],"texture":"#0"},"west":{"uv":[10.5,15.5,11.0,16.0],"texture":"#0"},"up":{"uv":[16.0,11.0,15.5,10.5],"texture":"#0"},"down":{"uv":[11.5,15.5,11.0,16.0],"texture":"#0"}}},{"from":[6.4,4.0,3.75],"to":[7.4,4.25,4.0],"faces":{"north":{"uv":[15.5,8.0,16.0,8.5],"texture":"#0"},"east":{"uv":[8.5,15.5,9.0,16.0],"texture":"#0"},"south":{"uv":[15.5,8.5,16.0,9.0],"texture":"#0"},"west":{"uv":[9.0,15.5,9.5,16.0],"texture":"#0"},"up":{"uv":[16.0,9.5,15.5,9.0],"texture":"#0"},"down":{"uv":[10.0,15.5,9.5,16.0],"texture":"#0"}}},{"from":[6.4,5.0,3.725],"to":[7.4,5.75,4.225],"faces":{"north":{"uv":[15.5,6.5,16.0,7.0],"texture":"#0"},"east":{"uv":[7.0,15.5,7.5,16.0],"texture":"#0"},"south":{"uv":[15.5,7.0,16.0,7.5],"texture":"#0"},"west":{"uv":[7.5,15.5,8.0,16.0],"texture":"#0"},"up":{"uv":[16.0,8.0,15.5,7.5],"texture":"#0"},"down":{"uv":[8.5,15.5,8.0,16.0],"texture":"#0"}}},{"from":[6.4,4.975,3.0],"to":[7.4,6.225,3.75],"faces":{"north":{"uv":[15.5,3.5,16.0,4.0],"texture":"#0"},"east":{"uv":[4.0,15.5,4.5,16.0],"texture":"#0"},"south":{"uv":[15.5,4.0,16.0,4.5],"texture":"#0"},"west":{"uv":[4.5,15.5,5.0,16.0],"texture":"#0"},"up":{"uv":[16.0,5.0,15.5,4.5],"texture":"#0"},"down":{"uv":[5.5,15.5,5.0,16.0],"texture":"#0"}}},{"from":[6.4,4.975,2.25],"to":[7.4,6.225,3.0],"faces":{"north":{"uv":[15.5,11.0,16.0,11.5],"texture":"#0"},"east":{"uv":[11.5,15.5,12.0,16.0],"texture":"#0"},"south":{"uv":[15.5,11.5,16.0,12.0],"texture":"#0"},"west":{"uv":[12.0,15.5,12.5,16.0],"texture":"#0"},"up":{"uv":[16.0,12.5,15.5,12.0],"texture":"#0"},"down":{"uv":[13.0,15.5,12.5,16.0],"texture":"#0"}}},{"from":[6.4,5.75,2.0],"to":[7.4,6.0,2.25],"faces":{"north":{"uv":[15.5,2.0,16.0,2.5],"texture":"#0"},"east":{"uv":[2.5,15.5,3.0,16.0],"texture":"#0"},"south":{"uv":[15.5,2.5,16.0,3.0],"texture":"#0"},"west":{"uv":[3.0,15.5,3.5,16.0],"texture":"#0"},"up":{"uv":[16.0,3.5,15.5,3.0],"texture":"#0"},"down":{"uv":[4.0,15.5,3.5,16.0],"texture":"#0"}}},{"from":[6.4,5.0,1.75],"to":[7.4,5.75,2.25],"faces":{"north":{"uv":[15.5,0.5,16.0,1.0],"texture":"#0"},"east":{"uv":[1.0,15.5,1.5,16.0],"texture":"#0"},"south":{"uv":[15.5,1.0,16.0,1.5],"texture":"#0"},"west":{"uv":[1.5,15.5,2.0,16.0],"texture":"#0"},"up":{"uv":[16.0,2.0,15.5,1.5],"texture":"#0"},"down":{"uv":[2.5,15.5,2.0,16.0],"texture":"#0"}}},{"from":[6.4,4.25,1.75],"to":[7.4,5.0,2.25],"faces":{"north":{"uv":[14.5,15.0,15.0,15.5],"texture":"#0"},"east":{"uv":[15.0,14.5,15.5,15.0],"texture":"#0"},"south":{"uv":[15.0,15.0,15.5,15.5],"texture":"#0"},"west":{"uv":[0.0,15.5,0.5,16.0],"texture":"#0"},"up":{"uv":[16.0,0.5,15.5,0.0],"texture":"#0"},"down":{"uv":[1.0,15.5,0.5,16.0],"texture":"#0"}}},{"from":[6.4,4.0,2.0],"to":[7.4,4.25,2.25],"faces":{"north":{"uv":[13.0,15.0,13.5,15.5],"texture":"#0"},"east":{"uv":[15.0,13.0,15.5,13.5],"texture":"#0"},"south":{"uv":[13.5,15.0,14.0,15.5],"texture":"#0"},"west":{"uv":[15.0,13.5,15.5,14.0],"texture":"#0"},"up":{"uv":[14.5,15.5,14.0,15.0],"texture":"#0"},"down":{"uv":[15.5,14.0,15.0,14.5],"texture":"#0"}}},{"from":[6.4,3.725,2.25],"to":[7.4,4.975,3.0],"faces":{"north":{"uv":[11.5,15.0,12.0,15.5],"texture":"#0"},"east":{"uv":[15.0,11.5,15.5,12.0],"texture":"#0"},"south":{"uv":[12.0,15.0,12.5,15.5],"texture":"#0"},"west":{"uv":[15.0,12.0,15.5,12.5],"texture":"#0"},"up":{"uv":[13.0,15.5,12.5,15.0],"texture":"#0"},"down":{"uv":[15.5,12.5,15.0,13.0],"texture":"#0"}}},{"from":[6.4,3.725,3.0],"to":[7.4,4.975,3.75],"faces":{"north":{"uv":[10.0,15.0,10.5,15.5],"texture":"#0"},"east":{"uv":[15.0,10.0,15.5,10.5],"texture":"#0"},"south":{"uv":[10.5,15.0,11.0,15.5],"texture":"#0"},"west":{"uv":[15.0,10.5,15.5,11.0],"texture":"#0"},"up":{"uv":[11.5,15.5,11.0,15.0],"texture":"#0"},"down":{"uv":[15.5,11.0,15.0,11.5],"texture":"#0"}}},{"from":[5.15,4.0,2.0],"to":[6.15,4.25,2.25],"faces":{"north":{"uv":[14.5,6.5,15.0,7.0],"texture":"#0"},"east":{"uv":[7.0,14.5,7.5,15.0],"texture":"#0"},"south":{"uv":[14.5,7.0,15.0,7.5],"texture":"#0"},"west":{"uv":[7.5,14.5,8.0,15.0],"texture":"#0"},"up":{"uv":[15.0,8.0,14.5,7.5],"texture":"#0"},"down":{"uv":[8.5,14.5,8.0,15.0],"texture":"#0"}}},{"from":[6.4,5.75,3.75],"to":[7.4,6.0,4.0],"faces":{"north":{"uv":[14.5,0.0,15.0,0.5],"texture":"#0"},"east":{"uv":[0.5,14.5,1.0,15.0],"texture":"#0"},"south":{"uv":[14.5,0.5,15.0,1.0],"texture":"#0"},"west":{"uv":[1.0,14.5,1.5,15.0],"texture":"#0"},"up":{"uv":[2.0,15.0,1.5,14.5],"texture":"#0"},"down":{"uv":[2.5,14.5,2.0,15.0],"texture":"#0"}}},{"from":[5.65,4.0,3.0],"to":[7.15,5.0,4.0],"faces":{"north":{"uv":[13.0,0.0,14.0,0.5],"texture":"#0"},"east":{"uv":[14.0,9.0,14.5,9.5],"texture":"#0"},"south":{"uv":[13.0,0.5,14.0,1.0],"texture":"#0"},"west":{"uv":[9.5,14.0,10.0,14.5],"texture":"#0"},"up":{"uv":[2.0,13.5,1.0,13.0],"texture":"#0"},"down":{"uv":[14.0,1.0,13.0,1.5],"texture":"#0"}}},{"from":[5.65,4.0,4.0],"to":[7.15,5.0,5.0],"faces":{"north":{"uv":[7.0,13.0,8.0,13.5],"texture":"#0"},"east":{"uv":[13.0,14.0,13.5,14.5],"texture":"#0"},"south":{"uv":[13.0,7.0,14.0,7.5],"texture":"#0"},"west":{"uv":[13.5,14.0,14.0,14.5],"texture":"#0"},"up":{"uv":[14.0,8.0,13.0,7.5],"texture":"#0"},"down":{"uv":[9.0,13.0,8.0,13.5],"texture":"#0"}}},{"from":[5.65,5.0,4.0],"to":[7.15,6.0,5.0],"faces":{"north":{"uv":[13.0,8.0,14.0,8.5],"texture":"#0"},"east":{"uv":[14.0,13.5,14.5,14.0],"texture":"#0"},"south":{"uv":[13.0,8.5,14.0,9.0],"texture":"#0"},"west":{"uv":[14.0,14.0,14.5,14.5],"texture":"#0"},"up":{"uv":[10.0,13.5,9.0,13.0],"texture":"#0"},"down":{"uv":[14.0,9.0,13.0,9.5],"texture":"#0"}}},{"from":[5.65,3.0,2.0],"to":[7.15,4.0,3.0],"faces":{"north":{"uv":[3.0,13.0,4.0,13.5],"texture":"#0"},"east":{"uv":[11.0,14.0,11.5,14.5],"texture":"#0"},"south":{"uv":[13.0,3.0,14.0,3.5],"texture":"#0"},"west":{"uv":[11.5,14.0,12.0,14.5],"texture":"#0"},"up":{"uv":[14.0,4.0,13.0,3.5],"texture":"#0"},"down":{"uv":[5.0,13.0,4.0,13.5],"texture":"#0"}}},{"from":[5.65,3.0,3.0],"to":[7.15,4.0,4.0],"faces":{"north":{"uv":[13.0,1.5,14.0,2.0],"texture":"#0"},"east":{"uv":[14.0,9.5,14.5,10.0],"texture":"#0"},"south":{"uv":[2.0,13.0,3.0,13.5],"texture":"#0"},"west":{"uv":[14.0,10.5,14.5,11.0],"texture":"#0"},"up":{"uv":[14.0,2.5,13.0,2.0],"texture":"#0"},"down":{"uv":[14.0,2.5,13.0,3.0],"texture":"#0"}}},{"from":[5.65,5.0,2.0],"to":[7.15,6.0,3.0],"faces":{"north":{"uv":[8.0,12.5,9.0,13.0],"texture":"#0"},"east":{"uv":[14.0,8.0,14.5,8.5],"texture":"#0"},"south":{"uv":[9.0,12.5,10.0,13.0],"texture":"#0"},"west":{"uv":[8.5,14.0,9.0,14.5],"texture":"#0"},"up":{"uv":[11.0,13.0,10.0,12.5],"texture":"#0"},"down":{"uv":[13.5,10.0,12.5,10.5],"texture":"#0"}}},{"from":[5.65,4.0,2.0],"to":[7.15,5.0,3.0],"faces":{"north":{"uv":[11.0,12.5,12.0,13.0],"texture":"#0"},"east":{"uv":[14.0,8.5,14.5,9.0],"texture":"#0"},"south":{"uv":[12.5,11.0,13.5,11.5],"texture":"#0"},"west":{"uv":[9.0,14.0,9.5,14.5],"texture":"#0"},"up":{"uv":[13.0,13.0,12.0,12.5],"texture":"#0"},"down":{"uv":[1.0,13.0,0.0,13.5],"texture":"#0"}}},{"from":[5.65,4.0,1.0],"to":[7.15,5.0,2.0],"faces":{"north":{"uv":[13.0,4.0,14.0,4.5],"texture":"#0"},"east":{"uv":[14.0,11.5,14.5,12.0],"texture":"#0"},"south":{"uv":[13.0,4.5,14.0,5.0],"texture":"#0"},"west":{"uv":[12.0,14.0,12.5,14.5],"texture":"#0"},"up":{"uv":[6.0,13.5,5.0,13.0],"texture":"#0"},"down":{"uv":[14.0,5.0,13.0,5.5],"texture":"#0"}}},{"from":[5.65,5.0,1.0],"to":[7.15,6.0,2.0],"faces":{"north":{"uv":[13.0,5.5,14.0,6.0],"texture":"#0"},"east":{"uv":[14.0,12.0,14.5,12.5],"texture":"#0"},"south":{"uv":[6.0,13.0,7.0,13.5],"texture":"#0"},"west":{"uv":[14.0,12.5,14.5,13.0],"texture":"#0"},"up":{"uv":[14.0,6.5,13.0,6.0],"texture":"#0"},"down":{"uv":[14.0,6.5,13.0,7.0],"texture":"#0"}}},{"from":[5.65,2.0,4.0],"to":[7.15,3.0,5.0],"faces":{"north":{"uv":[2.0,12.0,3.0,12.5],"texture":"#0"},"east":{"uv":[14.0,2.5,14.5,3.0],"texture":"#0"},"south":{"uv":[12.0,2.0,13.0,2.5],"texture":"#0"},"west":{"uv":[3.0,14.0,3.5,14.5],"texture":"#0"},"up":{"uv":[13.0,3.0,12.0,2.5],"texture":"#0"},"down":{"uv":[4.0,12.0,3.0,12.5],"texture":"#0"}}},{"from":[5.65,1.0,5.0],"to":[7.15,2.0,6.0],"faces":{"north":{"uv":[12.0,4.5,13.0,5.0],"texture":"#0"},"east":{"uv":[14.0,3.5,14.5,4.0],"texture":"#0"},"south":{"uv":[5.0,12.0,6.0,12.5],"texture":"#0"},"west":{"uv":[14.0,4.0,14.5,4.5],"texture":"#0"},"up":{"uv":[13.0,5.5,12.0,5.0],"texture":"#0"},"down":{"uv":[13.0,5.5,12.0,6.0],"texture":"#0"}}},{"from":[5.65,8.0,5.0],"to":[7.15,9.0,6.0],"faces":{"north":{"uv":[6.0,12.0,7.0,12.5],"texture":"#0"},"east":{"uv":[14.0,4.5,14.5,5.0],"texture":"#0"},"south":{"uv":[12.0,6.0,13.0,6.5],"texture":"#0"},"west":{"uv":[5.0,14.0,5.5,14.5],"texture":"#0"},"up":{"uv":[13.0,7.0,12.0,6.5],"texture":"#0"},"down":{"uv":[8.0,12.0,7.0,12.5],"texture":"#0"}}},{"from":[5.65,8.0,0.0],"to":[7.15,9.0,1.0],"faces":{"north":{"uv":[12.0,7.0,13.0,7.5],"texture":"#0"},"east":{"uv":[14.0,5.0,14.5,5.5],"texture":"#0"},"south":{"uv":[12.0,7.5,13.0,8.0],"texture":"#0"},"west":{"uv":[5.5,14.0,6.0,14.5],"texture":"#0"},"up":{"uv":[9.0,12.5,8.0,12.0],"texture":"#0"},"down":{"uv":[13.0,8.0,12.0,8.5],"texture":"#0"}}},{"from":[5.65,1.0,0.0],"to":[7.15,2.0,1.0],"faces":{"north":{"uv":[12.0,8.5,13.0,9.0],"texture":"#0"},"east":{"uv":[14.0,5.5,14.5,6.0],"texture":"#0"},"south":{"uv":[9.0,12.0,10.0,12.5],"texture":"#0"},"west":{"uv":[6.0,14.0,6.5,14.5],"texture":"#0"},"up":{"uv":[13.0,9.5,12.0,9.0],"texture":"#0"},"down":{"uv":[13.0,9.5,12.0,10.0],"texture":"#0"}}},{"from":[5.65,8.0,3.0],"to":[7.15,10.0,5.0],"faces":{"north":{"uv":[1.0,8.5,2.0,9.5],"texture":"#0"},"east":{"uv":[2.0,8.5,3.0,9.5],"texture":"#0"},"south":{"uv":[0.0,9.0,1.0,10.0],"texture":"#0"},"west":{"uv":[9.0,0.0,10.0,1.0],"texture":"#0"},"up":{"uv":[10.0,2.0,9.0,1.0],"texture":"#0"},"down":{"uv":[10.0,2.0,9.0,3.0],"texture":"#0"}}},{"from":[5.65,6.0,5.0],"to":[7.15,8.0,7.0],"faces":{"north":{"uv":[8.0,5.0,9.0,6.0],"texture":"#0"},"east":{"uv":[6.0,8.0,7.0,9.0],"texture":"#0"},"south":{"uv":[8.0,6.0,9.0,7.0],"texture":"#0"},"west":{"uv":[7.0,8.0,8.0,9.0],"texture":"#0"},"up":{"uv":[9.0,8.0,8.0,7.0],"texture":"#0"},"down":{"uv":[9.0,8.0,8.0,9.0],"texture":"#0"}}},{"from":[5.65,4.0,6.0],"to":[7.15,6.0,8.0],"faces":{"north":{"uv":[8.0,2.0,9.0,3.0],"texture":"#0"},"east":{"uv":[3.0,8.0,4.0,9.0],"texture":"#0"},"south":{"uv":[8.0,3.0,9.0,4.0],"texture":"#0"},"west":{"uv":[4.0,8.0,5.0,9.0],"texture":"#0"},"up":{"uv":[9.0,5.0,8.0,4.0],"texture":"#0"},"down":{"uv":[6.0,8.0,5.0,9.0],"texture":"#0"}}},{"from":[5.65,2.0,5.0],"to":[7.15,4.0,7.0],"faces":{"north":{"uv":[7.0,7.0,8.0,8.0],"texture":"#0"},"east":{"uv":[1.0,7.5,2.0,8.5],"texture":"#0"},"south":{"uv":[2.0,7.5,3.0,8.5],"texture":"#0"},"west":{"uv":[0.0,8.0,1.0,9.0],"texture":"#0"},"up":{"uv":[9.0,1.0,8.0,0.0],"texture":"#0"},"down":{"uv":[9.0,1.0,8.0,2.0],"texture":"#0"}}},{"from":[5.65,7.0,1.0],"to":[7.15,8.0,2.0],"faces":{"north":{"uv":[12.0,0.0,13.0,0.5],"texture":"#0"},"east":{"uv":[14.0,2.0,14.5,2.5],"texture":"#0"},"south":{"uv":[12.0,0.5,13.0,1.0],"texture":"#0"},"west":{"uv":[2.5,14.0,3.0,14.5],"texture":"#0"},"up":{"uv":[13.0,1.5,12.0,1.0],"texture":"#0"},"down":{"uv":[13.0,1.5,12.0,2.0],"texture":"#0"}}},{"from":[5.65,7.0,4.0],"to":[7.15,8.0,5.0],"faces":{"north":{"uv":[10.0,11.5,11.0,12.0],"texture":"#0"},"east":{"uv":[0.5,14.0,1.0,14.5],"texture":"#0"},"south":{"uv":[11.0,11.5,12.0,12.0],"texture":"#0"},"west":{"uv":[2.0,14.0,2.5,14.5],"texture":"#0"},"up":{"uv":[12.5,11.5,11.5,11.0],"texture":"#0"},"down":{"uv":[1.0,12.0,0.0,12.5],"texture":"#0"}}},{"from":[5.65,4.0,-2.0],"to":[7.15,6.0,0.0],"faces":{"north":{"uv":[4.0,2.0,5.0,3.0],"texture":"#0"},"east":{"uv":[3.0,4.0,4.0,5.0],"texture":"#0"},"south":{"uv":[4.0,3.0,5.0,4.0],"texture":"#0"},"west":{"uv":[4.0,4.0,5.0,5.0],"texture":"#0"},"up":{"uv":[2.0,5.5,1.0,4.5],"texture":"#0"},"down":{"uv":[3.0,4.5,2.0,5.5],"texture":"#0"}}},{"from":[5.65,6.0,-1.0],"to":[7.15,8.0,1.0],"faces":{"north":{"uv":[4.0,5.0,5.0,6.0],"texture":"#0"},"east":{"uv":[5.0,4.0,6.0,5.0],"texture":"#0"},"south":{"uv":[5.0,5.0,6.0,6.0],"texture":"#0"},"west":{"uv":[1.0,5.5,2.0,6.5],"texture":"#0"},"up":{"uv":[3.0,6.5,2.0,5.5],"texture":"#0"},"down":{"uv":[1.0,6.0,0.0,7.0],"texture":"#0"}}},{"from":[5.65,8.0,1.0],"to":[7.15,10.0,3.0],"faces":{"north":{"uv":[0.0,5.0,1.0,6.0],"texture":"#0"},"east":{"uv":[5.0,0.0,6.0,1.0],"texture":"#0"},"south":{"uv":[5.0,1.0,6.0,2.0],"texture":"#0"},"west":{"uv":[5.0,2.0,6.0,3.0],"texture":"#0"},"up":{"uv":[4.0,6.0,3.0,5.0],"texture":"#0"},"down":{"uv":[6.0,3.0,5.0,4.0],"texture":"#0"}}},{"from":[5.65,0.0,1.0],"to":[7.15,2.0,3.0],"faces":{"north":{"uv":[10.0,6.0,11.0,7.0],"texture":"#0"},"east":{"uv":[7.0,10.0,8.0,11.0],"texture":"#0"},"south":{"uv":[10.0,7.0,11.0,8.0],"texture":"#0"},"west":{"uv":[8.0,10.0,9.0,11.0],"texture":"#0"},"up":{"uv":[11.0,9.0,10.0,8.0],"texture":"#0"},"down":{"uv":[10.0,10.0,9.0,11.0],"texture":"#0"}}},{"from":[5.65,0.0,3.0],"to":[7.15,2.0,5.0],"faces":{"north":{"uv":[10.0,9.0,11.0,10.0],"texture":"#0"},"east":{"uv":[10.0,10.0,11.0,11.0],"texture":"#0"},"south":{"uv":[1.0,10.5,2.0,11.5],"texture":"#0"},"west":{"uv":[2.0,10.5,3.0,11.5],"texture":"#0"},"up":{"uv":[1.0,12.0,0.0,11.0],"texture":"#0"},"down":{"uv":[12.0,0.0,11.0,1.0],"texture":"#0"}}},{"from":[5.65,10.0,2.0],"to":[7.15,12.0,4.0],"faces":{"north":{"uv":[4.0,7.0,5.0,8.0],"texture":"#0"},"east":{"uv":[7.0,4.0,8.0,5.0],"texture":"#0"},"south":{"uv":[5.0,7.0,6.0,8.0],"texture":"#0"},"west":{"uv":[7.0,5.0,8.0,6.0],"texture":"#0"},"up":{"uv":[7.0,8.0,6.0,7.0],"texture":"#0"},"down":{"uv":[8.0,6.0,7.0,7.0],"texture":"#0"}}},{"from":[5.65,23.0,2.0],"to":[7.15,25.0,4.0],"faces":{"north":{"uv":[10.0,2.0,11.0,3.0],"texture":"#0"},"east":{"uv":[3.0,10.0,4.0,11.0],"texture":"#0"},"south":{"uv":[10.0,3.0,11.0,4.0],"texture":"#0"},"west":{"uv":[4.0,10.0,5.0,11.0],"texture":"#0"},"up":{"uv":[11.0,5.0,10.0,4.0],"texture":"#0"},"down":{"uv":[6.0,10.0,5.0,11.0],"texture":"#0"}}},{"from":[5.4,10.0,2.5],"to":[7.4,12.0,3.5],"faces":{"north":{"uv":[9.0,11.0,10.0,12.0],"texture":"#0"},"east":{"uv":[0.0,14.0,0.5,15.0],"texture":"#0"},"south":{"uv":[11.0,9.0,12.0,10.0],"texture":"#0"},"west":{"uv":[14.0,0.0,14.5,1.0],"texture":"#0"},"up":{"uv":[15.0,1.5,14.0,1.0],"texture":"#0"},"down":{"uv":[15.0,1.5,14.0,2.0],"texture":"#0"}}},{"from":[5.4,12.0,2.5],"to":[7.4,14.0,3.5],"faces":{"north":{"uv":[8.0,11.0,9.0,12.0],"texture":"#0"},"east":{"uv":[13.5,12.0,14.0,13.0],"texture":"#0"},"south":{"uv":[11.0,8.0,12.0,9.0],"texture":"#0"},"west":{"uv":[12.5,13.5,13.0,14.5],"texture":"#0"},"up":{"uv":[14.0,14.0,13.0,13.5],"texture":"#0"},"down":{"uv":[14.5,13.0,13.5,13.5],"texture":"#0"}}},{"from":[5.4,14.0,2.5],"to":[7.4,16.0,3.5],"faces":{"north":{"uv":[7.0,11.0,8.0,12.0],"texture":"#0"},"east":{"uv":[10.0,13.5,10.5,14.5],"texture":"#0"},"south":{"uv":[11.0,7.0,12.0,8.0],"texture":"#0"},"west":{"uv":[10.5,13.5,11.0,14.5],"texture":"#0"},"up":{"uv":[14.5,10.5,13.5,10.0],"texture":"#0"},"down":{"uv":[14.5,11.0,13.5,11.5],"texture":"#0"}}},{"from":[5.4,16.0,2.5],"to":[7.4,18.0,3.5],"faces":{"north":{"uv":[6.0,11.0,7.0,12.0],"texture":"#0"},"east":{"uv":[7.0,13.5,7.5,14.5],"texture":"#0"},"south":{"uv":[11.0,6.0,12.0,7.0],"texture":"#0"},"west":{"uv":[7.5,13.5,8.0,14.5],"texture":"#0"},"up":{"uv":[9.0,14.0,8.0,13.5],"texture":"#0"},"down":{"uv":[10.0,13.5,9.0,14.0],"texture":"#0"}}},{"from":[5.4,16.25,3.5],"to":[7.4,17.5,7.5],"rotation":{"origin":[0.0,20.0,-12.5],"axis":"x","angle":0.0},"faces":{"north":{"uv":[10.0,13.5,9.0,14.0],"texture":"#0","rotation":180},"east":{"uv":[7.0,13.5,7.5,14.5],"texture":"#0","rotation":270},"south":{"uv":[9.0,14.0,8.0,13.5],"texture":"#0"},"west":{"uv":[7.5,13.5,8.0,14.5],"texture":"#0","rotation":90},"up":{"uv":[6.0,11.0,7.0,12.0],"texture":"#0","rotation":180},"down":{"uv":[11.0,6.0,12.0,7.0],"texture":"#0"}}},{"from":[5.4,20.0,3.5],"to":[7.4,20.75,6.0],"rotation":{"origin":[0.0,23.5,-12.5],"axis":"y","angle":0.0},"faces":{"north":{"uv":[10.0,13.5,9.0,14.0],"texture":"#0","rotation":180},"east":{"uv":[7.0,13.5,7.5,14.5],"texture":"#0","rotation":270},"south":{"uv":[9.0,14.0,8.0,13.5],"texture":"#0"},"west":{"uv":[7.5,13.5,8.0,14.5],"texture":"#0","rotation":90},"up":{"uv":[6.0,11.0,7.0,12.0],"texture":"#0","rotation":180},"down":{"uv":[11.0,6.0,12.0,7.0],"texture":"#0"}}},{"from":[5.4,18.0,2.5],"to":[7.4,19.0,3.5],"faces":{"north":{"uv":[5.0,11.0,6.0,12.0],"texture":"#0"},"east":{"uv":[4.0,13.5,4.5,14.5],"texture":"#0"},"south":{"uv":[11.0,5.0,12.0,6.0],"texture":"#0"},"west":{"uv":[4.5,13.5,5.0,14.5],"texture":"#0"},"up":{"uv":[6.0,14.0,5.0,13.5],"texture":"#0"},"down":{"uv":[7.0,13.5,6.0,14.0],"texture":"#0"}}},{"from":[5.4,19.0,2.5],"to":[7.4,21.0,3.5],"faces":{"north":{"uv":[4.0,11.0,5.0,12.0],"texture":"#0"},"east":{"uv":[1.0,13.5,1.5,14.5],"texture":"#0"},"south":{"uv":[11.0,4.0,12.0,5.0],"texture":"#0"},"west":{"uv":[1.5,13.5,2.0,14.5],"texture":"#0"},"up":{"uv":[3.0,14.0,2.0,13.5],"texture":"#0"},"down":{"uv":[4.0,13.5,3.0,14.0],"texture":"#0"}}},{"from":[5.4,21.0,2.5],"to":[7.4,23.0,3.5],"faces":{"north":{"uv":[3.0,11.0,4.0,12.0],"texture":"#0"},"east":{"uv":[12.0,13.0,12.5,14.0],"texture":"#0"},"south":{"uv":[11.0,3.0,12.0,4.0],"texture":"#0"},"west":{"uv":[13.0,12.0,13.5,13.0],"texture":"#0"},"up":{"uv":[13.5,13.5,12.5,13.0],"texture":"#0"},"down":{"uv":[1.0,13.5,0.0,14.0],"texture":"#0"}}},{"from":[5.4,23.0,2.5],"to":[7.4,24.5,3.5],"faces":{"north":{"uv":[11.0,1.0,12.0,2.0],"texture":"#0"},"east":{"uv":[11.0,13.0,11.5,14.0],"texture":"#0"},"south":{"uv":[11.0,2.0,12.0,3.0],"texture":"#0"},"west":{"uv":[11.5,13.0,12.0,14.0],"texture":"#0"},"up":{"uv":[14.0,11.0,13.0,10.5],"texture":"#0"},"down":{"uv":[14.0,11.5,13.0,12.0],"texture":"#0"}}},{"from":[5.65,23.0,2.0],"to":[7.15,26.0,3.0],"faces":{"north":{"uv":[3.0,0.0,4.0,1.5],"texture":"#0"},"east":{"uv":[1.0,11.5,1.5,13.0],"texture":"#0"},"south":{"uv":[3.0,1.5,4.0,3.0],"texture":"#0"},"west":{"uv":[1.5,11.5,2.0,13.0],"texture":"#0"},"up":{"uv":[14.0,10.0,13.0,9.5],"texture":"#0"},"down":{"uv":[11.0,13.0,10.0,13.5],"texture":"#0"}}},{"from":[5.65,21.0,2.0],"to":[7.15,23.0,4.0],"faces":{"north":{"uv":[9.0,9.0,10.0,10.0],"texture":"#0"},"east":{"uv":[1.0,9.5,2.0,10.5],"texture":"#0"},"south":{"uv":[2.0,9.5,3.0,10.5],"texture":"#0"},"west":{"uv":[0.0,10.0,1.0,11.0],"texture":"#0"},"up":{"uv":[11.0,1.0,10.0,0.0],"texture":"#0"},"down":{"uv":[11.0,1.0,10.0,2.0],"texture":"#0"}}},{"from":[5.65,19.75,4.0],"to":[7.15,21.0,6.5],"faces":{"north":{"uv":[11.0,10.5,12.0,11.0],"texture":"#0"},"east":{"uv":[10.0,11.0,11.5,11.5],"texture":"#0"},"south":{"uv":[2.0,11.5,3.0,12.0],"texture":"#0"},"west":{"uv":[11.0,10.0,12.5,10.5],"texture":"#0"},"up":{"uv":[2.0,3.5,1.0,2.0],"texture":"#0"},"down":{"uv":[3.0,2.0,2.0,3.5],"texture":"#0"}}},{"from":[5.65,16.0,4.0],"to":[7.15,17.75,8.0],"faces":{"north":{"uv":[10.0,5.0,11.0,6.0],"texture":"#0"},"east":{"uv":[0.0,0.0,2.0,1.0],"texture":"#0"},"south":{"uv":[6.0,10.0,7.0,11.0],"texture":"#0"},"west":{"uv":[0.0,1.0,2.0,2.0],"texture":"#0"},"up":{"uv":[1.0,4.0,0.0,2.0],"texture":"#0"},"down":{"uv":[3.0,0.0,2.0,2.0],"texture":"#0"}}},{"from":[5.65,19.0,2.0],"to":[7.15,21.0,4.0],"faces":{"north":{"uv":[6.0,9.0,7.0,10.0],"texture":"#0"},"east":{"uv":[9.0,6.0,10.0,7.0],"texture":"#0"},"south":{"uv":[7.0,9.0,8.0,10.0],"texture":"#0"},"west":{"uv":[9.0,7.0,10.0,8.0],"texture":"#0"},"up":{"uv":[9.0,10.0,8.0,9.0],"texture":"#0"},"down":{"uv":[10.0,8.0,9.0,9.0],"texture":"#0"}}},{"from":[5.65,18.0,2.0],"to":[7.15,19.0,4.0],"faces":{"north":{"uv":[3.0,9.0,4.0,10.0],"texture":"#0"},"east":{"uv":[9.0,3.0,10.0,4.0],"texture":"#0"},"south":{"uv":[4.0,9.0,5.0,10.0],"texture":"#0"},"west":{"uv":[9.0,4.0,10.0,5.0],"texture":"#0"},"up":{"uv":[6.0,10.0,5.0,9.0],"texture":"#0"},"down":{"uv":[10.0,5.0,9.0,6.0],"texture":"#0"}}},{"from":[5.65,12.0,2.0],"to":[7.15,14.0,4.0],"faces":{"north":{"uv":[0.0,7.0,1.0,8.0],"texture":"#0"},"east":{"uv":[7.0,0.0,8.0,1.0],"texture":"#0"},"south":{"uv":[7.0,1.0,8.0,2.0],"texture":"#0"},"west":{"uv":[7.0,2.0,8.0,3.0],"texture":"#0"},"up":{"uv":[4.0,8.0,3.0,7.0],"texture":"#0"},"down":{"uv":[8.0,3.0,7.0,4.0],"texture":"#0"}}},{"from":[5.65,14.0,2.0],"to":[7.15,16.0,4.0],"faces":{"north":{"uv":[6.0,4.0,7.0,5.0],"texture":"#0"},"east":{"uv":[5.0,6.0,6.0,7.0],"texture":"#0"},"south":{"uv":[6.0,5.0,7.0,6.0],"texture":"#0"},"west":{"uv":[6.0,6.0,7.0,7.0],"texture":"#0"},"up":{"uv":[2.0,7.5,1.0,6.5],"texture":"#0"},"down":{"uv":[3.0,6.5,2.0,7.5],"texture":"#0"}}},{"from":[5.65,16.0,2.0],"to":[7.15,18.0,4.0],"faces":{"north":{"uv":[6.0,0.0,7.0,1.0],"texture":"#0"},"east":{"uv":[6.0,1.0,7.0,2.0],"texture":"#0"},"south":{"uv":[6.0,2.0,7.0,3.0],"texture":"#0"},"west":{"uv":[3.0,6.0,4.0,7.0],"texture":"#0"},"up":{"uv":[7.0,4.0,6.0,3.0],"texture":"#0"},"down":{"uv":[5.0,6.0,4.0,7.0],"texture":"#0"}}}],"textures":{"particle":"ef23257c-069d-48ec-8b4c-1a77b6d3cb96","0":"ef23257c-069d-48ec-8b4c-1a77b6d3cb96"}}