{"display":{"thirdperson_righthand":{"translation":[0.0,6.25,1.0],"scale":[0.85156,0.85156,0.85156]},"thirdperson_lefthand":{"translation":[0.0,6.25,1.0],"scale":[0.85156,0.85156,0.85156]},"firstperson_righthand":{"rotation":[-8.75,0.0,0.0],"translation":[5.0,-0.75,-4.25],"scale":[0.74609,1.03711,1.03711]},"firstperson_lefthand":{"rotation":[-8.75,0.0,0.0],"translation":[5.0,-0.75,-4.25],"scale":[0.74609,1.03711,1.03711]},"ground":{"rotation":[0.0,0.0,-80.0],"translation":[-0.25,-1.0,-0.25],"scale":[0.68164,0.68164,0.68164]},"gui":{"rotation":[90.0,50.25,-90.0],"scale":[0.49609,0.49609,0.49609]},"head":{"rotation":[-90.0,57.5,90.0],"translation":[-0.5,17.5,0.0],"scale":[0.89648,0.89648,0.89648]},"fixed":{"rotation":[0.0,90.0,0.0],"translation":[0.0,1.75,-2.0],"scale":[1.69141,1.69141,1.69141]}},"elements":[{"from":[7.75,13.34184,5.74999],"to":[8.25,26.34184,10.24999],"rotation":{"origin":[8.0,8.0,8.0],"axis":"y","angle":0.0},"faces":{"north":{"uv":[3.75,5.25,3.875,8.5],"texture":"#4"},"east":{"uv":[0.0,0.0,1.125,3.25],"texture":"#4"},"south":{"uv":[3.5,5.25,3.625,8.5],"texture":"#4"},"west":{"uv":[1.25,0.0,2.375,3.25],"texture":"#4"},"up":{"uv":[8.375,6.125,7.25,6.0],"texture":"#4","rotation":90},"down":{"uv":[8.625,5.0,7.5,5.125],"texture":"#4","rotation":270}}},{"from":[7.601,11.35493,6.93424],"to":[8.399,15.35493,8.43424],"rotation":{"origin":[8.0,8.0,8.0],"axis":"x","angle":-22.5},"faces":{"north":{"uv":[5.5,6.75,5.75,7.75],"texture":"#4"},"east":{"uv":[5.75,1.75,6.125,2.75],"texture":"#4"},"south":{"uv":[3.25,6.75,3.5,7.75],"texture":"#4"},"west":{"uv":[2.5,5.75,2.875,6.75],"texture":"#4"},"up":{"uv":[4.375,2.0,4.0,1.75],"texture":"#4","rotation":90},"down":{"uv":[7.875,5.75,7.5,6.0],"texture":"#4","rotation":270}}},{"from":[7.6,12.44711,2.04568],"to":[8.4,17.44711,3.54568],"rotation":{"origin":[8.0,8.0,8.0],"axis":"x","angle":22.5},"faces":{"north":{"uv":[1.5,6.5,1.75,7.75],"texture":"#4"},"east":{"uv":[5.25,0.0,5.625,1.25],"texture":"#4"},"south":{"uv":[4.0,5.25,4.25,6.5],"texture":"#4"},"west":{"uv":[1.0,5.25,1.375,6.5],"texture":"#4"},"up":{"uv":[8.125,4.75,7.75,4.5],"texture":"#4","rotation":90},"down":{"uv":[8.125,4.75,7.75,5.0],"texture":"#4","rotation":270}}},{"from":[7.6,18.43259,5.99999],"to":[8.4,26.43259,7.49999],"rotation":{"origin":[8.0,8.0,8.0],"axis":"y","angle":0.0},"faces":{"north":{"uv":[4.5,4.75,4.75,6.75],"texture":"#4"},"east":{"uv":[1.0,3.25,1.375,5.25],"texture":"#4"},"south":{"uv":[4.25,4.75,4.5,6.75],"texture":"#4"},"west":{"uv":[1.5,3.25,1.875,5.25],"texture":"#4"},"up":{"uv":[7.125,8.0,6.75,7.75],"texture":"#4","rotation":90},"down":{"uv":[7.625,7.75,7.25,8.0],"texture":"#4","rotation":270}}},{"from":[7.601,19.61959,-6.44803],"to":[8.399,22.44459,-4.94803],"rotation":{"origin":[8.0,8.0,8.0],"axis":"x","angle":45.0},"faces":{"north":{"uv":[7.25,0.5,7.5,1.25],"texture":"#4"},"east":{"uv":[2.25,6.75,2.625,7.5],"texture":"#4"},"south":{"uv":[5.0,0.0,5.25,0.75],"texture":"#4"},"west":{"uv":[2.75,6.75,3.125,7.5],"texture":"#4"},"up":{"uv":[8.125,7.5,7.75,7.25],"texture":"#4","rotation":90},"down":{"uv":[8.125,7.5,7.75,7.75],"texture":"#4","rotation":270}}},{"from":[7.602,19.61961,20.94802],"to":[8.398,22.44461,22.44802],"rotation":{"origin":[8.0,8.0,8.0],"axis":"x","angle":-45.0},"faces":{"north":{"uv":[7.25,2.0,7.5,2.75],"texture":"#4"},"east":{"uv":[4.0,6.75,4.375,7.5],"texture":"#4"},"south":{"uv":[7.25,1.25,7.5,2.0],"texture":"#4"},"west":{"uv":[6.75,4.0,7.125,4.75],"texture":"#4"},"up":{"uv":[8.125,8.0,7.75,7.75],"texture":"#4","rotation":90},"down":{"uv":[8.375,0.0,8.0,0.25],"texture":"#4","rotation":270}}},{"from":[7.6,18.48259,8.49999],"to":[8.4,26.48259,9.99999],"rotation":{"origin":[8.0,8.0,8.0],"axis":"y","angle":0.0},"faces":{"north":{"uv":[5.0,4.75,5.25,6.75],"texture":"#4"},"east":{"uv":[2.0,3.25,2.375,5.25],"texture":"#4"},"south":{"uv":[4.75,4.75,5.0,6.75],"texture":"#4"},"west":{"uv":[3.5,0.0,3.875,2.0],"texture":"#4"},"up":{"uv":[8.375,0.5,8.0,0.25],"texture":"#4","rotation":90},"down":{"uv":[8.375,0.5,8.0,0.75],"texture":"#4","rotation":270}}},{"from":[7.6,12.44712,12.45431],"to":[8.4,17.44712,13.95431],"rotation":{"origin":[8.0,8.0,8.0],"axis":"x","angle":-22.5},"faces":{"north":{"uv":[2.0,6.5,2.25,7.75],"texture":"#4"},"east":{"uv":[1.5,5.25,1.875,6.5],"texture":"#4"},"south":{"uv":[1.75,6.5,2.0,7.75],"texture":"#4"},"west":{"uv":[2.0,5.25,2.375,6.5],"texture":"#4"},"up":{"uv":[8.375,1.0,8.0,0.75],"texture":"#4","rotation":90},"down":{"uv":[1.375,8.0,1.0,8.25],"texture":"#4","rotation":270}}},{"from":[7.601,11.35492,7.56574],"to":[8.399,15.35492,9.06574],"rotation":{"origin":[8.0,8.0,8.0],"axis":"x","angle":22.5},"faces":{"north":{"uv":[7.0,2.0,7.25,3.0],"texture":"#4"},"east":{"uv":[3.0,5.75,3.375,6.75],"texture":"#4"},"south":{"uv":[6.75,6.25,7.0,7.25],"texture":"#4"},"west":{"uv":[5.25,5.75,5.625,6.75],"texture":"#4"},"up":{"uv":[8.375,1.25,8.0,1.0],"texture":"#4","rotation":90},"down":{"uv":[8.375,1.25,8.0,1.5],"texture":"#4","rotation":270}}},{"from":[7.5,8.66495,1.46003],"to":[8.5,11.53458,2.9654],"rotation":{"origin":[8.0,8.0,8.0],"axis":"x","angle":45.0},"faces":{"north":{"uv":[7.25,5.25,7.5,6.0],"texture":"#4"},"east":{"uv":[4.5,6.75,4.875,7.5],"texture":"#4"},"south":{"uv":[7.25,4.0,7.5,4.75],"texture":"#4"},"west":{"uv":[5.0,6.75,5.375,7.5],"texture":"#4"},"up":{"uv":[8.375,1.75,8.0,1.5],"texture":"#4","rotation":90},"down":{"uv":[8.375,1.75,8.0,2.0],"texture":"#4","rotation":270}}},{"from":[7.5,8.66496,13.03458],"to":[8.5,11.53459,14.53995],"rotation":{"origin":[8.0,8.0,8.0],"axis":"x","angle":-45.0},"faces":{"north":{"uv":[6.0,7.25,6.25,8.0],"texture":"#4"},"east":{"uv":[6.75,5.5,7.125,6.25],"texture":"#4"},"south":{"uv":[5.75,7.25,6.0,8.0],"texture":"#4"},"west":{"uv":[6.25,6.75,6.625,7.5],"texture":"#4"},"up":{"uv":[8.375,2.25,8.0,2.0],"texture":"#4","rotation":90},"down":{"uv":[2.625,8.0,2.25,8.25],"texture":"#4","rotation":270}}},{"from":[7.25,10.07398,11.94359],"to":[8.75,13.44898,13.44359],"rotation":{"origin":[8.0,8.0,8.0],"axis":"x","angle":-45.0},"faces":{"north":{"uv":[1.0,6.5,1.375,7.375],"texture":"#4"},"east":{"uv":[6.25,0.5,6.625,1.375],"texture":"#4"},"south":{"uv":[6.25,1.5,6.625,2.375],"texture":"#4"},"west":{"uv":[6.25,5.75,6.625,6.625],"texture":"#4"},"up":{"uv":[4.875,7.875,4.5,7.5],"texture":"#4","rotation":90},"down":{"uv":[5.375,7.5,5.0,7.875],"texture":"#4","rotation":270}}},{"from":[7.25,10.07396,2.55102],"to":[8.75,11.94358,4.05639],"rotation":{"origin":[8.0,8.0,8.0],"axis":"x","angle":45.0},"faces":{"north":{"uv":[7.5,0.5,7.875,1.0],"texture":"#4"},"east":{"uv":[6.75,7.25,7.125,7.75],"texture":"#4"},"south":{"uv":[7.25,7.25,7.625,7.75],"texture":"#4"},"west":{"uv":[7.5,0.0,7.875,0.5],"texture":"#4"},"up":{"uv":[7.875,5.625,7.5,5.25],"texture":"#4","rotation":90},"down":{"uv":[6.625,7.5,6.25,7.875],"texture":"#4","rotation":270}}},{"from":[7.25,-10.60816,7.24999],"to":[8.75,10.39184,8.74999],"rotation":{"origin":[8.0,8.0,8.0],"axis":"y","angle":0.0},"faces":{"north":{"uv":[0.5,3.25,0.875,8.5],"texture":"#4"},"east":{"uv":[2.5,0.0,2.875,5.25],"texture":"#4"},"south":{"uv":[3.0,0.0,3.375,5.25],"texture":"#4"},"west":{"uv":[0.0,3.25,0.375,8.5],"texture":"#4"},"up":{"uv":[7.875,6.625,7.5,6.25],"texture":"#4","rotation":90},"down":{"uv":[7.875,6.75,7.5,7.125],"texture":"#4","rotation":270}}},{"from":[6.75,10.39184,6.99999],"to":[9.25,14.39184,8.99999],"rotation":{"origin":[8.0,8.0,8.0],"axis":"z","angle":0.0},"faces":{"north":{"uv":[3.5,4.25,4.125,5.25],"texture":"#4"},"east":{"uv":[4.5,3.25,5.0,4.25],"texture":"#4"},"south":{"uv":[4.0,0.75,4.625,1.75],"texture":"#4"},"west":{"uv":[4.75,0.75,5.25,1.75],"texture":"#4"},"up":{"uv":[7.0,3.125,6.5,2.5],"texture":"#4","rotation":90},"down":{"uv":[7.0,3.25,6.5,3.875],"texture":"#4","rotation":270}}},{"from":[7.0,10.84245,6.64942],"to":[9.0,13.84245,10.14942],"rotation":{"origin":[8.0,8.0,8.0],"axis":"x","angle":-22.5},"faces":{"north":{"uv":[5.75,5.75,6.25,6.5],"texture":"#4"},"east":{"uv":[3.5,2.0,4.375,2.75],"texture":"#4"},"south":{"uv":[5.75,0.5,6.25,1.25],"texture":"#4"},"west":{"uv":[3.5,2.75,4.375,3.5],"texture":"#4"},"up":{"uv":[5.875,3.75,5.0,3.25],"texture":"#4","rotation":90},"down":{"uv":[5.875,3.75,5.0,4.25],"texture":"#4","rotation":270}}},{"from":[7.25,9.05491,0.53508],"to":[8.75,11.05491,5.03508],"rotation":{"origin":[8.0,8.0,8.0],"axis":"x","angle":22.5},"faces":{"north":{"uv":[7.5,1.0,7.875,1.5],"texture":"#4"},"east":{"uv":[4.25,4.25,5.375,4.75],"texture":"#4"},"south":{"uv":[1.0,7.5,1.375,8.0],"texture":"#4"},"west":{"uv":[4.5,1.75,5.625,2.25],"texture":"#4"},"up":{"uv":[6.375,5.125,5.25,4.75],"texture":"#4","rotation":90},"down":{"uv":[6.375,5.25,5.25,5.625],"texture":"#4","rotation":270}}},{"from":[7.249,11.83131,1.50701],"to":[8.751,13.67907,2.27238],"rotation":{"origin":[8.0,8.0,8.0],"axis":"z","angle":0.0},"faces":{"north":{"uv":[7.5,2.0,7.875,2.5],"texture":"#4"},"east":{"uv":[5.75,2.75,6.0,3.25],"texture":"#4"},"south":{"uv":[7.5,1.5,7.875,2.0],"texture":"#4"},"west":{"uv":[6.75,2.0,7.0,2.5],"texture":"#4"},"up":{"uv":[5.75,8.125,5.5,7.75],"texture":"#4","rotation":90},"down":{"uv":[8.25,2.25,8.0,2.625],"texture":"#4","rotation":270}}},{"from":[7.249,11.83131,13.72762],"to":[8.751,13.67907,14.49299],"rotation":{"origin":[8.0,8.0,8.0],"axis":"z","angle":0.0},"faces":{"north":{"uv":[7.5,2.5,7.875,3.0],"texture":"#4"},"east":{"uv":[1.5,7.75,1.75,8.25],"texture":"#4"},"south":{"uv":[2.25,7.5,2.625,8.0],"texture":"#4"},"west":{"uv":[1.75,7.75,2.0,8.25],"texture":"#4"},"up":{"uv":[3.0,8.375,2.75,8.0],"texture":"#4","rotation":90},"down":{"uv":[8.25,2.75,8.0,3.125],"texture":"#4","rotation":270}}},{"from":[7.0,8.80491,1.53508],"to":[9.0,11.30491,2.53508],"rotation":{"origin":[8.0,8.0,8.0],"axis":"x","angle":22.5},"faces":{"north":{"uv":[5.75,6.5,6.25,7.125],"texture":"#4"},"east":{"uv":[7.5,3.5,7.75,4.125],"texture":"#4"},"south":{"uv":[6.5,4.75,7.0,5.375],"texture":"#4"},"west":{"uv":[4.0,7.5,4.25,8.125],"texture":"#4"},"up":{"uv":[2.25,8.25,2.0,7.75],"texture":"#4","rotation":90},"down":{"uv":[3.5,7.75,3.25,8.25],"texture":"#4","rotation":270}}},{"from":[7.25,9.05492,10.9649],"to":[8.75,11.05492,15.4649],"rotation":{"origin":[8.0,8.0,8.0],"axis":"x","angle":-22.5},"faces":{"north":{"uv":[7.5,3.0,7.875,3.5],"texture":"#4"},"east":{"uv":[4.5,2.25,5.625,2.75],"texture":"#4"},"south":{"uv":[2.75,7.5,3.125,8.0],"texture":"#4"},"west":{"uv":[4.5,2.75,5.625,3.25],"texture":"#4"},"up":{"uv":[6.625,4.625,5.5,4.25],"texture":"#4","rotation":90},"down":{"uv":[6.875,0.0,5.75,0.375],"texture":"#4","rotation":270}}},{"from":[7.0,8.80492,13.4649],"to":[9.0,11.30492,14.4649],"rotation":{"origin":[8.0,8.0,8.0],"axis":"x","angle":-22.5},"faces":{"north":{"uv":[6.75,1.25,7.25,1.875],"texture":"#4"},"east":{"uv":[4.25,7.5,4.5,8.125],"texture":"#4"},"south":{"uv":[6.75,0.5,7.25,1.125],"texture":"#4"},"west":{"uv":[7.5,4.25,7.75,4.875],"texture":"#4"},"up":{"uv":[8.0,4.0,7.75,3.5],"texture":"#4","rotation":90},"down":{"uv":[8.0,4.0,7.75,4.5],"texture":"#4","rotation":270}}},{"from":[7.0,10.84245,5.85056],"to":[9.0,13.84245,9.35056],"rotation":{"origin":[8.0,8.0,8.0],"axis":"x","angle":22.5},"faces":{"north":{"uv":[6.0,3.5,6.5,4.25],"texture":"#4"},"east":{"uv":[3.5,3.5,4.375,4.25],"texture":"#4"},"south":{"uv":[6.0,2.75,6.5,3.5],"texture":"#4"},"west":{"uv":[4.0,0.0,4.875,0.75],"texture":"#4"},"up":{"uv":[6.125,1.75,5.25,1.25],"texture":"#4","rotation":90},"down":{"uv":[3.375,5.25,2.5,5.75],"texture":"#4","rotation":270}}},{"from":[7.0,-6.36505,-6.36507],"to":[9.0,-4.36505,-4.36507],"rotation":{"origin":[8.0,8.0,8.0],"axis":"x","angle":-45.0},"faces":{"north":{"uv":[7.0,4.75,7.5,5.25],"texture":"#4"},"east":{"uv":[7.0,0.0,7.5,0.5],"texture":"#4"},"south":{"uv":[7.0,3.0,7.5,3.5],"texture":"#4"},"west":{"uv":[7.0,3.5,7.5,4.0],"texture":"#4"},"up":{"uv":[7.5,6.75,7.0,6.25],"texture":"#4","rotation":90},"down":{"uv":[7.5,6.75,7.0,7.25],"texture":"#4","rotation":270}}}],"textures":{"4":"3e447184-b80b-467d-8841-6d22a40bb9da"},"gui_light":"front"}