{"display":{"thirdperson_righthand":{"rotation":[75.0,45.0,0.0],"translation":[0.0,2.5,-3.478]},"thirdperson_lefthand":{"rotation":[75.0,45.0,0.0],"translation":[0.0,2.5,-3.478]},"firstperson_righthand":{"rotation":[0.0,20.0,0.0]},"firstperson_lefthand":{"rotation":[0.0,20.0,0.0]},"gui":{"rotation":[30.0,225.0,0.0],"translation":[0.6956,-5.564,0.0],"scale":[1.5,1.5,1.5]},"head":{"translation":[0.0,-10.42,-2.781],"scale":[3.0,3.0,3.0]},"ground":{"translation":[0.0,2.0,0.0]},"fixed":{"translation":[0.0,-8.347,-5.565],"scale":[2.0,2.0,2.0]}},"elements":[{"from":[4.5,11.5,9.5],"to":[11.5,12.5,10.5],"faces":{"down":{"uv":[4.96,4.96,7.04,7.04],"texture":"#0"},"up":{"uv":[4.96,4.96,7.04,7.04],"texture":"#0"},"north":{"uv":[4.96,4.96,7.04,7.04],"texture":"#0"},"south":{"uv":[4.96,4.96,7.04,7.04],"texture":"#0"},"west":{"uv":[4.96,4.96,7.04,7.04],"texture":"#0"},"east":{"uv":[4.96,4.96,7.04,7.04],"texture":"#0"}}},{"from":[4.5,12.0,9.0],"to":[5.0,12.5,9.5],"faces":{"down":{"uv":[4.96,4.96,7.04,7.04],"texture":"#0"},"north":{"uv":[4.96,4.96,7.04,7.04],"texture":"#0"},"west":{"uv":[4.96,4.96,7.04,7.04],"texture":"#0"}}},{"from":[4.5,12.0,10.5],"to":[5.0,14.0,11.0],"faces":{"down":{"uv":[4.96,4.96,7.04,7.04],"texture":"#0"},"up":{"uv":[4.96,4.96,7.04,7.04],"texture":"#0"},"north":{"uv":[4.96,4.96,7.04,7.04],"texture":"#0"},"south":{"uv":[4.96,4.96,7.04,7.04],"texture":"#0"},"west":{"uv":[4.96,4.96,7.04,7.04],"texture":"#0"}}},{"from":[4.5,12.5,9.0],"to":[11.5,13.0,9.5],"faces":{"down":{"uv":[8.96,4.96,11.04,7.04],"texture":"#0"},"up":{"uv":[8.96,4.96,11.04,7.04],"texture":"#0"},"north":{"uv":[8.96,4.96,11.04,7.04],"texture":"#0"},"south":{"uv":[8.96,4.96,11.04,7.04],"texture":"#0"},"west":{"uv":[8.96,4.96,11.04,7.04],"texture":"#0"},"east":{"uv":[8.96,4.96,11.04,7.04],"texture":"#0"}}},{"from":[4.5,12.5,9.5],"to":[5.0,13.5,10.5],"faces":{"up":{"uv":[8.96,4.96,11.04,7.04],"texture":"#0"},"north":{"uv":[8.96,4.96,11.04,7.04],"texture":"#0"},"west":{"uv":[8.96,4.96,11.04,7.04],"texture":"#0"}}},{"from":[4.5,13.0,9.0],"to":[5.0,14.0,9.5],"faces":{"up":{"uv":[12.96,4.96,15.04,7.04],"texture":"#0"},"north":{"uv":[12.96,4.96,15.04,7.04],"texture":"#0"},"south":{"uv":[12.96,4.96,15.04,7.04],"texture":"#0"},"west":{"uv":[12.96,4.96,15.04,7.04],"texture":"#0"},"east":{"uv":[12.96,4.96,15.04,7.04],"texture":"#0"}}},{"from":[4.5,13.5,9.5],"to":[11.5,14.5,10.0],"faces":{"down":{"uv":[12.96,4.96,15.04,7.04],"texture":"#0"},"up":{"uv":[12.96,4.96,15.04,7.04],"texture":"#0"},"north":{"uv":[12.96,4.96,15.04,7.04],"texture":"#0"},"south":{"uv":[12.96,4.96,15.04,7.04],"texture":"#0"},"west":{"uv":[12.96,4.96,15.04,7.04],"texture":"#0"},"east":{"uv":[12.96,4.96,15.04,7.04],"texture":"#0"}}},{"from":[4.5,13.5,10.0],"to":[5.0,14.5,10.5],"faces":{"up":{"uv":[8.96,4.96,11.04,7.04],"texture":"#0"},"south":{"uv":[8.96,4.96,11.04,7.04],"texture":"#0"},"west":{"uv":[8.96,4.96,11.04,7.04],"texture":"#0"}}},{"from":[5.0,9.0,5.5],"to":[11.0,10.0,9.5],"faces":{"down":{"uv":[4.96,0.96,7.04,3.04],"texture":"#0"},"up":{"uv":[4.96,0.96,7.04,3.04],"texture":"#0"},"north":{"uv":[4.96,0.96,7.04,3.04],"texture":"#0"},"south":{"uv":[4.96,0.96,7.04,3.04],"texture":"#0"},"west":{"uv":[4.96,0.96,7.04,3.04],"texture":"#0"},"east":{"uv":[4.96,0.96,7.04,3.04],"texture":"#0"}}},{"from":[5.0,9.5,5.0],"to":[5.5,11.0,5.5],"faces":{"down":{"uv":[8.96,0.96,11.04,3.04],"texture":"#0"},"up":{"uv":[8.96,0.96,11.04,3.04],"texture":"#0"},"north":{"uv":[8.96,0.96,11.04,3.04],"texture":"#0"},"south":{"uv":[8.96,0.96,11.04,3.04],"texture":"#0"},"west":{"uv":[8.96,0.96,11.04,3.04],"texture":"#0"},"east":{"uv":[8.96,0.96,11.04,3.04],"texture":"#0"}}},{"from":[5.0,9.5,9.5],"to":[11.0,11.0,11.0],"faces":{"down":{"uv":[4.96,0.96,7.04,3.04],"texture":"#0"},"up":{"uv":[4.96,0.96,7.04,3.04],"texture":"#0"},"north":{"uv":[4.96,0.96,7.04,3.04],"texture":"#0"},"south":{"uv":[4.96,0.96,7.04,3.04],"texture":"#0"},"west":{"uv":[4.96,0.96,7.04,3.04],"texture":"#0"},"east":{"uv":[4.96,0.96,7.04,3.04],"texture":"#0"}}},{"from":[5.0,10.0,5.5],"to":[5.5,11.0,7.5],"faces":{"up":{"uv":[8.96,0.96,11.04,3.04],"texture":"#0"},"south":{"uv":[8.96,0.96,11.04,3.04],"texture":"#0"},"west":{"uv":[8.96,0.96,11.04,3.04],"texture":"#0"},"east":{"uv":[8.96,0.96,11.04,3.04],"texture":"#0"}}},{"from":[5.0,10.0,7.5],"to":[8.0,10.5,9.5],"faces":{"up":{"uv":[4.96,0.96,7.04,3.04],"texture":"#0"},"north":{"uv":[4.96,0.96,7.04,3.04],"texture":"#0"},"west":{"uv":[4.96,0.96,7.04,3.04],"texture":"#0"},"east":{"uv":[4.96,0.96,7.04,3.04],"texture":"#0"}}},{"from":[5.0,10.0,11.0],"to":[11.0,11.5,11.5],"faces":{"down":{"uv":[4.96,0.96,7.04,3.04],"texture":"#0"},"up":{"uv":[4.96,0.96,7.04,3.04],"texture":"#0"},"north":{"uv":[4.96,0.96,7.04,3.04],"texture":"#0"},"south":{"uv":[4.96,0.96,7.04,3.04],"texture":"#0"},"west":{"uv":[4.96,0.96,7.04,3.04],"texture":"#0"},"east":{"uv":[4.96,0.96,7.04,3.04],"texture":"#0"}}},{"from":[5.0,10.5,7.5],"to":[11.0,12.5,8.0],"faces":{"down":{"uv":[8.96,0.96,11.04,3.04],"texture":"#0"},"up":{"uv":[8.96,0.96,11.04,3.04],"texture":"#0"},"north":{"uv":[8.96,0.96,11.04,3.04],"texture":"#0"},"south":{"uv":[8.96,0.96,11.04,3.04],"texture":"#0"},"west":{"uv":[8.96,0.96,11.04,3.04],"texture":"#0"},"east":{"uv":[8.96,0.96,11.04,3.04],"texture":"#0"}}},{"from":[5.0,10.5,8.0],"to":[10.0,13.0,9.0],"faces":{"down":{"uv":[8.96,0.96,11.04,3.04],"texture":"#0"},"up":{"uv":[8.96,0.96,11.04,3.04],"texture":"#0"},"north":{"uv":[8.96,0.96,11.04,3.04],"texture":"#0"},"south":{"uv":[8.96,0.96,11.04,3.04],"texture":"#0"},"west":{"uv":[8.96,0.96,11.04,3.04],"texture":"#0"},"east":{"uv":[8.96,0.96,11.04,3.04],"texture":"#0"}}},{"from":[5.0,10.5,9.0],"to":[10.0,11.0,9.5],"faces":{"down":{"uv":[8.96,0.96,11.04,3.04],"texture":"#0"},"up":{"uv":[8.96,0.96,11.04,3.04],"texture":"#0"},"west":{"uv":[8.96,0.96,11.04,3.04],"texture":"#0"}}},{"from":[5.0,10.5,11.5],"to":[11.0,11.5,12.0],"faces":{"down":{"uv":[4.96,0.96,7.04,3.04],"texture":"#0"},"up":{"uv":[4.96,0.96,7.04,3.04],"texture":"#0"},"south":{"uv":[4.96,0.96,7.04,3.04],"texture":"#0"},"west":{"uv":[4.96,0.96,7.04,3.04],"texture":"#0"},"east":{"uv":[4.96,0.96,7.04,3.04],"texture":"#0"}}},{"from":[5.0,11.0,6.5],"to":[11.0,11.5,7.5],"faces":{"down":{"uv":[8.96,0.96,11.04,3.04],"texture":"#0"},"up":{"uv":[8.96,0.96,11.04,3.04],"texture":"#0"},"north":{"uv":[8.96,0.96,11.04,3.04],"texture":"#0"},"west":{"uv":[8.96,0.96,11.04,3.04],"texture":"#0"},"east":{"uv":[8.96,0.96,11.04,3.04],"texture":"#0"}}},{"from":[5.0,11.0,9.0],"to":[5.5,12.0,9.5],"faces":{"south":{"uv":[4.96,0.96,7.04,3.04],"texture":"#0"},"west":{"uv":[4.96,0.96,7.04,3.04],"texture":"#0"}}},{"from":[5.0,11.0,9.5],"to":[5.5,11.5,11.0],"faces":{"up":{"uv":[4.96,0.96,7.04,3.04],"texture":"#0"},"west":{"uv":[4.96,0.96,7.04,3.04],"texture":"#0"},"east":{"uv":[4.96,0.96,7.04,3.04],"texture":"#0"}}},{"from":[5.0,11.5,7.0],"to":[11.0,12.0,7.5],"faces":{"up":{"uv":[8.96,0.96,11.04,3.04],"texture":"#0"},"north":{"uv":[8.96,0.96,11.04,3.04],"texture":"#0"},"west":{"uv":[8.96,0.96,11.04,3.04],"texture":"#0"},"east":{"uv":[8.96,0.96,11.04,3.04],"texture":"#0"}}},{"from":[5.0,11.5,10.5],"to":[5.5,12.0,11.0],"faces":{"west":{"uv":[4.96,0.96,7.04,3.04],"texture":"#0"}}},{"from":[5.0,11.5,11.0],"to":[9.5,14.5,11.5],"faces":{"up":{"uv":[8.96,0.96,11.04,3.04],"texture":"#0"},"north":{"uv":[8.96,0.96,11.04,3.04],"texture":"#0"},"south":{"uv":[8.96,0.96,11.04,3.04],"texture":"#0"},"west":{"uv":[8.96,0.96,11.04,3.04],"texture":"#0"},"east":{"uv":[8.96,0.96,11.04,3.04],"texture":"#0"}}},{"from":[5.0,11.5,11.5],"to":[8.0,14.5,12.0],"faces":{"up":{"uv":[8.96,0.96,11.04,3.04],"texture":"#0"},"south":{"uv":[8.96,0.96,11.04,3.04],"texture":"#0"},"west":{"uv":[8.96,0.96,11.04,3.04],"texture":"#0"},"east":{"uv":[8.96,0.96,11.04,3.04],"texture":"#0"}}},{"from":[5.0,12.0,9.0],"to":[11.0,12.5,9.5],"faces":{"down":{"uv":[8.96,0.96,11.04,3.04],"texture":"#0"},"north":{"uv":[8.96,0.96,11.04,3.04],"texture":"#0"}}},{"from":[5.0,12.0,10.5],"to":[11.0,14.5,11.0],"faces":{"down":{"uv":[8.96,0.96,11.04,3.04],"texture":"#0"},"up":{"uv":[8.96,0.96,11.04,3.04],"texture":"#0"},"north":{"uv":[8.96,0.96,11.04,3.04],"texture":"#0"},"south":{"uv":[8.96,0.96,11.04,3.04],"texture":"#0"},"west":{"uv":[8.96,0.96,11.04,3.04],"texture":"#0"},"east":{"uv":[8.96,0.96,11.04,3.04],"texture":"#0"}}},{"from":[5.0,12.0,12.0],"to":[11.0,13.0,12.5],"faces":{"down":{"uv":[8.96,0.96,11.04,3.04],"texture":"#0"},"up":{"uv":[8.96,0.96,11.04,3.04],"texture":"#0"},"north":{"uv":[8.96,0.96,11.04,3.04],"texture":"#0"},"south":{"uv":[8.96,0.96,11.04,3.04],"texture":"#0"},"west":{"uv":[8.96,0.96,11.04,3.04],"texture":"#0"},"east":{"uv":[8.96,0.96,11.04,3.04],"texture":"#0"}}},{"from":[5.0,12.5,9.5],"to":[11.0,13.5,10.5],"faces":{"up":{"uv":[8.96,0.96,11.04,3.04],"texture":"#0"},"north":{"uv":[8.96,0.96,11.04,3.04],"texture":"#0"},"east":{"uv":[8.96,0.96,11.04,3.04],"texture":"#0"}}},{"from":[5.0,13.0,8.0],"to":[5.5,14.5,8.5],"faces":{"north":{"uv":[0.96,8.96,3.04,11.04],"texture":"#0"},"south":{"uv":[0.96,8.96,3.04,11.04],"texture":"#0"},"west":{"uv":[0.96,8.96,3.04,11.04],"texture":"#0"}}},{"from":[5.0,13.0,8.5],"to":[11.0,13.5,9.5],"faces":{"down":{"uv":[8.96,0.96,11.04,3.04],"texture":"#0"},"up":{"uv":[8.96,0.96,11.04,3.04],"texture":"#0"},"north":{"uv":[8.96,0.96,11.04,3.04],"texture":"#0"},"west":{"uv":[8.96,0.96,11.04,3.04],"texture":"#0"},"east":{"uv":[8.96,0.96,11.04,3.04],"texture":"#0"}}},{"from":[5.0,13.5,8.5],"to":[5.5,14.5,9.0],"faces":{"south":{"uv":[0.96,8.96,3.04,11.04],"texture":"#0"},"west":{"uv":[0.96,8.96,3.04,11.04],"texture":"#0"}}},{"from":[5.0,13.5,9.0],"to":[11.0,14.0,9.5],"faces":{"up":{"uv":[8.96,0.96,11.04,3.04],"texture":"#0"},"north":{"uv":[8.96,0.96,11.04,3.04],"texture":"#0"}}},{"from":[5.0,13.5,10.0],"to":[11.0,14.5,10.5],"faces":{"up":{"uv":[8.96,0.96,11.04,3.04],"texture":"#0"},"east":{"uv":[8.96,0.96,11.04,3.04],"texture":"#0"}}},{"from":[5.0,14.0,9.0],"to":[5.5,15.0,9.5],"faces":{"north":{"uv":[0.96,8.96,3.04,11.04],"texture":"#0"},"south":{"uv":[0.96,8.96,3.04,11.04],"texture":"#0"},"west":{"uv":[0.96,8.96,3.04,11.04],"texture":"#0"}}},{"from":[5.0,14.5,8.0],"to":[5.5,15.0,8.5],"faces":{"up":{"uv":[4.96,4.96,7.04,7.04],"texture":"#0"},"north":{"uv":[4.96,4.96,7.04,7.04],"texture":"#0"},"west":{"uv":[4.96,4.96,7.04,7.04],"texture":"#0"}}},{"from":[5.0,14.5,8.5],"to":[10.5,15.0,9.0],"faces":{"down":{"uv":[4.96,8.96,7.04,11.04],"texture":"#0"},"up":{"uv":[4.96,8.96,7.04,11.04],"texture":"#0"},"north":{"uv":[4.96,8.96,7.04,11.04],"texture":"#0"},"south":{"uv":[4.96,8.96,7.04,11.04],"texture":"#0"},"west":{"uv":[4.96,8.96,7.04,11.04],"texture":"#0"}}},{"from":[5.0,14.5,9.5],"to":[5.5,15.0,11.5],"faces":{"down":{"uv":[0.96,8.96,3.04,11.04],"texture":"#0"},"up":{"uv":[0.96,8.96,3.04,11.04],"texture":"#0"},"south":{"uv":[0.96,8.96,3.04,11.04],"texture":"#0"},"west":{"uv":[0.96,8.96,3.04,11.04],"texture":"#0"},"east":{"uv":[0.96,8.96,3.04,11.04],"texture":"#0"}}},{"from":[5.0,15.0,9.0],"to":[5.5,15.5,10.0],"faces":{"down":{"uv":[4.96,8.96,7.04,11.04],"texture":"#0"},"up":{"uv":[4.96,8.96,7.04,11.04],"texture":"#0"},"north":{"uv":[4.96,8.96,7.04,11.04],"texture":"#0"},"west":{"uv":[4.96,8.96,7.04,11.04],"texture":"#0"}}},{"from":[5.0,15.0,10.0],"to":[10.0,15.5,10.5],"faces":{"down":{"uv":[0.96,8.96,3.04,11.04],"texture":"#0"},"up":{"uv":[0.96,8.96,3.04,11.04],"texture":"#0"},"north":{"uv":[0.96,8.96,3.04,11.04],"texture":"#0"},"south":{"uv":[0.96,8.96,3.04,11.04],"texture":"#0"},"west":{"uv":[0.96,8.96,3.04,11.04],"texture":"#0"}}},{"from":[5.5,9.0,9.5],"to":[10.5,9.5,10.0],"faces":{"down":{"uv":[4.96,0.96,7.04,3.04],"texture":"#0"},"south":{"uv":[4.96,0.96,7.04,3.04],"texture":"#0"},"west":{"uv":[4.96,0.96,7.04,3.04],"texture":"#0"},"east":{"uv":[4.96,0.96,7.04,3.04],"texture":"#0"}}},{"from":[5.5,9.5,5.0],"to":[11.0,10.0,5.5],"faces":{"down":{"uv":[4.96,0.96,7.04,3.04],"texture":"#0"},"up":{"uv":[4.96,0.96,7.04,3.04],"texture":"#0"},"north":{"uv":[4.96,0.96,7.04,3.04],"texture":"#0"},"east":{"uv":[4.96,0.96,7.04,3.04],"texture":"#0"}}},{"from":[5.5,10.0,4.5],"to":[10.5,10.5,5.0],"faces":{"down":{"uv":[8.96,0.96,11.04,3.04],"texture":"#0"},"up":{"uv":[8.96,0.96,11.04,3.04],"texture":"#0"},"north":{"uv":[8.96,0.96,11.04,3.04],"texture":"#0"},"south":{"uv":[8.96,0.96,11.04,3.04],"texture":"#0"},"west":{"uv":[8.96,0.96,11.04,3.04],"texture":"#0"},"east":{"uv":[8.96,0.96,11.04,3.04],"texture":"#0"}}},{"from":[5.5,10.0,5.0],"to":[6.5,11.0,5.5],"faces":{"up":{"uv":[8.96,0.96,11.04,3.04],"texture":"#0"},"north":{"uv":[8.96,0.96,11.04,3.04],"texture":"#0"},"south":{"uv":[8.96,0.96,11.04,3.04],"texture":"#0"},"east":{"uv":[8.96,0.96,11.04,3.04],"texture":"#0"}}},{"from":[5.5,10.0,5.5],"to":[10.5,10.5,7.5],"faces":{"north":{"uv":[4.96,0.96,7.04,3.04],"texture":"#0"},"south":{"uv":[4.96,0.96,7.04,3.04],"texture":"#0"},"east":{"uv":[4.96,0.96,7.04,3.04],"texture":"#0"}}},{"from":[5.5,10.0,11.5],"to":[10.5,10.5,12.0],"faces":{"down":{"uv":[4.96,0.96,7.04,3.04],"texture":"#0"},"south":{"uv":[4.96,0.96,7.04,3.04],"texture":"#0"},"west":{"uv":[4.96,0.96,7.04,3.04],"texture":"#0"},"east":{"uv":[4.96,0.96,7.04,3.04],"texture":"#0"}}},{"from":[5.5,10.5,5.5],"to":[11.0,11.0,7.5],"faces":{"down":{"uv":[8.96,0.96,11.04,3.04],"texture":"#0"},"up":{"uv":[8.96,0.96,11.04,3.04],"texture":"#0"},"north":{"uv":[8.96,0.96,11.04,3.04],"texture":"#0"},"east":{"uv":[8.96,0.96,11.04,3.04],"texture":"#0"}}},{"from":[5.5,11.0,5.5],"to":[10.5,12.0,6.5],"faces":{"up":{"uv":[12.96,0.96,15.04,3.04],"texture":"#0"},"north":{"uv":[12.96,0.96,15.04,3.04],"texture":"#0"},"south":{"uv":[12.96,0.96,15.04,3.04],"texture":"#0"},"west":{"uv":[12.96,0.96,15.04,3.04],"texture":"#0"},"east":{"uv":[12.96,0.96,15.04,3.04],"texture":"#0"}}},{"from":[5.5,11.0,9.0],"to":[10.5,12.0,9.5],"faces":{"down":{"uv":[8.96,0.96,11.04,3.04],"texture":"#0"},"north":{"uv":[8.96,0.96,11.04,3.04],"texture":"#0"},"south":{"uv":[8.96,0.96,11.04,3.04],"texture":"#0"}}},{"from":[5.5,11.0,9.5],"to":[10.5,11.5,10.5],"faces":{"south":{"uv":[8.96,0.96,11.04,3.04],"texture":"#0"}}},{"from":[5.5,11.0,10.5],"to":[9.5,12.0,11.0],"faces":{"north":{"uv":[8.96,0.96,11.04,3.04],"texture":"#0"},"south":{"uv":[8.96,0.96,11.04,3.04],"texture":"#0"},"west":{"uv":[8.96,0.96,11.04,3.04],"texture":"#0"},"east":{"uv":[8.96,0.96,11.04,3.04],"texture":"#0"}}},{"from":[5.5,11.0,12.0],"to":[10.5,11.5,12.5],"faces":{"down":{"uv":[4.96,0.96,7.04,3.04],"texture":"#0"},"up":{"uv":[4.96,0.96,7.04,3.04],"texture":"#0"},"south":{"uv":[4.96,0.96,7.04,3.04],"texture":"#0"},"west":{"uv":[4.96,0.96,7.04,3.04],"texture":"#0"},"east":{"uv":[4.96,0.96,7.04,3.04],"texture":"#0"}}},{"from":[5.5,11.5,6.5],"to":[10.5,13.5,7.0],"faces":{"up":{"uv":[12.96,0.96,15.04,3.04],"texture":"#0"},"north":{"uv":[12.96,0.96,15.04,3.04],"texture":"#0"},"south":{"uv":[12.96,0.96,15.04,3.04],"texture":"#0"},"west":{"uv":[12.96,0.96,15.04,3.04],"texture":"#0"},"east":{"uv":[12.96,0.96,15.04,3.04],"texture":"#0"}}},{"from":[5.5,11.5,12.0],"to":[8.0,12.0,12.5],"faces":{"south":{"uv":[8.96,0.96,11.04,3.04],"texture":"#0"},"west":{"uv":[8.96,0.96,11.04,3.04],"texture":"#0"}}},{"from":[5.5,12.0,5.5],"to":[6.0,12.5,6.5],"faces":{"up":{"uv":[12.96,0.96,15.04,3.04],"texture":"#0"},"north":{"uv":[12.96,0.96,15.04,3.04],"texture":"#0"},"west":{"uv":[12.96,0.96,15.04,3.04],"texture":"#0"},"east":{"uv":[12.96,0.96,15.04,3.04],"texture":"#0"}}},{"from":[5.5,12.0,7.0],"to":[10.5,14.0,7.5],"faces":{"up":{"uv":[12.96,0.96,15.04,3.04],"texture":"#0"},"north":{"uv":[12.96,0.96,15.04,3.04],"texture":"#0"},"south":{"uv":[12.96,0.96,15.04,3.04],"texture":"#0"},"west":{"uv":[12.96,0.96,15.04,3.04],"texture":"#0"},"east":{"uv":[12.96,0.96,15.04,3.04],"texture":"#0"}}},{"from":[5.5,12.5,6.0],"to":[6.0,13.5,6.5],"faces":{"up":{"uv":[12.96,0.96,15.04,3.04],"texture":"#0"},"north":{"uv":[12.96,0.96,15.04,3.04],"texture":"#0"},"west":{"uv":[12.96,0.96,15.04,3.04],"texture":"#0"},"east":{"uv":[12.96,0.96,15.04,3.04],"texture":"#0"}}},{"from":[5.5,12.5,7.5],"to":[10.5,14.5,8.0],"faces":{"up":{"uv":[12.96,0.96,15.04,3.04],"texture":"#0"},"north":{"uv":[12.96,0.96,15.04,3.04],"texture":"#0"},"south":{"uv":[12.96,0.96,15.04,3.04],"texture":"#0"},"west":{"uv":[12.96,0.96,15.04,3.04],"texture":"#0"},"east":{"uv":[12.96,0.96,15.04,3.04],"texture":"#0"}}},{"from":[5.5,13.0,8.0],"to":[11.0,14.5,8.5],"faces":{"down":{"uv":[8.96,0.96,11.04,3.04],"texture":"#0"},"up":{"uv":[8.96,0.96,11.04,3.04],"texture":"#0"},"north":{"uv":[8.96,0.96,11.04,3.04],"texture":"#0"},"south":{"uv":[8.96,0.96,11.04,3.04],"texture":"#0"},"east":{"uv":[8.96,0.96,11.04,3.04],"texture":"#0"}}},{"from":[5.5,13.0,12.0],"to":[9.0,14.0,12.5],"faces":{"up":{"uv":[8.96,0.96,11.04,3.04],"texture":"#0"},"north":{"uv":[8.96,0.96,11.04,3.04],"texture":"#0"},"south":{"uv":[8.96,0.96,11.04,3.04],"texture":"#0"},"west":{"uv":[8.96,0.96,11.04,3.04],"texture":"#0"}}},{"from":[5.5,13.5,6.5],"to":[7.5,14.0,7.0],"faces":{"up":{"uv":[0.96,4.96,3.04,7.04],"texture":"#0"},"north":{"uv":[0.96,4.96,3.04,7.04],"texture":"#0"},"west":{"uv":[0.96,4.96,3.04,7.04],"texture":"#0"}}},{"from":[5.5,13.5,8.5],"to":[11.0,14.5,9.0],"faces":{"up":{"uv":[8.96,0.96,11.04,3.04],"texture":"#0"},"south":{"uv":[8.96,0.96,11.04,3.04],"texture":"#0"},"east":{"uv":[8.96,0.96,11.04,3.04],"texture":"#0"}}},{"from":[5.5,14.0,7.0],"to":[7.0,14.5,7.5],"faces":{"up":{"uv":[0.96,4.96,3.04,7.04],"texture":"#0"},"north":{"uv":[0.96,4.96,3.04,7.04],"texture":"#0"},"west":{"uv":[0.96,4.96,3.04,7.04],"texture":"#0"}}},{"from":[5.5,14.0,9.0],"to":[11.0,15.0,9.5],"faces":{"up":{"uv":[8.96,0.96,11.04,3.04],"texture":"#0"},"north":{"uv":[8.96,0.96,11.04,3.04],"texture":"#0"},"south":{"uv":[8.96,0.96,11.04,3.04],"texture":"#0"},"east":{"uv":[8.96,0.96,11.04,3.04],"texture":"#0"}}},{"from":[5.5,14.5,8.0],"to":[6.0,15.0,8.5],"faces":{"up":{"uv":[4.96,8.96,7.04,11.04],"texture":"#0"},"north":{"uv":[4.96,8.96,7.04,11.04],"texture":"#0"}}},{"from":[5.5,14.5,9.5],"to":[11.0,15.0,10.5],"faces":{"down":{"uv":[8.96,0.96,11.04,3.04],"texture":"#0"},"up":{"uv":[8.96,0.96,11.04,3.04],"texture":"#0"},"south":{"uv":[8.96,0.96,11.04,3.04],"texture":"#0"},"east":{"uv":[8.96,0.96,11.04,3.04],"texture":"#0"}}},{"from":[5.5,14.5,10.5],"to":[10.5,15.0,11.0],"faces":{"up":{"uv":[8.96,0.96,11.04,3.04],"texture":"#0"},"south":{"uv":[8.96,0.96,11.04,3.04],"texture":"#0"}}},{"from":[5.5,14.5,11.0],"to":[10.0,15.0,11.5],"faces":{"down":{"uv":[8.96,0.96,11.04,3.04],"texture":"#0"},"up":{"uv":[8.96,0.96,11.04,3.04],"texture":"#0"},"south":{"uv":[8.96,0.96,11.04,3.04],"texture":"#0"}}},{"from":[5.5,14.5,11.5],"to":[9.5,15.0,12.0],"faces":{"down":{"uv":[8.96,0.96,11.04,3.04],"texture":"#0"},"up":{"uv":[8.96,0.96,11.04,3.04],"texture":"#0"},"south":{"uv":[8.96,0.96,11.04,3.04],"texture":"#0"},"west":{"uv":[8.96,0.96,11.04,3.04],"texture":"#0"}}},{"from":[5.5,15.0,8.5],"to":[6.0,15.5,9.0],"faces":{"up":{"uv":[4.96,4.96,7.04,7.04],"texture":"#0"},"north":{"uv":[4.96,4.96,7.04,7.04],"texture":"#0"},"west":{"uv":[4.96,4.96,7.04,7.04],"texture":"#0"}}},{"from":[5.5,15.0,9.0],"to":[6.0,15.5,10.0],"faces":{"down":{"uv":[0.96,8.96,3.04,11.04],"texture":"#0"},"up":{"uv":[0.96,8.96,3.04,11.04],"texture":"#0"},"east":{"uv":[0.96,8.96,3.04,11.04],"texture":"#0"}}},{"from":[5.5,15.0,10.5],"to":[6.5,15.5,11.0],"faces":{"up":{"uv":[0.96,8.96,3.04,11.04],"texture":"#0"},"south":{"uv":[0.96,8.96,3.04,11.04],"texture":"#0"},"west":{"uv":[0.96,8.96,3.04,11.04],"texture":"#0"}}},{"from":[6.0,9.0,5.0],"to":[10.0,9.5,5.5],"faces":{"down":{"uv":[4.96,0.96,7.04,3.04],"texture":"#0"},"north":{"uv":[4.96,0.96,7.04,3.04],"texture":"#0"},"west":{"uv":[4.96,0.96,7.04,3.04],"texture":"#0"},"east":{"uv":[4.96,0.96,7.04,3.04],"texture":"#0"}}},{"from":[6.0,9.5,4.5],"to":[6.5,10.0,5.0],"faces":{"down":{"uv":[8.96,0.96,11.04,3.04],"texture":"#0"},"north":{"uv":[8.96,0.96,11.04,3.04],"texture":"#0"},"west":{"uv":[8.96,0.96,11.04,3.04],"texture":"#0"}}},{"from":[6.0,9.5,11.0],"to":[10.0,10.0,11.5],"faces":{"down":{"uv":[4.96,0.96,7.04,3.04],"texture":"#0"},"south":{"uv":[4.96,0.96,7.04,3.04],"texture":"#0"},"west":{"uv":[4.96,0.96,7.04,3.04],"texture":"#0"},"east":{"uv":[4.96,0.96,7.04,3.04],"texture":"#0"}}},{"from":[6.0,10.5,4.5],"to":[10.0,11.0,5.0],"faces":{"up":{"uv":[8.96,0.96,11.04,3.04],"texture":"#0"},"north":{"uv":[8.96,0.96,11.04,3.04],"texture":"#0"},"south":{"uv":[8.96,0.96,11.04,3.04],"texture":"#0"},"west":{"uv":[8.96,0.96,11.04,3.04],"texture":"#0"},"east":{"uv":[8.96,0.96,11.04,3.04],"texture":"#0"}}},{"from":[6.0,10.5,12.0],"to":[10.0,11.0,12.5],"faces":{"down":{"uv":[4.96,0.96,7.04,3.04],"texture":"#0"},"south":{"uv":[4.96,0.96,7.04,3.04],"texture":"#0"},"west":{"uv":[4.96,0.96,7.04,3.04],"texture":"#0"},"east":{"uv":[4.96,0.96,7.04,3.04],"texture":"#0"}}},{"from":[6.0,11.0,5.0],"to":[10.0,11.5,5.5],"faces":{"down":{"uv":[12.96,0.96,15.04,3.04],"texture":"#0"},"up":{"uv":[12.96,0.96,15.04,3.04],"texture":"#0"},"north":{"uv":[12.96,0.96,15.04,3.04],"texture":"#0"},"west":{"uv":[12.96,0.96,15.04,3.04],"texture":"#0"},"east":{"uv":[12.96,0.96,15.04,3.04],"texture":"#0"}}},{"from":[6.0,11.5,5.0],"to":[7.0,12.0,5.5],"faces":{"up":{"uv":[12.96,0.96,15.04,3.04],"texture":"#0"},"north":{"uv":[12.96,0.96,15.04,3.04],"texture":"#0"},"west":{"uv":[12.96,0.96,15.04,3.04],"texture":"#0"}}},{"from":[6.0,12.0,5.5],"to":[8.5,12.5,6.0],"faces":{"up":{"uv":[0.96,4.96,3.04,7.04],"texture":"#0"},"north":{"uv":[0.96,4.96,3.04,7.04],"texture":"#0"},"south":{"uv":[0.96,4.96,3.04,7.04],"texture":"#0"}}},{"from":[6.0,12.5,5.5],"to":[7.0,13.0,6.5],"faces":{"down":{"uv":[0.96,4.96,3.04,7.04],"texture":"#0"},"up":{"uv":[0.96,4.96,3.04,7.04],"texture":"#0"},"north":{"uv":[0.96,4.96,3.04,7.04],"texture":"#0"},"west":{"uv":[0.96,4.96,3.04,7.04],"texture":"#0"},"east":{"uv":[0.96,4.96,3.04,7.04],"texture":"#0"}}},{"from":[6.0,13.0,6.0],"to":[8.0,13.5,6.5],"faces":{"down":{"uv":[0.96,4.96,3.04,7.04],"texture":"#0"},"up":{"uv":[0.96,4.96,3.04,7.04],"texture":"#0"},"north":{"uv":[0.96,4.96,3.04,7.04],"texture":"#0"}}},{"from":[6.0,14.0,6.5],"to":[6.5,14.5,7.0],"faces":{"up":{"uv":[8.96,8.96,11.04,11.04],"texture":"#0"},"north":{"uv":[8.96,8.96,11.04,11.04],"texture":"#0"},"west":{"uv":[8.96,8.96,11.04,11.04],"texture":"#0"}}},{"from":[6.0,14.5,8.0],"to":[11.0,15.0,8.5],"faces":{"up":{"uv":[8.96,0.96,11.04,3.04],"texture":"#0"},"north":{"uv":[8.96,0.96,11.04,3.04],"texture":"#0"},"south":{"uv":[8.96,0.96,11.04,3.04],"texture":"#0"},"east":{"uv":[8.96,0.96,11.04,3.04],"texture":"#0"}}},{"from":[6.0,15.0,8.0],"to":[6.5,15.5,8.5],"faces":{"up":{"uv":[4.96,8.96,7.04,11.04],"texture":"#0"},"north":{"uv":[4.96,8.96,7.04,11.04],"texture":"#0"},"west":{"uv":[4.96,8.96,7.04,11.04],"texture":"#0"}}},{"from":[6.0,15.0,8.5],"to":[6.5,15.5,9.0],"faces":{"up":{"uv":[0.96,8.96,3.04,11.04],"texture":"#0"}}},{"from":[6.0,15.0,9.0],"to":[10.5,15.5,9.5],"faces":{"up":{"uv":[8.96,0.96,11.04,3.04],"texture":"#0"},"north":{"uv":[8.96,0.96,11.04,3.04],"texture":"#0"},"south":{"uv":[8.96,0.96,11.04,3.04],"texture":"#0"}}},{"from":[6.0,15.0,9.5],"to":[10.0,15.5,10.0],"faces":{"up":{"uv":[8.96,0.96,11.04,3.04],"texture":"#0"}}},{"from":[6.0,15.0,11.0],"to":[9.5,15.5,11.5],"faces":{"up":{"uv":[8.96,0.96,11.04,3.04],"texture":"#0"},"north":{"uv":[8.96,0.96,11.04,3.04],"texture":"#0"},"south":{"uv":[8.96,0.96,11.04,3.04],"texture":"#0"},"west":{"uv":[8.96,0.96,11.04,3.04],"texture":"#0"}}},{"from":[6.0,15.5,9.0],"to":[6.5,16.0,10.5],"faces":{"down":{"uv":[0.96,8.96,3.04,11.04],"texture":"#0"},"up":{"uv":[0.96,8.96,3.04,11.04],"texture":"#0"},"north":{"uv":[0.96,8.96,3.04,11.04],"texture":"#0"},"south":{"uv":[0.96,8.96,3.04,11.04],"texture":"#0"},"west":{"uv":[0.96,8.96,3.04,11.04],"texture":"#0"},"east":{"uv":[0.96,8.96,3.04,11.04],"texture":"#0"}}},{"from":[6.5,9.0,10.0],"to":[9.5,9.5,10.5],"faces":{"down":{"uv":[4.96,0.96,7.04,3.04],"texture":"#0"},"south":{"uv":[4.96,0.96,7.04,3.04],"texture":"#0"},"west":{"uv":[4.96,0.96,7.04,3.04],"texture":"#0"},"east":{"uv":[4.96,0.96,7.04,3.04],"texture":"#0"}}},{"from":[6.5,9.5,4.5],"to":[10.0,10.0,5.0],"faces":{"down":{"uv":[4.96,0.96,7.04,3.04],"texture":"#0"},"north":{"uv":[4.96,0.96,7.04,3.04],"texture":"#0"},"east":{"uv":[4.96,0.96,7.04,3.04],"texture":"#0"}}},{"from":[6.5,10.5,4.0],"to":[9.5,11.0,4.5],"faces":{"down":{"uv":[8.96,0.96,11.04,3.04],"texture":"#0"},"up":{"uv":[8.96,0.96,11.04,3.04],"texture":"#0"},"north":{"uv":[8.96,0.96,11.04,3.04],"texture":"#0"},"west":{"uv":[8.96,0.96,11.04,3.04],"texture":"#0"},"east":{"uv":[8.96,0.96,11.04,3.04],"texture":"#0"}}},{"from":[6.5,10.5,5.0],"to":[11.0,11.0,5.5],"faces":{"down":{"uv":[8.96,0.96,11.04,3.04],"texture":"#0"},"up":{"uv":[8.96,0.96,11.04,3.04],"texture":"#0"},"north":{"uv":[8.96,0.96,11.04,3.04],"texture":"#0"},"east":{"uv":[8.96,0.96,11.04,3.04],"texture":"#0"}}},{"from":[6.5,12.0,6.0],"to":[7.5,12.5,6.5],"faces":{"up":{"uv":[0.96,4.96,3.04,7.04],"texture":"#0"}}},{"from":[6.5,13.5,6.0],"to":[7.0,14.0,6.5],"faces":{"up":{"uv":[8.96,8.96,11.04,11.04],"texture":"#0"},"north":{"uv":[8.96,8.96,11.04,11.04],"texture":"#0"},"west":{"uv":[8.96,8.96,11.04,11.04],"texture":"#0"}}},{"from":[6.5,14.0,6.5],"to":[7.0,14.5,7.0],"faces":{"up":{"uv":[0.96,4.96,3.04,7.04],"texture":"#0"},"north":{"uv":[0.96,4.96,3.04,7.04],"texture":"#0"}}},{"from":[6.5,14.0,12.0],"to":[8.5,14.5,12.5],"faces":{"up":{"uv":[8.96,0.96,11.04,3.04],"texture":"#0"},"north":{"uv":[8.96,0.96,11.04,3.04],"texture":"#0"},"south":{"uv":[8.96,0.96,11.04,3.04],"texture":"#0"},"west":{"uv":[8.96,0.96,11.04,3.04],"texture":"#0"}}},{"from":[6.5,14.5,7.5],"to":[9.5,15.0,8.0],"faces":{"up":{"uv":[12.96,0.96,15.04,3.04],"texture":"#0"},"north":{"uv":[12.96,0.96,15.04,3.04],"texture":"#0"},"west":{"uv":[12.96,0.96,15.04,3.04],"texture":"#0"},"east":{"uv":[12.96,0.96,15.04,3.04],"texture":"#0"}}},{"from":[6.5,15.0,8.0],"to":[8.0,15.5,8.5],"faces":{"up":{"uv":[0.96,8.96,3.04,11.04],"texture":"#0"},"north":{"uv":[0.96,8.96,3.04,11.04],"texture":"#0"}}},{"from":[6.5,15.0,8.5],"to":[10.5,15.5,9.0],"faces":{"up":{"uv":[8.96,0.96,11.04,3.04],"texture":"#0"},"north":{"uv":[8.96,0.96,11.04,3.04],"texture":"#0"},"east":{"uv":[8.96,0.96,11.04,3.04],"texture":"#0"}}},{"from":[6.5,15.0,10.5],"to":[9.5,16.0,11.0],"faces":{"up":{"uv":[8.96,0.96,11.04,3.04],"texture":"#0"},"north":{"uv":[8.96,0.96,11.04,3.04],"texture":"#0"},"south":{"uv":[8.96,0.96,11.04,3.04],"texture":"#0"},"west":{"uv":[8.96,0.96,11.04,3.04],"texture":"#0"},"east":{"uv":[8.96,0.96,11.04,3.04],"texture":"#0"}}},{"from":[6.5,15.5,8.5],"to":[8.0,16.0,9.0],"faces":{"up":{"uv":[0.96,8.96,3.04,11.04],"texture":"#0"},"north":{"uv":[0.96,8.96,3.04,11.04],"texture":"#0"},"west":{"uv":[0.96,8.96,3.04,11.04],"texture":"#0"}}},{"from":[6.5,15.5,9.0],"to":[10.0,16.0,9.5],"faces":{"up":{"uv":[8.96,0.96,11.04,3.04],"texture":"#0"},"north":{"uv":[8.96,0.96,11.04,3.04],"texture":"#0"},"south":{"uv":[8.96,0.96,11.04,3.04],"texture":"#0"},"east":{"uv":[8.96,0.96,11.04,3.04],"texture":"#0"}}},{"from":[6.5,15.5,9.5],"to":[7.0,16.0,10.5],"faces":{"down":{"uv":[0.96,8.96,3.04,11.04],"texture":"#0"},"up":{"uv":[0.96,8.96,3.04,11.04],"texture":"#0"}}},{"from":[7.0,10.0,4.0],"to":[9.0,10.5,4.5],"faces":{"down":{"uv":[8.96,0.96,11.04,3.04],"texture":"#0"},"north":{"uv":[8.96,0.96,11.04,3.04],"texture":"#0"},"west":{"uv":[8.96,0.96,11.04,3.04],"texture":"#0"},"east":{"uv":[8.96,0.96,11.04,3.04],"texture":"#0"}}},{"from":[7.0,11.0,4.5],"to":[9.0,11.5,5.0],"faces":{"up":{"uv":[12.96,0.96,15.04,3.04],"texture":"#0"},"north":{"uv":[12.96,0.96,15.04,3.04],"texture":"#0"},"west":{"uv":[12.96,0.96,15.04,3.04],"texture":"#0"},"east":{"uv":[12.96,0.96,15.04,3.04],"texture":"#0"}}},{"from":[7.0,11.5,5.0],"to":[8.5,12.0,5.5],"faces":{"up":{"uv":[0.96,4.96,3.04,7.04],"texture":"#0"},"north":{"uv":[0.96,4.96,3.04,7.04],"texture":"#0"}}},{"from":[7.0,12.5,5.5],"to":[7.5,13.5,6.0],"faces":{"up":{"uv":[8.96,8.96,11.04,11.04],"texture":"#0"},"north":{"uv":[8.96,8.96,11.04,11.04],"texture":"#0"},"south":{"uv":[8.96,8.96,11.04,11.04],"texture":"#0"},"west":{"uv":[8.96,8.96,11.04,11.04],"texture":"#0"}}},{"from":[7.0,12.5,6.0],"to":[8.0,13.0,6.5],"faces":{"down":{"uv":[0.96,4.96,3.04,7.04],"texture":"#0"},"north":{"uv":[0.96,4.96,3.04,7.04],"texture":"#0"}}},{"from":[7.0,13.5,6.0],"to":[7.5,14.0,6.5],"faces":{"up":{"uv":[0.96,4.96,3.04,7.04],"texture":"#0"},"north":{"uv":[0.96,4.96,3.04,7.04],"texture":"#0"}}},{"from":[7.0,14.0,6.5],"to":[10.0,14.5,7.5],"faces":{"down":{"uv":[12.96,0.96,15.04,3.04],"texture":"#0"},"up":{"uv":[12.96,0.96,15.04,3.04],"texture":"#0"},"north":{"uv":[12.96,0.96,15.04,3.04],"texture":"#0"},"west":{"uv":[12.96,0.96,15.04,3.04],"texture":"#0"},"east":{"uv":[12.96,0.96,15.04,3.04],"texture":"#0"}}},{"from":[7.0,14.5,7.0],"to":[9.0,15.0,7.5],"faces":{"up":{"uv":[12.96,0.96,15.04,3.04],"texture":"#0"},"north":{"uv":[12.96,0.96,15.04,3.04],"texture":"#0"},"west":{"uv":[12.96,0.96,15.04,3.04],"texture":"#0"},"east":{"uv":[12.96,0.96,15.04,3.04],"texture":"#0"}}},{"from":[7.0,15.5,9.5],"to":[10.0,16.0,10.5],"faces":{"down":{"uv":[8.96,0.96,11.04,3.04],"texture":"#0"},"up":{"uv":[8.96,0.96,11.04,3.04],"texture":"#0"},"south":{"uv":[8.96,0.96,11.04,3.04],"texture":"#0"},"east":{"uv":[8.96,0.96,11.04,3.04],"texture":"#0"}}},{"from":[7.5,12.0,5.0],"to":[8.5,12.5,5.5],"faces":{"up":{"uv":[0.96,4.96,3.04,7.04],"texture":"#0"},"north":{"uv":[0.96,4.96,3.04,7.04],"texture":"#0"},"west":{"uv":[0.96,4.96,3.04,7.04],"texture":"#0"},"east":{"uv":[0.96,4.96,3.04,7.04],"texture":"#0"}}},{"from":[7.5,12.0,6.0],"to":[10.5,12.5,6.5],"faces":{"up":{"uv":[12.96,0.96,15.04,3.04],"texture":"#0"},"north":{"uv":[12.96,0.96,15.04,3.04],"texture":"#0"},"east":{"uv":[12.96,0.96,15.04,3.04],"texture":"#0"}}},{"from":[7.5,12.5,5.5],"to":[8.0,13.5,6.0],"faces":{"up":{"uv":[0.96,4.96,3.04,7.04],"texture":"#0"},"north":{"uv":[0.96,4.96,3.04,7.04],"texture":"#0"},"south":{"uv":[0.96,4.96,3.04,7.04],"texture":"#0"},"east":{"uv":[0.96,4.96,3.04,7.04],"texture":"#0"}}},{"from":[7.5,13.5,6.0],"to":[9.5,14.0,7.0],"faces":{"down":{"uv":[12.96,0.96,15.04,3.04],"texture":"#0"},"up":{"uv":[12.96,0.96,15.04,3.04],"texture":"#0"},"north":{"uv":[12.96,0.96,15.04,3.04],"texture":"#0"},"west":{"uv":[12.96,0.96,15.04,3.04],"texture":"#0"},"east":{"uv":[12.96,0.96,15.04,3.04],"texture":"#0"}}},{"from":[8.0,10.0,8.0],"to":[11.0,10.5,9.5],"faces":{"up":{"uv":[4.96,0.96,7.04,3.04],"texture":"#0"},"north":{"uv":[4.96,0.96,7.04,3.04],"texture":"#0"},"east":{"uv":[4.96,0.96,7.04,3.04],"texture":"#0"}}},{"from":[8.0,11.5,11.5],"to":[11.0,12.0,12.0],"faces":{"up":{"uv":[4.96,0.96,7.04,3.04],"texture":"#0"},"north":{"uv":[4.96,0.96,7.04,3.04],"texture":"#0"},"south":{"uv":[4.96,0.96,7.04,3.04],"texture":"#0"},"east":{"uv":[4.96,0.96,7.04,3.04],"texture":"#0"}}},{"from":[8.0,11.5,12.0],"to":[10.5,12.0,12.5],"faces":{"south":{"uv":[4.96,0.96,7.04,3.04],"texture":"#0"},"east":{"uv":[4.96,0.96,7.04,3.04],"texture":"#0"}}},{"from":[8.0,12.0,11.5],"to":[10.5,14.0,12.0],"faces":{"up":{"uv":[8.96,0.96,11.04,3.04],"texture":"#0"},"north":{"uv":[8.96,0.96,11.04,3.04],"texture":"#0"},"south":{"uv":[8.96,0.96,11.04,3.04],"texture":"#0"},"east":{"uv":[8.96,0.96,11.04,3.04],"texture":"#0"}}},{"from":[8.0,12.5,5.5],"to":[10.0,13.0,6.5],"faces":{"down":{"uv":[12.96,0.96,15.04,3.04],"texture":"#0"},"up":{"uv":[12.96,0.96,15.04,3.04],"texture":"#0"},"north":{"uv":[12.96,0.96,15.04,3.04],"texture":"#0"},"west":{"uv":[12.96,0.96,15.04,3.04],"texture":"#0"},"east":{"uv":[12.96,0.96,15.04,3.04],"texture":"#0"}}},{"from":[8.0,13.0,5.5],"to":[9.0,13.5,6.5],"faces":{"up":{"uv":[12.96,0.96,15.04,3.04],"texture":"#0"},"north":{"uv":[12.96,0.96,15.04,3.04],"texture":"#0"},"west":{"uv":[12.96,0.96,15.04,3.04],"texture":"#0"},"east":{"uv":[12.96,0.96,15.04,3.04],"texture":"#0"}}},{"from":[8.0,14.0,11.5],"to":[9.5,14.5,12.0],"faces":{"south":{"uv":[8.96,0.96,11.04,3.04],"texture":"#0"}}},{"from":[8.0,15.0,8.0],"to":[10.0,15.5,8.5],"faces":{"up":{"uv":[8.96,0.96,11.04,3.04],"texture":"#0"},"north":{"uv":[8.96,0.96,11.04,3.04],"texture":"#0"},"east":{"uv":[8.96,0.96,11.04,3.04],"texture":"#0"}}},{"from":[8.0,15.5,8.5],"to":[9.5,16.0,9.0],"faces":{"up":{"uv":[8.96,0.96,11.04,3.04],"texture":"#0"},"north":{"uv":[8.96,0.96,11.04,3.04],"texture":"#0"},"east":{"uv":[8.96,0.96,11.04,3.04],"texture":"#0"}}},{"from":[8.5,10.0,7.5],"to":[11.0,10.5,8.0],"faces":{"north":{"uv":[4.96,0.96,7.04,3.04],"texture":"#0"},"east":{"uv":[4.96,0.96,7.04,3.04],"texture":"#0"}}},{"from":[8.5,11.5,5.0],"to":[10.0,12.0,5.5],"faces":{"up":{"uv":[12.96,0.96,15.04,3.04],"texture":"#0"},"north":{"uv":[12.96,0.96,15.04,3.04],"texture":"#0"},"east":{"uv":[12.96,0.96,15.04,3.04],"texture":"#0"}}},{"from":[8.5,12.0,5.5],"to":[10.5,12.5,6.0],"faces":{"up":{"uv":[12.96,0.96,15.04,3.04],"texture":"#0"},"north":{"uv":[12.96,0.96,15.04,3.04],"texture":"#0"},"east":{"uv":[12.96,0.96,15.04,3.04],"texture":"#0"}}},{"from":[8.5,14.0,12.0],"to":[9.5,14.5,12.5],"faces":{"down":{"uv":[0.96,8.96,3.04,11.04],"texture":"#0"},"up":{"uv":[0.96,8.96,3.04,11.04],"texture":"#0"},"south":{"uv":[0.96,8.96,3.04,11.04],"texture":"#0"},"east":{"uv":[0.96,8.96,3.04,11.04],"texture":"#0"}}},{"from":[9.0,13.0,6.0],"to":[10.5,13.5,6.5],"faces":{"down":{"uv":[12.96,0.96,15.04,3.04],"texture":"#0"},"up":{"uv":[12.96,0.96,15.04,3.04],"texture":"#0"},"north":{"uv":[12.96,0.96,15.04,3.04],"texture":"#0"},"east":{"uv":[12.96,0.96,15.04,3.04],"texture":"#0"}}},{"from":[9.0,13.0,12.0],"to":[10.5,14.0,12.5],"faces":{"up":{"uv":[0.96,8.96,3.04,11.04],"texture":"#0"},"south":{"uv":[0.96,8.96,3.04,11.04],"texture":"#0"},"east":{"uv":[0.96,8.96,3.04,11.04],"texture":"#0"}}},{"from":[9.5,11.0,10.5],"to":[11.0,11.5,11.0],"faces":{"up":{"uv":[4.96,0.96,7.04,3.04],"texture":"#0"},"north":{"uv":[4.96,0.96,7.04,3.04],"texture":"#0"},"east":{"uv":[4.96,0.96,7.04,3.04],"texture":"#0"}}},{"from":[9.5,11.5,11.0],"to":[11.0,12.0,11.5],"faces":{"up":{"uv":[4.96,0.96,7.04,3.04],"texture":"#0"},"north":{"uv":[4.96,0.96,7.04,3.04],"texture":"#0"},"east":{"uv":[4.96,0.96,7.04,3.04],"texture":"#0"}}},{"from":[9.5,12.0,11.0],"to":[10.5,14.5,11.5],"faces":{"up":{"uv":[8.96,0.96,11.04,3.04],"texture":"#0"},"south":{"uv":[8.96,0.96,11.04,3.04],"texture":"#0"},"east":{"uv":[8.96,0.96,11.04,3.04],"texture":"#0"}}},{"from":[9.5,13.5,6.5],"to":[10.5,14.0,7.0],"faces":{"up":{"uv":[12.96,0.96,15.04,3.04],"texture":"#0"},"north":{"uv":[12.96,0.96,15.04,3.04],"texture":"#0"},"east":{"uv":[12.96,0.96,15.04,3.04],"texture":"#0"}}},{"from":[9.5,14.0,11.5],"to":[10.5,14.5,12.0],"faces":{"up":{"uv":[0.96,8.96,3.04,11.04],"texture":"#0"},"south":{"uv":[0.96,8.96,3.04,11.04],"texture":"#0"}}},{"from":[9.5,14.5,11.5],"to":[10.0,15.0,12.0],"faces":{"up":{"uv":[0.96,8.96,3.04,11.04],"texture":"#0"},"south":{"uv":[0.96,8.96,3.04,11.04],"texture":"#0"}}},{"from":[9.5,15.0,10.5],"to":[10.0,15.5,11.5],"faces":{"down":{"uv":[0.96,8.96,3.04,11.04],"texture":"#0"},"up":{"uv":[0.96,8.96,3.04,11.04],"texture":"#0"},"south":{"uv":[0.96,8.96,3.04,11.04],"texture":"#0"},"west":{"uv":[0.96,8.96,3.04,11.04],"texture":"#0"},"east":{"uv":[0.96,8.96,3.04,11.04],"texture":"#0"}}},{"from":[10.0,10.5,8.0],"to":[11.0,11.0,9.5],"faces":{"up":{"uv":[4.96,0.96,7.04,3.04],"texture":"#0"},"west":{"uv":[4.96,0.96,7.04,3.04],"texture":"#0"},"east":{"uv":[4.96,0.96,7.04,3.04],"texture":"#0"}}},{"from":[10.0,11.0,8.0],"to":[11.0,13.0,9.0],"faces":{"up":{"uv":[8.96,0.96,11.04,3.04],"texture":"#0"},"north":{"uv":[8.96,0.96,11.04,3.04],"texture":"#0"},"south":{"uv":[8.96,0.96,11.04,3.04],"texture":"#0"},"east":{"uv":[8.96,0.96,11.04,3.04],"texture":"#0"}}},{"from":[10.0,12.5,6.0],"to":[10.5,13.0,6.5],"faces":{"north":{"uv":[12.96,0.96,15.04,3.04],"texture":"#0"},"east":{"uv":[12.96,0.96,15.04,3.04],"texture":"#0"}}},{"from":[10.0,14.0,7.0],"to":[10.5,14.5,7.5],"faces":{"up":{"uv":[12.96,0.96,15.04,3.04],"texture":"#0"},"north":{"uv":[12.96,0.96,15.04,3.04],"texture":"#0"},"east":{"uv":[12.96,0.96,15.04,3.04],"texture":"#0"}}},{"from":[10.0,14.5,11.0],"to":[10.5,15.0,12.0],"faces":{"down":{"uv":[4.96,8.96,7.04,11.04],"texture":"#0"},"up":{"uv":[4.96,8.96,7.04,11.04],"texture":"#0"},"south":{"uv":[4.96,8.96,7.04,11.04],"texture":"#0"},"west":{"uv":[4.96,8.96,7.04,11.04],"texture":"#0"},"east":{"uv":[4.96,8.96,7.04,11.04],"texture":"#0"}}},{"from":[10.0,15.0,9.5],"to":[10.5,15.5,10.0],"faces":{"up":{"uv":[0.96,8.96,3.04,11.04],"texture":"#0"}}},{"from":[10.0,15.0,10.0],"to":[10.5,15.5,10.5],"faces":{"up":{"uv":[8.96,0.96,11.04,3.04],"texture":"#0"}}},{"from":[10.0,15.0,10.5],"to":[10.5,15.5,11.0],"faces":{"up":{"uv":[4.96,8.96,7.04,11.04],"texture":"#0"},"south":{"uv":[4.96,8.96,7.04,11.04],"texture":"#0"},"east":{"uv":[4.96,8.96,7.04,11.04],"texture":"#0"}}},{"from":[10.5,10.0,5.0],"to":[11.0,10.5,6.0],"faces":{"down":{"uv":[8.96,0.96,11.04,3.04],"texture":"#0"},"up":{"uv":[8.96,0.96,11.04,3.04],"texture":"#0"},"north":{"uv":[8.96,0.96,11.04,3.04],"texture":"#0"},"west":{"uv":[8.96,0.96,11.04,3.04],"texture":"#0"},"east":{"uv":[8.96,0.96,11.04,3.04],"texture":"#0"}}},{"from":[10.5,10.0,6.0],"to":[11.0,10.5,7.5],"faces":{"east":{"uv":[4.96,0.96,7.04,3.04],"texture":"#0"}}},{"from":[10.5,11.0,9.0],"to":[11.0,12.0,9.5],"faces":{"south":{"uv":[4.96,0.96,7.04,3.04],"texture":"#0"},"east":{"uv":[4.96,0.96,7.04,3.04],"texture":"#0"}}},{"from":[10.5,11.0,9.5],"to":[11.0,11.5,10.5],"faces":{"east":{"uv":[4.96,0.96,7.04,3.04],"texture":"#0"}}},{"from":[10.5,11.5,10.5],"to":[11.0,12.0,11.0],"faces":{"east":{"uv":[4.96,0.96,7.04,3.04],"texture":"#0"}}},{"from":[10.5,12.0,11.0],"to":[11.0,12.5,12.0],"faces":{"down":{"uv":[4.96,0.96,7.04,3.04],"texture":"#0"},"up":{"uv":[4.96,0.96,7.04,3.04],"texture":"#0"},"west":{"uv":[4.96,0.96,7.04,3.04],"texture":"#0"},"east":{"uv":[4.96,0.96,7.04,3.04],"texture":"#0"}}},{"from":[10.5,12.5,11.0],"to":[11.0,14.5,11.5],"faces":{"south":{"uv":[8.96,0.96,11.04,3.04],"texture":"#0"},"east":{"uv":[8.96,0.96,11.04,3.04],"texture":"#0"}}},{"from":[10.5,12.5,11.5],"to":[11.0,13.0,12.0],"faces":{"east":{"uv":[4.96,0.96,7.04,3.04],"texture":"#0"}}},{"from":[10.5,13.0,11.5],"to":[11.0,14.0,12.0],"faces":{"south":{"uv":[0.96,8.96,3.04,11.04],"texture":"#0"},"east":{"uv":[0.96,8.96,3.04,11.04],"texture":"#0"}}},{"from":[10.5,14.0,11.5],"to":[11.0,14.5,12.0],"faces":{"up":{"uv":[4.96,8.96,7.04,11.04],"texture":"#0"},"south":{"uv":[4.96,8.96,7.04,11.04],"texture":"#0"},"east":{"uv":[4.96,8.96,7.04,11.04],"texture":"#0"}}},{"from":[10.5,14.5,8.5],"to":[11.0,15.0,9.0],"faces":{"up":{"uv":[8.96,0.96,11.04,3.04],"texture":"#0"},"east":{"uv":[8.96,0.96,11.04,3.04],"texture":"#0"}}},{"from":[10.5,14.5,10.5],"to":[11.0,15.0,11.5],"faces":{"down":{"uv":[4.96,4.96,7.04,7.04],"texture":"#0"},"up":{"uv":[4.96,4.96,7.04,7.04],"texture":"#0"},"south":{"uv":[4.96,4.96,7.04,7.04],"texture":"#0"},"west":{"uv":[4.96,4.96,7.04,7.04],"texture":"#0"},"east":{"uv":[4.96,4.96,7.04,7.04],"texture":"#0"}}},{"from":[10.5,15.0,9.0],"to":[11.0,15.5,10.0],"faces":{"down":{"uv":[4.96,8.96,7.04,11.04],"texture":"#0"},"up":{"uv":[4.96,8.96,7.04,11.04],"texture":"#0"},"north":{"uv":[4.96,8.96,7.04,11.04],"texture":"#0"},"west":{"uv":[4.96,8.96,7.04,11.04],"texture":"#0"},"east":{"uv":[4.96,8.96,7.04,11.04],"texture":"#0"}}},{"from":[10.5,15.0,10.0],"to":[11.0,15.5,10.5],"faces":{"up":{"uv":[4.96,4.96,7.04,7.04],"texture":"#0"},"south":{"uv":[4.96,4.96,7.04,7.04],"texture":"#0"},"east":{"uv":[4.96,4.96,7.04,7.04],"texture":"#0"}}},{"from":[11.0,12.0,9.0],"to":[11.5,12.5,9.5],"faces":{"down":{"uv":[4.96,4.96,7.04,7.04],"texture":"#0"},"north":{"uv":[4.96,4.96,7.04,7.04],"texture":"#0"},"east":{"uv":[4.96,4.96,7.04,7.04],"texture":"#0"}}},{"from":[11.0,12.0,10.5],"to":[11.5,14.0,11.0],"faces":{"down":{"uv":[4.96,4.96,7.04,7.04],"texture":"#0"},"up":{"uv":[4.96,4.96,7.04,7.04],"texture":"#0"},"north":{"uv":[4.96,4.96,7.04,7.04],"texture":"#0"},"south":{"uv":[4.96,4.96,7.04,7.04],"texture":"#0"},"east":{"uv":[4.96,4.96,7.04,7.04],"texture":"#0"}}},{"from":[11.0,12.5,9.5],"to":[11.5,13.0,10.5],"faces":{"east":{"uv":[4.96,4.96,7.04,7.04],"texture":"#0"}}},{"from":[11.0,13.0,9.0],"to":[11.5,14.0,9.5],"faces":{"up":{"uv":[12.96,4.96,15.04,7.04],"texture":"#0"},"north":{"uv":[12.96,4.96,15.04,7.04],"texture":"#0"},"south":{"uv":[12.96,4.96,15.04,7.04],"texture":"#0"},"west":{"uv":[12.96,4.96,15.04,7.04],"texture":"#0"},"east":{"uv":[12.96,4.96,15.04,7.04],"texture":"#0"}}},{"from":[11.0,13.0,9.5],"to":[11.5,13.5,10.5],"faces":{"up":{"uv":[8.96,4.96,11.04,7.04],"texture":"#0"},"east":{"uv":[8.96,4.96,11.04,7.04],"texture":"#0"}}},{"from":[11.0,13.5,10.0],"to":[11.5,14.0,10.5],"faces":{"east":{"uv":[8.96,4.96,11.04,7.04],"texture":"#0"}}},{"from":[11.0,14.0,10.0],"to":[11.5,14.5,10.5],"faces":{"up":{"uv":[12.96,4.96,15.04,7.04],"texture":"#0"},"south":{"uv":[12.96,4.96,15.04,7.04],"texture":"#0"},"east":{"uv":[12.96,4.96,15.04,7.04],"texture":"#0"}}}],"textures":{"0":"de6a5e4c-b7c1-4075-bf39-768fda94e773"}}