{"display":{"thirdperson_righthand":{"rotation":[-52.0,0.0,0.0],"translation":[0.0,-4.54,0.56],"scale":[0.75,0.75,0.75]},"thirdperson_lefthand":{"rotation":[-52.0,-180.0,0.0],"translation":[0.0,-4.54,0.56],"scale":[0.75,0.75,0.75]},"firstperson_righthand":{"rotation":[0.0,16.0,0.0],"translation":[4.54,-3.59,-7.37]},"firstperson_lefthand":{"rotation":[0.0,-176.0,0.0],"translation":[4.54,-3.59,-7.37]},"gui":{"rotation":[-16.0,67.0,30.0],"translation":[0.38,-1.51,0.0],"scale":[0.65,0.65,0.65]},"head":{"rotation":[0.0,-90.0,0.0],"translation":[0.0,-6.24,0.0],"scale":[1.6,1.6,1.6]},"ground":{"translation":[0.0,3.21,0.0],"scale":[0.5,0.5,0.5]},"fixed":{"rotation":[0.0,-90.0,0.0],"translation":[0.0,-2.27,0.0],"scale":[0.75,0.75,0.75]}},"elements":[{"from":[3.0,15.0,3.0],"to":[5.0,16.0,13.0],"faces":{"down":{"uv":[3.75,0.0,4.25,2.5],"texture":"#0"},"up":{"uv":[3.75,0.0,4.25,2.5],"texture":"#0"},"north":{"uv":[4.25,0.0,3.75,0.25],"texture":"#0"},"south":{"uv":[3.75,2.25,4.25,2.5],"texture":"#0"},"west":{"uv":[3.75,0.0,4.0,2.5],"texture":"#0","rotation":90},"east":{"uv":[4.0,0.0,4.25,2.5],"texture":"#0","rotation":90}}},{"from":[3.0,16.0,7.0],"to":[4.0,18.0,9.0],"faces":{"up":{"uv":[6.25,3.0,6.75,3.25],"texture":"#0","rotation":90},"north":{"uv":[6.25,3.0,6.5,3.5],"texture":"#0"},"south":{"uv":[6.5,3.0,6.75,3.5],"texture":"#0"},"west":{"uv":[6.25,3.0,6.75,3.5],"texture":"#0"}}},{"from":[2.0,19.0,7.0],"to":[3.0,20.0,9.0],"faces":{"down":{"uv":[6.75,2.5,6.25,2.75],"texture":"#0","rotation":90},"up":{"uv":[6.25,2.5,6.75,2.75],"texture":"#0","rotation":90},"north":{"uv":[6.25,2.5,6.5,2.75],"texture":"#0"},"south":{"uv":[6.5,2.5,6.75,2.75],"texture":"#0"},"west":{"uv":[6.25,2.5,6.75,2.75],"texture":"#0"},"east":{"uv":[6.75,2.5,6.25,2.75],"texture":"#0"}}},{"from":[4.0,15.0,4.0],"to":[12.0,19.0,12.0],"faces":{"down":{"uv":[6.0,0.25,8.0,2.25],"texture":"#0"},"up":{"uv":[4.0,0.25,6.0,2.25],"texture":"#0"},"north":{"uv":[2.25,2.5,4.25,3.5],"texture":"#0"},"south":{"uv":[2.25,2.5,4.25,3.5],"texture":"#0"},"west":{"uv":[2.25,2.5,4.25,3.5],"texture":"#0"},"east":{"uv":[2.25,2.5,4.25,3.5],"texture":"#0"}}},{"from":[12.0,8.0,4.0],"to":[13.0,15.0,12.0],"faces":{"down":{"uv":[2.25,6.25,4.25,6.5],"texture":"#0","rotation":90},"west":{"uv":[2.25,4.75,4.25,6.5],"texture":"#0"},"east":{"uv":[2.25,4.75,4.25,6.5],"texture":"#0"}}},{"from":[12.0,5.0,5.0],"to":[13.0,8.0,11.0],"faces":{"down":{"uv":[2.5,7.0,4.0,7.25],"texture":"#0","rotation":90},"north":{"uv":[2.5,6.5,2.75,7.25],"texture":"#0"},"south":{"uv":[3.75,6.5,4.0,7.25],"texture":"#0"},"west":{"uv":[2.5,6.5,4.0,7.25],"texture":"#0"},"east":{"uv":[2.5,6.5,4.0,7.25],"texture":"#0"}}},{"from":[12.0,0.0,7.0],"to":[13.0,5.0,9.0],"faces":{"down":{"uv":[3.0,8.25,3.5,8.5],"texture":"#0"},"north":{"uv":[3.0,7.25,3.5,8.5],"texture":"#0"},"south":{"uv":[3.0,7.25,3.5,8.5],"texture":"#0"},"west":{"uv":[3.0,7.25,3.5,8.5],"texture":"#0"},"east":{"uv":[3.0,7.25,3.5,8.5],"texture":"#0"}}},{"from":[4.0,2.0,2.0],"to":[5.0,9.0,4.0],"faces":{"down":{"uv":[0.5,1.5,0.0,1.75],"texture":"#0","rotation":270},"north":{"uv":[0.25,0.0,0.5,1.75],"texture":"#0"},"south":{"uv":[0.0,0.0,0.25,1.75],"texture":"#0"},"west":{"uv":[0.5,0.0,0.0,1.75],"texture":"#0"},"east":{"uv":[0.0,0.0,0.5,1.75],"texture":"#0"}}},{"from":[4.0,9.0,1.0],"to":[10.0,13.0,4.0],"faces":{"down":{"uv":[1.5,2.75,0.0,3.5],"texture":"#0"},"up":{"uv":[0.75,0.0,2.25,0.75],"texture":"#0"},"north":{"uv":[0.75,1.75,2.25,2.75],"texture":"#0"},"south":{"uv":[2.25,0.75,0.75,1.75],"texture":"#0"},"west":{"uv":[0.0,1.75,0.75,2.75],"texture":"#0"},"east":{"uv":[0.75,1.75,1.0,2.75],"texture":"#0"}}},{"from":[5.0,13.0,2.0],"to":[11.0,17.0,4.0],"faces":{"down":{"uv":[2.25,0.25,2.5,0.5],"texture":"#0"},"up":{"uv":[1.5,4.0,0.0,3.5],"texture":"#0"},"north":{"uv":[2.25,1.0,3.75,2.0],"texture":"#0"},"south":{"uv":[4.5,2.5,6.0,3.5],"texture":"#0"},"west":{"uv":[2.25,0.0,2.75,1.0],"texture":"#0"},"east":{"uv":[2.25,1.0,2.5,2.0],"texture":"#0"}}},{"from":[13.0,5.0,7.0],"to":[14.0,17.0,9.0],"faces":{"down":{"uv":[0.0,7.0,0.5,7.25],"texture":"#0","rotation":90},"up":{"uv":[0.5,4.25,0.0,4.5],"texture":"#0","rotation":90},"north":{"uv":[0.25,4.25,0.5,7.25],"texture":"#0"},"south":{"uv":[0.0,4.25,0.25,7.25],"texture":"#0"},"west":{"uv":[0.5,4.25,0.0,7.25],"texture":"#0"},"east":{"uv":[0.0,4.25,0.5,7.25],"texture":"#0"}}},{"from":[2.0,18.0,6.0],"to":[3.0,19.0,7.0],"faces":{"down":{"uv":[6.0,2.75,6.25,3.0],"texture":"#0"},"up":{"uv":[6.0,2.75,6.25,3.0],"texture":"#0"},"north":{"uv":[6.0,2.75,6.25,3.0],"texture":"#0"},"south":{"uv":[6.0,2.75,6.25,3.0],"texture":"#0"},"west":{"uv":[6.0,2.75,6.25,3.0],"texture":"#0"},"east":{"uv":[6.0,2.75,6.25,3.0],"texture":"#0"}}},{"from":[2.0,18.0,9.0],"to":[3.0,19.0,10.0],"faces":{"down":{"uv":[6.75,2.75,7.0,3.0],"texture":"#0"},"up":{"uv":[6.75,2.75,7.0,3.0],"texture":"#0"},"north":{"uv":[6.75,2.75,7.0,3.0],"texture":"#0"},"south":{"uv":[6.75,2.75,7.0,3.0],"texture":"#0"},"west":{"uv":[6.75,2.75,7.0,3.0],"texture":"#0"},"east":{"uv":[6.75,2.75,7.0,3.0],"texture":"#0"}}},{"from":[4.0,2.0,12.0],"to":[5.0,9.0,14.0],"faces":{"down":{"uv":[0.0,1.5,0.5,1.75],"texture":"#0","rotation":270},"north":{"uv":[0.0,0.0,0.25,1.75],"texture":"#0"},"south":{"uv":[0.25,0.0,0.5,1.75],"texture":"#0"},"west":{"uv":[0.0,0.0,0.5,1.75],"texture":"#0"},"east":{"uv":[0.5,0.0,0.0,1.75],"texture":"#0"}}},{"from":[4.0,9.0,12.0],"to":[10.0,13.0,15.0],"faces":{"down":{"uv":[1.5,2.75,0.0,3.5],"texture":"#0"},"up":{"uv":[0.75,0.75,2.25,0.0],"texture":"#0"},"north":{"uv":[0.75,0.75,2.25,1.75],"texture":"#0"},"south":{"uv":[2.25,1.75,0.75,2.75],"texture":"#0"},"west":{"uv":[0.75,1.75,0.0,2.75],"texture":"#0"},"east":{"uv":[0.75,1.75,1.0,2.75],"texture":"#0"}}},{"from":[5.0,13.0,12.0],"to":[11.0,17.0,14.0],"faces":{"down":{"uv":[2.25,0.25,2.5,0.5],"texture":"#0"},"up":{"uv":[1.5,3.5,0.0,4.0],"texture":"#0"},"north":{"uv":[6.0,2.5,4.5,3.5],"texture":"#0"},"south":{"uv":[3.75,1.0,2.25,2.0],"texture":"#0"},"west":{"uv":[2.75,0.0,2.25,1.0],"texture":"#0"},"east":{"uv":[2.25,1.0,2.5,2.0],"texture":"#0"}}},{"from":[11.0,8.0,3.0],"to":[13.0,17.0,4.0],"faces":{"down":{"uv":[0.75,6.25,1.25,6.5],"texture":"#0","rotation":90},"up":{"uv":[0.75,4.25,1.25,4.5],"texture":"#0","rotation":180},"north":{"uv":[0.75,4.25,1.25,6.5],"texture":"#0"},"south":{"uv":[1.0,4.5,1.25,4.75],"texture":"#0"},"west":{"uv":[1.0,4.25,1.25,6.5],"texture":"#0"},"east":{"uv":[0.75,4.25,1.0,6.5],"texture":"#0"}}},{"from":[6.0,17.0,3.0],"to":[11.0,18.0,4.0],"faces":{"up":{"uv":[5.5,0.5,4.25,0.75],"texture":"#0"},"north":{"uv":[4.25,0.5,5.5,0.75],"texture":"#0"},"west":{"uv":[5.25,0.5,5.5,0.75],"texture":"#0"},"east":{"uv":[4.25,0.5,4.5,0.75],"texture":"#0"}}},{"from":[11.0,8.0,12.0],"to":[13.0,17.0,13.0],"faces":{"down":{"uv":[0.75,6.25,1.25,6.5],"texture":"#0","rotation":90},"up":{"uv":[0.75,4.25,1.25,4.5],"texture":"#0","rotation":180},"north":{"uv":[1.0,4.5,1.25,4.75],"texture":"#0"},"south":{"uv":[1.25,4.25,0.75,6.5],"texture":"#0"},"west":{"uv":[1.0,4.25,1.25,6.5],"texture":"#0"},"east":{"uv":[0.75,4.25,1.0,6.5],"texture":"#0"}}},{"from":[6.0,17.0,12.0],"to":[11.0,18.0,13.0],"faces":{"up":{"uv":[5.5,0.5,4.25,0.75],"texture":"#0"},"south":{"uv":[5.5,0.5,4.25,0.75],"texture":"#0"},"west":{"uv":[5.25,0.5,5.5,0.75],"texture":"#0"},"east":{"uv":[4.25,0.5,4.5,0.75],"texture":"#0"}}},{"from":[3.0,14.0,6.0],"to":[4.0,15.0,10.0],"faces":{"down":{"uv":[3.75,0.5,4.0,0.75],"texture":"#0"},"north":{"uv":[3.75,0.25,4.0,0.5],"texture":"#0"},"south":{"uv":[3.75,0.25,4.0,0.5],"texture":"#0"},"west":{"uv":[3.75,0.25,4.0,0.5],"texture":"#0"},"east":{"uv":[3.75,0.25,4.0,0.5],"texture":"#0"}}},{"from":[12.0,15.0,4.0],"to":[13.0,18.0,12.0],"faces":{"up":{"uv":[2.25,3.75,4.25,4.0],"texture":"#0","rotation":90},"north":{"uv":[2.25,3.75,2.5,4.5],"texture":"#0"},"south":{"uv":[4.0,3.75,4.25,4.5],"texture":"#0"},"east":{"uv":[2.25,3.75,4.25,4.5],"texture":"#0"}}},{"from":[10.0,9.0,2.0],"to":[11.0,13.0,4.0],"faces":{"down":{"uv":[2.25,1.75,2.5,2.0],"texture":"#0"},"north":{"uv":[2.25,1.0,2.5,2.0],"texture":"#0"},"south":{"uv":[2.25,1.25,2.5,1.5],"texture":"#0"},"east":{"uv":[2.25,1.0,2.5,2.0],"texture":"#0"}}},{"from":[10.0,9.0,12.0],"to":[11.0,13.0,14.0],"faces":{"down":{"uv":[2.25,1.75,2.5,2.0],"texture":"#0"},"north":{"uv":[2.25,1.25,2.5,1.5],"texture":"#0"},"south":{"uv":[2.25,1.0,2.5,2.0],"texture":"#0"},"east":{"uv":[2.25,1.0,2.5,2.0],"texture":"#0"}}},{"from":[5.0,19.0,5.0],"to":[11.0,20.0,11.0],"faces":{"up":{"uv":[4.25,0.5,5.75,2.0],"texture":"#0"},"north":{"uv":[4.25,0.5,5.75,0.75],"texture":"#0"},"south":{"uv":[4.25,1.75,5.75,2.0],"texture":"#0"},"west":{"uv":[4.25,0.5,5.75,0.75],"texture":"#0"},"east":{"uv":[4.25,1.75,5.75,2.0],"texture":"#0"}}},{"from":[2.5,18.0,7.0],"to":[3.0,19.0,9.0],"faces":{"down":{"uv":[0.5,7.5,0.0,7.75],"texture":"#0","rotation":90},"west":{"uv":[0.0,7.5,0.5,7.75],"texture":"#0"},"east":{"uv":[0.5,7.5,0.0,7.75],"texture":"#0"}}}],"textures":{"0":"da8efe6d-bccc-468f-8add-aa694b62a069"}}