{"display":{"thirdperson_righthand":{"rotation":[0.0,-90.0,0.0],"translation":[2.75,-1.0,0.75]},"thirdperson_lefthand":{"rotation":[0.0,-90.0,0.0],"translation":[2.75,-1.0,0.75]},"firstperson_righthand":{"rotation":[0.0,0.0,10.0],"translation":[0.5,0.25,0.0]},"firstperson_lefthand":{"rotation":[0.0,0.0,10.0],"translation":[0.5,0.25,0.0]},"ground":{"rotation":[45.0,0.0,0.0],"translation":[0.0,10.75,0.0]},"gui":{"rotation":[0.0,180.0,-45.0],"scale":[0.67773,0.67773,0.67773]},"fixed":{"translation":[0.0,1.0,-3.25],"scale":[1.5,1.5,1.5]}},"elements":[{"from":[10.34062,4.44938,9.445],"to":[11.55062,5.65938,10.655],"rotation":{"origin":[8.0,8.0,8.0],"axis":"z","angle":-45.0},"faces":{"north":{"uv":[8.57143,12.57143,9.28571,13.28571],"texture":"#3"},"east":{"uv":[4.57143,12.57143,5.28571,13.28571],"texture":"#3"},"south":{"uv":[5.71429,12.57143,6.42857,13.28571],"texture":"#3"},"west":{"uv":[12.57143,7.42857,13.28571,8.14286],"texture":"#3"},"up":{"uv":[13.28571,9.28571,12.57143,8.57143],"texture":"#3","rotation":90},"down":{"uv":[10.42857,12.57143,9.71429,13.28571],"texture":"#3","rotation":270}}},{"from":[8.8688,8.8688,9.445],"to":[10.0788,10.0788,10.655],"rotation":{"origin":[8.0,8.0,8.0],"axis":"z","angle":45.0},"faces":{"north":{"uv":[13.14286,0.0,13.85714,0.71429],"texture":"#3"},"east":{"uv":[12.57143,10.85714,13.28571,11.57143],"texture":"#3"},"south":{"uv":[12.0,12.57143,12.71429,13.28571],"texture":"#3"},"west":{"uv":[0.0,13.14286,0.71429,13.85714],"texture":"#3"},"up":{"uv":[13.85714,1.85714,13.14286,1.14286],"texture":"#3","rotation":90},"down":{"uv":[3.0,13.14286,2.28571,13.85714],"texture":"#3","rotation":270}}},{"from":[9.0688,9.0688,7.145],"to":[9.8788,9.8788,10.855],"rotation":{"origin":[8.0,8.0,8.0],"axis":"z","angle":45.0},"faces":{"north":{"uv":[8.57143,13.71429,9.0,14.14286],"texture":"#3","rotation":180},"east":{"uv":[10.28571,8.57143,12.42857,9.0],"texture":"#3","rotation":180},"south":{"uv":[13.71429,8.0,14.14286,8.42857],"texture":"#3","rotation":180},"west":{"uv":[10.28571,8.0,12.42857,8.42857],"texture":"#3","rotation":180},"up":{"uv":[12.42857,9.71429,10.28571,10.14286],"texture":"#3","rotation":90},"down":{"uv":[12.42857,9.57143,10.28571,9.14286],"texture":"#3","rotation":270}}},{"from":[4.64938,4.64938,7.145],"to":[5.45938,5.45938,10.855],"rotation":{"origin":[8.0,8.0,8.0],"axis":"z","angle":45.0},"faces":{"north":{"uv":[8.57143,13.71429,9.0,14.14286],"texture":"#3"},"east":{"uv":[10.28571,8.0,12.42857,8.42857],"texture":"#3"},"south":{"uv":[13.71429,8.0,14.14286,8.42857],"texture":"#3"},"west":{"uv":[10.28571,8.57143,12.42857,9.0],"texture":"#3"},"up":{"uv":[12.42857,9.57143,10.28571,9.14286],"texture":"#3","rotation":90},"down":{"uv":[12.42857,9.71429,10.28571,10.14286],"texture":"#3","rotation":270}}},{"from":[7.5,4.08426,9.55],"to":[8.5,5.08426,10.55],"rotation":{"origin":[8.0,8.0,8.0],"axis":"y","angle":0.0},"faces":{"north":{"uv":[13.14286,4.57143,13.71429,5.14286],"texture":"#3"},"east":{"uv":[8.57143,4.57143,9.14286,5.14286],"texture":"#3"},"south":{"uv":[12.0,7.42857,12.57143,8.0],"texture":"#3"},"west":{"uv":[12.57143,3.42857,13.14286,4.0],"texture":"#3"},"up":{"uv":[13.71429,5.71429,13.14286,5.14286],"texture":"#3","rotation":90},"down":{"uv":[13.71429,5.71429,13.14286,6.28571],"texture":"#3","rotation":270}}},{"from":[7.5,7.88426,9.55],"to":[8.5,9.88426,10.55],"rotation":{"origin":[8.0,8.0,8.0],"axis":"y","angle":0.0},"faces":{"north":{"uv":[12.0,2.85714,12.57143,4.0],"texture":"#3"},"east":{"uv":[12.0,1.71429,12.57143,2.85714],"texture":"#3"},"south":{"uv":[2.28571,12.0,2.85714,13.14286],"texture":"#3"},"west":{"uv":[2.85714,12.0,3.42857,13.14286],"texture":"#3"},"down":{"uv":[13.71429,6.28571,13.14286,6.85714],"texture":"#3","rotation":270}}},{"from":[7.6,5.08426,9.65],"to":[8.4,7.88426,10.45],"rotation":{"origin":[8.0,8.0,8.0],"axis":"y","angle":0.0},"faces":{"north":{"uv":[1.71429,12.0,2.14286,13.57143],"texture":"#3"},"east":{"uv":[10.85714,3.42857,11.28571,5.0],"texture":"#3"},"south":{"uv":[12.0,0.0,12.42857,1.57143],"texture":"#3"},"west":{"uv":[1.14286,12.0,1.57143,13.57143],"texture":"#3"}}},{"from":[12.5245,12.5245,6.45],"to":[14.5245,14.5245,7.65],"rotation":{"origin":[8.0,8.0,8.0],"axis":"z","angle":45.0},"faces":{"north":{"uv":[9.14286,1.71429,10.28571,2.85714],"texture":"#3"},"east":{"uv":[10.28571,10.28571,11.0,11.42857],"texture":"#3"},"south":{"uv":[8.57143,8.57143,9.71429,9.71429],"texture":"#3"},"west":{"uv":[10.85714,0.0,11.57143,1.14286],"texture":"#3"},"up":{"uv":[11.57143,2.28571,10.85714,1.14286],"texture":"#3","rotation":90},"down":{"uv":[11.57143,2.28571,10.85714,3.42857],"texture":"#3","rotation":270}}},{"from":[12.7245,12.7245,6.25],"to":[14.3245,14.3245,7.85],"rotation":{"origin":[8.0,8.0,8.0],"axis":"z","angle":45.0},"faces":{"north":{"uv":[11.42857,10.28571,12.28571,11.14286],"texture":"#3"},"east":{"uv":[10.85714,6.28571,11.71429,7.14286],"texture":"#3"},"south":{"uv":[8.57143,11.42857,9.42857,12.28571],"texture":"#3"},"west":{"uv":[9.71429,11.42857,10.57143,12.28571],"texture":"#3"},"up":{"uv":[11.71429,12.28571,10.85714,11.42857],"texture":"#3","rotation":90},"down":{"uv":[0.85714,12.0,0.0,12.85714],"texture":"#3","rotation":270}}},{"from":[8.75,15.06282,6.05],"to":[9.75,18.06282,8.05],"rotation":{"origin":[8.0,8.0,8.0],"axis":"y","angle":0.0},"faces":{"north":{"uv":[9.14286,6.85714,9.71429,8.57143],"texture":"#3"},"east":{"uv":[8.0,5.14286,9.14286,6.85714],"texture":"#3"},"south":{"uv":[9.14286,5.14286,9.71429,6.85714],"texture":"#3"},"west":{"uv":[8.0,6.85714,9.14286,8.57143],"texture":"#3"},"up":{"uv":[12.0,8.0,10.85714,7.42857],"texture":"#3","rotation":90},"down":{"uv":[4.57143,12.0,3.42857,12.57143],"texture":"#3","rotation":270}}},{"from":[15.35292,13.87805,6.051],"to":[16.35292,14.87805,8.049],"rotation":{"origin":[8.0,8.0,8.0],"axis":"z","angle":45.0},"faces":{"north":{"uv":[13.14286,6.85714,13.71429,7.42857],"texture":"#3"},"east":{"uv":[12.0,4.0,13.14286,4.57143],"texture":"#3"},"south":{"uv":[6.85714,13.14286,7.42857,13.71429],"texture":"#3"},"west":{"uv":[4.57143,12.0,5.71429,12.57143],"texture":"#3"},"up":{"uv":[13.14286,5.14286,12.0,4.57143],"texture":"#3","rotation":90}}},{"from":[13.5245,11.46383,6.051],"to":[14.5245,12.46383,8.049],"rotation":{"origin":[8.0,8.0,8.0],"axis":"z","angle":45.0},"faces":{"north":{"uv":[13.14286,12.57143,13.71429,13.14286],"texture":"#3"},"east":{"uv":[12.0,5.14286,13.14286,5.71429],"texture":"#3"},"south":{"uv":[7.42857,13.14286,8.0,13.71429],"texture":"#3"},"west":{"uv":[5.71429,12.0,6.85714,12.57143],"texture":"#3"},"down":{"uv":[13.14286,5.71429,12.0,6.28571],"texture":"#3","rotation":270}}},{"from":[6.24353,15.70854,6.55],"to":[8.24353,16.70854,7.55],"rotation":{"origin":[8.0,8.0,8.0],"axis":"z","angle":-22.5},"faces":{"north":{"uv":[12.0,6.85714,13.14286,7.42857],"texture":"#3"},"east":{"uv":[13.14286,13.14286,13.71429,13.71429],"texture":"#3"},"south":{"uv":[12.0,6.28571,13.14286,6.85714],"texture":"#3"},"west":{"uv":[1.14286,13.71429,1.71429,14.28571],"texture":"#3"},"up":{"uv":[12.57143,12.57143,12.0,11.42857],"texture":"#3","rotation":90},"down":{"uv":[13.14286,0.0,12.57143,1.14286],"texture":"#3","rotation":270}}},{"from":[13.62296,13.27856,6.551],"to":[16.62296,14.27856,7.549],"rotation":{"origin":[8.0,8.0,8.0],"axis":"z","angle":22.5},"faces":{"north":{"uv":[9.71429,5.71429,11.42857,6.28571],"texture":"#3"},"east":{"uv":[1.71429,13.71429,2.28571,14.28571],"texture":"#3"},"south":{"uv":[9.71429,5.14286,11.42857,5.71429],"texture":"#3"},"up":{"uv":[10.28571,8.0,9.71429,6.28571],"texture":"#3","rotation":90},"down":{"uv":[10.28571,8.0,9.71429,9.71429],"texture":"#3","rotation":270}}},{"from":[14.37296,14.27856,6.8],"to":[14.87296,15.27856,7.3],"rotation":{"origin":[8.0,8.0,8.0],"axis":"z","angle":22.5},"faces":{"north":{"uv":[9.71429,13.71429,10.0,14.28571],"texture":"#3"},"east":{"uv":[13.71429,8.57143,14.0,9.14286],"texture":"#3"},"south":{"uv":[9.14286,13.71429,9.42857,14.28571],"texture":"#3"},"west":{"uv":[13.71429,9.14286,14.0,9.71429],"texture":"#3"},"up":{"uv":[14.57143,0.85714,14.28571,0.57143],"texture":"#3","rotation":90}}},{"from":[7.71321,17.28164,6.801],"to":[9.13821,18.00664,7.299],"rotation":{"origin":[8.0,8.0,8.0],"axis":"z","angle":-22.5},"faces":{"north":{"uv":[13.14286,4.0,14.0,4.42857],"texture":"#3"},"east":{"uv":[0.57143,14.28571,0.85714,14.71429],"texture":"#3"},"south":{"uv":[12.57143,12.0,13.42857,12.42857],"texture":"#3"},"up":{"uv":[14.0,6.57143,13.71429,5.71429],"texture":"#3","rotation":90}}},{"from":[-0.08516,13.08516,6.55],"to":[2.91484,16.08516,7.55],"rotation":{"origin":[8.0,8.0,8.0],"axis":"z","angle":-45.0},"faces":{"north":{"uv":[6.85714,3.42857,8.57143,5.14286],"texture":"#3"},"east":{"uv":[8.57143,9.71429,9.14286,11.42857],"texture":"#3"},"south":{"uv":[6.85714,1.71429,8.57143,3.42857],"texture":"#3"},"west":{"uv":[9.14286,9.71429,9.71429,11.42857],"texture":"#3"},"up":{"uv":[10.28571,11.42857,9.71429,9.71429],"texture":"#3","rotation":90},"down":{"uv":[10.85714,1.71429,10.28571,3.42857],"texture":"#3","rotation":270}}},{"from":[8.23591,5.76409,6.55],"to":[10.23591,7.76409,7.55],"rotation":{"origin":[8.0,8.0,8.0],"axis":"z","angle":-45.0},"faces":{"north":{"uv":[9.14286,4.0,10.28571,5.14286],"texture":"#3"},"east":{"uv":[12.57143,1.14286,13.14286,2.28571],"texture":"#3"},"south":{"uv":[9.14286,2.85714,10.28571,4.0],"texture":"#3"},"west":{"uv":[12.57143,2.28571,13.14286,3.42857],"texture":"#3"},"up":{"uv":[4.0,13.71429,3.42857,12.57143],"texture":"#3","rotation":90},"down":{"uv":[4.57143,12.57143,4.0,13.71429],"texture":"#3","rotation":270}}},{"from":[13.99277,0.70723,6.75],"to":[15.29277,2.00723,7.35],"rotation":{"origin":[8.0,8.0,8.0],"axis":"z","angle":-45.0},"faces":{"north":{"uv":[10.85714,12.57143,11.57143,13.28571],"texture":"#3"},"east":{"uv":[6.28571,13.71429,6.57143,14.42857],"texture":"#3"},"south":{"uv":[12.57143,9.71429,13.28571,10.42857],"texture":"#3"},"west":{"uv":[6.85714,13.71429,7.14286,14.42857],"texture":"#3"},"up":{"uv":[14.0,7.57143,13.71429,6.85714],"texture":"#3","rotation":90},"down":{"uv":[7.71429,13.71429,7.42857,14.42857],"texture":"#3","rotation":270}}},{"from":[14.21599,1.90533,6.801],"to":[15.21599,2.90533,7.299],"rotation":{"origin":[8.0,8.0,8.0],"axis":"z","angle":-45.0},"faces":{"north":{"uv":[13.71429,2.85714,14.28571,3.42857],"texture":"#3"},"east":{"uv":[13.71429,9.71429,14.0,10.28571],"texture":"#3"},"south":{"uv":[13.71429,2.28571,14.28571,2.85714],"texture":"#3"},"west":{"uv":[10.28571,13.71429,10.57143,14.28571],"texture":"#3"}}},{"from":[8.5,-0.70495,6.8],"to":[9.5,4.29505,7.3],"rotation":{"origin":[8.0,8.0,8.0],"axis":"x","angle":0.0},"faces":{"north":{"uv":[8.0,8.57143,8.57143,11.42857],"texture":"#3"},"east":{"uv":[11.42857,3.42857,11.71429,6.28571],"texture":"#3"},"south":{"uv":[8.57143,1.71429,9.14286,4.57143],"texture":"#3"},"west":{"uv":[8.0,11.42857,8.28571,14.28571],"texture":"#3"},"up":{"uv":[14.0,10.85714,13.71429,10.28571],"texture":"#3","rotation":90},"down":{"uv":[11.14286,13.71429,10.85714,14.28571],"texture":"#3","rotation":270}}},{"from":[10.97335,5.73376,6.801],"to":[11.97335,6.73376,7.299],"rotation":{"origin":[8.0,8.0,8.0],"axis":"z","angle":-45.0},"faces":{"north":{"uv":[13.71429,3.42857,14.28571,4.0],"texture":"#3"},"east":{"uv":[13.71429,10.85714,14.0,11.42857],"texture":"#3"},"south":{"uv":[3.42857,13.71429,4.0,14.28571],"texture":"#3"},"west":{"uv":[11.42857,13.71429,11.71429,14.28571],"texture":"#3"},"up":{"uv":[14.0,12.0,13.71429,11.42857],"texture":"#3","rotation":90}}},{"from":[0.78401,1.90533,6.801],"to":[1.78401,2.90533,7.299],"rotation":{"origin":[8.0,8.0,8.0],"axis":"z","angle":45.0},"faces":{"north":{"uv":[14.28571,2.85714,13.71429,3.42857],"texture":"#3"},"east":{"uv":[10.57143,13.71429,10.28571,14.28571],"texture":"#3"},"south":{"uv":[14.28571,2.28571,13.71429,2.85714],"texture":"#3"},"west":{"uv":[14.0,9.71429,13.71429,10.28571],"texture":"#3"}}},{"from":[6.5,-0.70495,6.8],"to":[7.5,4.29505,7.3],"rotation":{"origin":[8.0,8.0,8.0],"axis":"x","angle":0.0},"faces":{"north":{"uv":[8.57143,8.57143,8.0,11.42857],"texture":"#3"},"east":{"uv":[8.28571,11.42857,8.0,14.28571],"texture":"#3"},"south":{"uv":[9.14286,1.71429,8.57143,4.57143],"texture":"#3"},"west":{"uv":[11.71429,3.42857,11.42857,6.28571],"texture":"#3"},"up":{"uv":[14.0,10.28571,13.71429,10.85714],"texture":"#3","rotation":90},"down":{"uv":[11.14286,14.28571,10.85714,13.71429],"texture":"#3","rotation":270}}},{"from":[4.02665,5.73376,6.801],"to":[5.02665,6.73376,7.299],"rotation":{"origin":[8.0,8.0,8.0],"axis":"z","angle":45.0},"faces":{"north":{"uv":[14.28571,3.42857,13.71429,4.0],"texture":"#3"},"east":{"uv":[11.71429,13.71429,11.42857,14.28571],"texture":"#3"},"south":{"uv":[4.0,13.71429,3.42857,14.28571],"texture":"#3"},"west":{"uv":[14.0,10.85714,13.71429,11.42857],"texture":"#3"},"up":{"uv":[14.0,11.42857,13.71429,12.0],"texture":"#3","rotation":90}}},{"from":[8.27682,7.15551,6.801],"to":[9.27682,8.15551,7.299],"rotation":{"origin":[8.0,8.0,8.0],"axis":"z","angle":45.0},"faces":{"north":{"uv":[4.57143,13.71429,5.14286,14.28571],"texture":"#3"},"south":{"uv":[4.0,13.71429,4.57143,14.28571],"texture":"#3"},"west":{"uv":[12.0,13.71429,12.28571,14.28571],"texture":"#3"},"up":{"uv":[14.0,12.57143,13.71429,12.0],"texture":"#3","rotation":90},"down":{"uv":[12.85714,13.71429,12.57143,14.28571],"texture":"#3","rotation":270}}},{"from":[8.5,8.30571,6.8],"to":[9.5,15.30571,7.3],"rotation":{"origin":[8.0,8.0,8.0],"axis":"x","angle":0.0},"faces":{"north":{"uv":[7.42857,5.14286,8.0,9.14286],"texture":"#3"},"east":{"uv":[6.85714,9.14286,7.14286,13.14286],"texture":"#3"},"south":{"uv":[6.85714,5.14286,7.42857,9.14286],"texture":"#3"},"west":{"uv":[7.42857,9.14286,7.71429,13.14286],"texture":"#3"},"up":{"uv":[14.0,13.14286,13.71429,12.57143],"texture":"#3","rotation":90},"down":{"uv":[13.42857,13.71429,13.14286,14.28571],"texture":"#3","rotation":270}}},{"from":[9.98394,7.86262,6.801],"to":[10.98394,8.86262,7.299],"rotation":{"origin":[8.0,8.0,8.0],"axis":"z","angle":45.0},"faces":{"north":{"uv":[5.14286,13.71429,5.71429,14.28571],"texture":"#3"},"east":{"uv":[13.71429,13.14286,14.0,13.71429],"texture":"#3"},"south":{"uv":[13.71429,4.57143,14.28571,5.14286],"texture":"#3"},"down":{"uv":[14.0,13.71429,13.71429,14.28571],"texture":"#3","rotation":270}}},{"from":[9.20711,10.01282,6.802],"to":[10.20711,13.01282,7.298],"rotation":{"origin":[8.0,8.0,8.0],"axis":"x","angle":0.0},"faces":{"north":{"uv":[10.28571,6.28571,10.85714,8.0],"texture":"#3"},"east":{"uv":[13.14286,2.28571,13.42857,4.0],"texture":"#3"},"south":{"uv":[10.28571,3.42857,10.85714,5.14286],"texture":"#3"}}},{"from":[12.10526,9.98394,6.801],"to":[13.10526,10.98394,7.299],"rotation":{"origin":[8.0,8.0,8.0],"axis":"z","angle":45.0},"faces":{"north":{"uv":[5.71429,13.71429,6.28571,14.28571],"texture":"#3"},"east":{"uv":[0.0,14.28571,0.28571,14.85714],"texture":"#3"},"south":{"uv":[13.71429,5.14286,14.28571,5.71429],"texture":"#3"},"down":{"uv":[14.57143,0.0,14.28571,0.57143],"texture":"#3","rotation":270}}},{"from":[6.5,8.30571,6.8],"to":[7.5,15.30571,7.3],"rotation":{"origin":[8.0,8.0,8.0],"axis":"x","angle":0.0},"faces":{"north":{"uv":[8.0,5.14286,7.42857,9.14286],"texture":"#3"},"east":{"uv":[7.71429,9.14286,7.42857,13.14286],"texture":"#3"},"south":{"uv":[7.42857,5.14286,6.85714,9.14286],"texture":"#3"},"west":{"uv":[7.14286,9.14286,6.85714,13.14286],"texture":"#3"},"up":{"uv":[14.0,12.57143,13.71429,13.14286],"texture":"#3","rotation":90},"down":{"uv":[13.42857,14.28571,13.14286,13.71429],"texture":"#3","rotation":270}}},{"from":[2.89474,9.98394,6.801],"to":[3.89474,10.98394,7.299],"rotation":{"origin":[8.0,8.0,8.0],"axis":"z","angle":-45.0},"faces":{"north":{"uv":[6.28571,13.71429,5.71429,14.28571],"texture":"#3"},"south":{"uv":[14.28571,5.14286,13.71429,5.71429],"texture":"#3"},"west":{"uv":[0.28571,14.28571,0.0,14.85714],"texture":"#3"},"down":{"uv":[14.57143,0.57143,14.28571,0.0],"texture":"#3","rotation":270}}},{"from":[5.79289,10.01282,6.802],"to":[6.79289,13.01282,7.298],"rotation":{"origin":[8.0,8.0,8.0],"axis":"x","angle":0.0},"faces":{"north":{"uv":[10.85714,6.28571,10.28571,8.0],"texture":"#3"},"south":{"uv":[10.85714,3.42857,10.28571,5.14286],"texture":"#3"},"west":{"uv":[13.42857,2.28571,13.14286,4.0],"texture":"#3"}}},{"from":[5.01606,7.86262,6.801],"to":[6.01606,8.86262,7.299],"rotation":{"origin":[8.0,8.0,8.0],"axis":"z","angle":-45.0},"faces":{"north":{"uv":[5.71429,13.71429,5.14286,14.28571],"texture":"#3"},"south":{"uv":[14.28571,4.57143,13.71429,5.14286],"texture":"#3"},"west":{"uv":[14.0,13.14286,13.71429,13.71429],"texture":"#3"},"down":{"uv":[14.0,14.28571,13.71429,13.71429],"texture":"#3","rotation":270}}},{"from":[6.72318,7.15551,6.801],"to":[7.72318,8.15551,7.299],"rotation":{"origin":[8.0,8.0,8.0],"axis":"z","angle":-45.0},"faces":{"north":{"uv":[5.14286,13.71429,4.57143,14.28571],"texture":"#3"},"east":{"uv":[12.28571,13.71429,12.0,14.28571],"texture":"#3"},"south":{"uv":[4.57143,13.71429,4.0,14.28571],"texture":"#3"},"up":{"uv":[14.0,12.0,13.71429,12.57143],"texture":"#3","rotation":90},"down":{"uv":[12.85714,14.28571,12.57143,13.71429],"texture":"#3","rotation":270}}},{"from":[12.35997,13.02655,7.025],"to":[18.85997,16.02655,7.075],"rotation":{"origin":[8.0,8.0,8.0],"axis":"z","angle":22.5},"faces":{"north":{"uv":[6.85714,0.0,10.57143,1.71429],"texture":"#3"},"south":{"uv":[10.57143,0.0,6.85714,1.71429],"texture":"#3"}}},{"from":[-0.35292,13.87805,6.051],"to":[0.64708,14.87805,8.049],"rotation":{"origin":[8.0,8.0,8.0],"axis":"z","angle":-45.0},"faces":{"north":{"uv":[13.71429,6.85714,13.14286,7.42857],"texture":"#3"},"east":{"uv":[5.71429,12.0,4.57143,12.57143],"texture":"#3"},"south":{"uv":[7.42857,13.14286,6.85714,13.71429],"texture":"#3"},"west":{"uv":[13.14286,4.0,12.0,4.57143],"texture":"#3"},"up":{"uv":[13.14286,4.57143,12.0,5.14286],"texture":"#3","rotation":90}}},{"from":[6.25,15.06282,6.05],"to":[7.25,18.06282,8.05],"rotation":{"origin":[8.0,8.0,8.0],"axis":"y","angle":0.0},"faces":{"north":{"uv":[9.71429,6.85714,9.14286,8.57143],"texture":"#3"},"east":{"uv":[9.14286,6.85714,8.0,8.57143],"texture":"#3"},"south":{"uv":[9.71429,5.14286,9.14286,6.85714],"texture":"#3"},"west":{"uv":[9.14286,5.14286,8.0,6.85714],"texture":"#3"},"up":{"uv":[12.0,7.42857,10.85714,8.0],"texture":"#3","rotation":90},"down":{"uv":[4.57143,12.57143,3.42857,12.0],"texture":"#3","rotation":270}}},{"from":[1.4755,11.46383,6.051],"to":[2.4755,12.46383,8.049],"rotation":{"origin":[8.0,8.0,8.0],"axis":"z","angle":-45.0},"faces":{"north":{"uv":[13.71429,12.57143,13.14286,13.14286],"texture":"#3"},"east":{"uv":[6.85714,12.0,5.71429,12.57143],"texture":"#3"},"south":{"uv":[8.0,13.14286,7.42857,13.71429],"texture":"#3"},"west":{"uv":[13.14286,5.14286,12.0,5.71429],"texture":"#3"},"down":{"uv":[13.14286,6.28571,12.0,5.71429],"texture":"#3","rotation":270}}},{"from":[7.75647,15.70854,6.55],"to":[9.75647,16.70854,7.55],"rotation":{"origin":[8.0,8.0,8.0],"axis":"z","angle":22.5},"faces":{"north":{"uv":[13.14286,6.85714,12.0,7.42857],"texture":"#3"},"east":{"uv":[1.71429,13.71429,1.14286,14.28571],"texture":"#3"},"south":{"uv":[13.14286,6.28571,12.0,6.85714],"texture":"#3"},"west":{"uv":[13.71429,13.14286,13.14286,13.71429],"texture":"#3"},"up":{"uv":[12.57143,11.42857,12.0,12.57143],"texture":"#3","rotation":90},"down":{"uv":[13.14286,1.14286,12.57143,0.0],"texture":"#3","rotation":270}}},{"from":[-0.62296,13.27856,6.551],"to":[2.37704,14.27856,7.549],"rotation":{"origin":[8.0,8.0,8.0],"axis":"z","angle":-22.5},"faces":{"north":{"uv":[11.42857,5.71429,9.71429,6.28571],"texture":"#3"},"south":{"uv":[11.42857,5.14286,9.71429,5.71429],"texture":"#3"},"west":{"uv":[2.28571,13.71429,1.71429,14.28571],"texture":"#3"},"up":{"uv":[10.28571,6.28571,9.71429,8.0],"texture":"#3","rotation":90},"down":{"uv":[10.28571,9.71429,9.71429,8.0],"texture":"#3","rotation":270}}},{"from":[6.86179,17.28164,6.801],"to":[8.28679,18.00664,7.299],"rotation":{"origin":[8.0,8.0,8.0],"axis":"z","angle":22.5},"faces":{"north":{"uv":[14.0,4.0,13.14286,4.42857],"texture":"#3"},"south":{"uv":[13.42857,12.0,12.57143,12.42857],"texture":"#3"},"west":{"uv":[0.85714,14.28571,0.57143,14.71429],"texture":"#3"},"up":{"uv":[14.0,5.71429,13.71429,6.57143],"texture":"#3","rotation":90}}},{"from":[1.12704,14.27856,6.8],"to":[1.62704,15.27856,7.3],"rotation":{"origin":[8.0,8.0,8.0],"axis":"z","angle":-22.5},"faces":{"north":{"uv":[10.0,13.71429,9.71429,14.28571],"texture":"#3"},"east":{"uv":[14.0,9.14286,13.71429,9.71429],"texture":"#3"},"south":{"uv":[9.42857,13.71429,9.14286,14.28571],"texture":"#3"},"west":{"uv":[14.0,8.57143,13.71429,9.14286],"texture":"#3"},"up":{"uv":[14.57143,0.57143,14.28571,0.85714],"texture":"#3","rotation":90}}},{"from":[-2.85997,13.02655,7.025],"to":[3.64003,16.02655,7.075],"rotation":{"origin":[8.0,8.0,8.0],"axis":"z","angle":-22.5},"faces":{"north":{"uv":[10.57143,0.0,6.85714,1.71429],"texture":"#3"},"south":{"uv":[6.85714,0.0,10.57143,1.71429],"texture":"#3"}}},{"from":[3.75,-4.68718,7.1],"to":[12.25,15.81282,7.15],"rotation":{"origin":[8.0,8.0,8.0],"axis":"y","angle":0.0},"faces":{"north":{"uv":[1.85714,0.0,6.71429,11.71429],"texture":"#3"},"south":{"uv":[6.71429,0.0,1.85714,11.71429],"texture":"#3"}}},{"from":[10.36881,-4.68718,4.3584],"to":[13.11881,15.81282,4.4084],"rotation":{"origin":[8.0,8.0,8.0],"axis":"y","angle":-45.0},"faces":{"north":{"uv":[0.28571,0.0,1.85714,11.71429],"texture":"#3"},"south":{"uv":[1.85714,0.0,0.28571,11.71429],"texture":"#3"}}},{"from":[2.88119,-4.68718,4.3584],"to":[5.63119,15.81282,4.4084],"rotation":{"origin":[8.0,8.0,8.0],"axis":"y","angle":45.0},"faces":{"north":{"uv":[1.85714,0.0,0.28571,11.71429],"texture":"#3"},"south":{"uv":[0.28571,0.0,1.85714,11.71429],"texture":"#3"}}},{"from":[9.25,5.33426,6.85],"to":[13.25,16.33426,6.85],"rotation":{"origin":[8.0,8.0,8.0],"axis":"y","angle":0.0},"faces":{"north":{"uv":[5.33333,0.0,0.0,14.66667],"texture":"#1"}}},{"from":[9.0,-3.66574,6.55],"to":[12.0,5.33426,6.55],"rotation":{"origin":[8.0,8.0,8.0],"axis":"y","angle":0.0},"faces":{"north":{"uv":[9.33333,0.0,5.33333,12.0],"texture":"#1"}}},{"from":[2.75,5.33426,6.85],"to":[6.75,16.33426,6.85],"rotation":{"origin":[8.0,8.0,8.0],"axis":"y","angle":0.0},"faces":{"north":{"uv":[0.0,0.0,5.33333,14.66667],"texture":"#1"}}},{"from":[4.0,-3.66574,6.55],"to":[7.0,5.33426,6.55],"rotation":{"origin":[8.0,8.0,8.0],"axis":"y","angle":0.0},"faces":{"north":{"uv":[5.33333,0.0,9.33333,12.0],"texture":"#1"}}},{"from":[11.07165,1.18718,3.86696],"to":[13.32165,5.68718,3.86696],"rotation":{"origin":[8.0,8.0,8.0],"axis":"y","angle":-45.0},"faces":{"north":{"uv":[12.33333,0.0,15.33333,6.0],"texture":"#1"}}},{"from":[11.07165,10.93718,3.86696],"to":[13.32165,15.43718,3.86696],"rotation":{"origin":[8.0,8.0,8.0],"axis":"y","angle":-45.0},"faces":{"north":{"uv":[12.33333,0.0,15.33333,6.0],"texture":"#1"}}},{"from":[11.07165,-4.31282,3.86696],"to":[13.32165,0.18718,3.86696],"rotation":{"origin":[8.0,8.0,8.0],"axis":"y","angle":-45.0},"faces":{"north":{"uv":[9.33333,0.0,12.33333,6.0],"texture":"#1"}}},{"from":[11.07165,6.18718,3.86696],"to":[13.32165,10.68718,3.86696],"rotation":{"origin":[8.0,8.0,8.0],"axis":"y","angle":-45.0},"faces":{"north":{"uv":[9.33333,0.0,12.33333,6.0],"texture":"#1"}}},{"from":[2.67835,10.93718,3.86696],"to":[4.92835,15.43718,3.86696],"rotation":{"origin":[8.0,8.0,8.0],"axis":"y","angle":45.0},"faces":{"north":{"uv":[15.33333,0.0,12.33333,6.0],"texture":"#1"}}},{"from":[2.67835,6.18718,3.86696],"to":[4.92835,10.68718,3.86696],"rotation":{"origin":[8.0,8.0,8.0],"axis":"y","angle":45.0},"faces":{"north":{"uv":[12.33333,0.0,9.33333,6.0],"texture":"#1"}}},{"from":[2.67835,1.18718,3.86696],"to":[4.92835,5.68718,3.86696],"rotation":{"origin":[8.0,8.0,8.0],"axis":"y","angle":45.0},"faces":{"north":{"uv":[15.33333,0.0,12.33333,6.0],"texture":"#1"}}},{"from":[2.67835,-4.31282,3.86696],"to":[4.92835,0.18718,3.86696],"rotation":{"origin":[8.0,8.0,8.0],"axis":"y","angle":45.0},"faces":{"north":{"uv":[12.33333,0.0,9.33333,6.0],"texture":"#1"}}},{"from":[5.5,13.33426,5.95],"to":[10.5,18.33426,5.95],"rotation":{"origin":[8.0,8.0,8.0],"axis":"x","angle":0.0},"faces":{"north":{"uv":[0.0,0.0,10.0,10.0],"texture":"#2"}}}],"textures":{"1":"1525cd53-65f3-4c2c-ada6-3a25575d7ccb","2":"a6eb46c0-48ee-48bf-8fdb-40f81929f3cf","3":"d24e2280-908a-47b5-8a07-a23d50a2fc96"},"gui_light":"front"}