{"display":{"thirdperson_righthand":{"translation":[0.0,5.0,1.25],"scale":[0.8,0.8,0.8]},"thirdperson_lefthand":{"translation":[0.0,3.75,1.0],"scale":[0.7,0.7,0.7]},"firstperson_righthand":{"rotation":[-11.5,16.0,0.0],"translation":[0.0,6.75,1.25],"scale":[0.5,0.5,0.5]},"firstperson_lefthand":{"rotation":[-11.5,16.0,0.0],"translation":[0.0,6.75,1.25],"scale":[0.5,0.5,0.5]},"ground":{"rotation":[-90.0,145.0,90.0],"scale":[0.5,0.5,0.5]},"gui":{"rotation":[-90.0,-128.25,-90.0],"translation":[-2.75,1.75,-3.0],"scale":[0.7,0.7,0.7]},"head":{"rotation":[-90.0,145.0,90.0],"translation":[6.0,0.0,-3.0]},"fixed":{"rotation":[-90.0,145.0,90.0],"translation":[4.75,0.0,-3.0]}},"elements":[{"from":[7.0,-7.80427,5.8063],"to":[9.0,12.19573,7.8063],"rotation":{"origin":[8.0,5.39993,6.85493],"axis":"y","angle":0.0},"faces":{"north":{"uv":[4.5,0.0,6.0,14.0],"texture":"#0"},"east":{"uv":[3.0,0.0,4.5,14.0],"texture":"#0"},"south":{"uv":[1.5,0.0,3.0,14.0],"texture":"#0"},"west":{"uv":[0.0,0.0,1.5,14.0],"texture":"#0"},"up":{"uv":[1.5,15.5,0.0,14.0],"texture":"#0","rotation":270},"down":{"uv":[3.0,15.5,1.5,14.0],"texture":"#0","rotation":90}}},{"from":[6.5,-7.99113,10.49833],"to":[9.5,-4.99113,13.49833],"rotation":{"origin":[8.0,5.39993,6.85493],"axis":"x","angle":22.5},"faces":{"north":{"uv":[13.5,0.0,15.0,1.5],"texture":"#0"},"east":{"uv":[12.0,0.0,13.5,1.5],"texture":"#0"},"south":{"uv":[12.0,1.5,13.5,3.0],"texture":"#0"},"west":{"uv":[13.5,1.5,15.0,3.0],"texture":"#0"},"up":{"uv":[13.5,3.0,15.0,4.5],"texture":"#0","rotation":270},"down":{"uv":[12.0,3.0,13.5,4.5],"texture":"#0","rotation":90}}},{"from":[5.0,-4.39298,-5.37927],"to":[11.0,-3.39298,0.62073],"rotation":{"origin":[8.0,5.39993,6.85493],"axis":"x","angle":-45.0},"faces":{"north":{"uv":[6.0,9.5,6.5,12.5],"texture":"#0","rotation":270},"east":{"uv":[9.0,9.5,6.0,10.0],"texture":"#0"},"south":{"uv":[8.5,9.5,9.0,12.5],"texture":"#0","rotation":90},"west":{"uv":[6.0,12.0,9.0,12.5],"texture":"#0"},"up":{"uv":[6.0,9.5,9.0,12.5],"texture":"#0","rotation":90},"down":{"uv":[9.0,9.5,6.0,12.5],"texture":"#0","rotation":90}}},{"from":[8.52827,-1.62835,1.0],"to":[9.52827,10.37165,13.0],"rotation":{"origin":[8.0,5.39993,6.85493],"axis":"z","angle":-45.0},"faces":{"north":{"uv":[0.0,8.5,5.0,9.0],"texture":"#0","rotation":90},"east":{"uv":[5.0,4.0,0.0,9.0],"texture":"#0","rotation":270},"south":{"uv":[5.0,4.0,0.0,4.5],"texture":"#0","rotation":270},"west":{"uv":[0.0,4.0,5.0,9.0],"texture":"#0","rotation":90},"up":{"uv":[0.0,9.0,0.5,4.0],"texture":"#0"},"down":{"uv":[4.5,9.0,5.0,4.0],"texture":"#0","rotation":180}}},{"from":[9.52827,10.37165,13.0],"to":[8.52827,-1.62835,1.0],"rotation":{"origin":[8.0,5.39993,6.85493],"axis":"z","angle":-45.0},"faces":{"north":{"uv":[0.0,8.5,5.0,9.0],"texture":"#0","rotation":90},"east":{"uv":[5.0,4.0,0.0,9.0],"texture":"#0","rotation":270},"south":{"uv":[5.0,4.0,0.0,4.5],"texture":"#0","rotation":270},"west":{"uv":[0.0,4.0,5.0,9.0],"texture":"#0","rotation":90},"up":{"uv":[0.0,9.0,0.5,4.0],"texture":"#0"},"down":{"uv":[4.5,9.0,5.0,4.0],"texture":"#0","rotation":180}}},{"from":[6.8,-1.00427,5.6063],"to":[9.2,7.39573,8.0063],"rotation":{"origin":[8.0,5.39993,6.85493],"axis":"y","angle":0.0},"faces":{"north":{"uv":[10.5,0.0,12.0,5.0],"texture":"#0"},"east":{"uv":[9.0,0.0,10.5,5.0],"texture":"#0"},"south":{"uv":[7.5,0.0,9.0,5.0],"texture":"#0"},"west":{"uv":[6.0,0.0,7.5,5.0],"texture":"#0"},"up":{"uv":[7.5,6.5,6.0,5.0],"texture":"#0","rotation":270},"down":{"uv":[9.0,6.5,7.5,5.0],"texture":"#0","rotation":90}}},{"from":[6.8,9.99573,5.6063],"to":[9.2,14.39573,8.0063],"rotation":{"origin":[8.0,5.39993,6.85493],"axis":"y","angle":0.0},"faces":{"north":{"uv":[7.5,12.5,9.0,15.0],"texture":"#0"},"east":{"uv":[6.0,12.5,7.5,15.0],"texture":"#0"},"south":{"uv":[10.5,12.5,12.0,15.0],"texture":"#0"},"west":{"uv":[9.0,12.5,10.5,15.0],"texture":"#0"},"up":{"uv":[10.5,12.5,9.0,11.0],"texture":"#0","rotation":270},"down":{"uv":[12.0,12.5,10.5,11.0],"texture":"#0","rotation":90}}},{"from":[7.5,9.19573,3.8063],"to":[8.5,15.19573,9.8063],"rotation":{"origin":[8.0,5.39993,6.85493],"axis":"y","angle":0.0},"faces":{"north":{"uv":[9.0,6.5,9.5,9.5],"texture":"#0"},"east":{"uv":[9.0,6.5,6.0,9.5],"texture":"#0"},"south":{"uv":[10.0,6.5,10.5,9.5],"texture":"#0"},"west":{"uv":[6.0,6.5,9.0,9.5],"texture":"#0"},"up":{"uv":[9.5,6.5,10.0,9.5],"texture":"#0"},"down":{"uv":[10.5,6.5,11.0,9.5],"texture":"#0"}}},{"from":[8.0,4.19573,-1.25],"to":[8.0,20.19573,14.75],"rotation":{"origin":[8.0,5.39993,6.85493],"axis":"y","angle":0.0},"faces":{"east":{"uv":[0.0,16.0,16.0,0.0],"texture":"#1","rotation":180},"west":{"uv":[16.0,16.0,0.0,0.0],"texture":"#1","rotation":180}}},{"from":[4.0,-7.9608,16.1604],"to":[12.0,0.0392,16.1604],"rotation":{"origin":[8.0,5.39993,6.85493],"axis":"x","angle":45.0},"faces":{"north":{"uv":[16.0,16.0,0.0,0.0],"texture":"#1","rotation":180},"south":{"uv":[0.0,16.0,16.0,0.0],"texture":"#1","rotation":180}}},{"from":[7.5,15.19573,4.8063],"to":[8.5,16.19573,8.8063],"rotation":{"origin":[8.0,5.39993,6.85493],"axis":"y","angle":0.0},"faces":{"north":{"uv":[11.0,6.0,11.5,6.5],"texture":"#0"},"east":{"uv":[9.0,5.0,11.0,5.5],"texture":"#0"},"south":{"uv":[11.0,5.5,11.5,6.0],"texture":"#0"},"west":{"uv":[11.0,6.0,9.0,6.5],"texture":"#0"},"up":{"uv":[9.0,5.5,11.0,6.0],"texture":"#0","rotation":270}}},{"from":[7.5,8.19573,4.8063],"to":[8.5,9.19573,8.8063],"rotation":{"origin":[8.0,5.39993,6.85493],"axis":"y","angle":0.0},"faces":{"north":{"uv":[11.0,6.5,11.5,6.0],"texture":"#0"},"east":{"uv":[9.0,5.5,11.0,5.0],"texture":"#0"},"south":{"uv":[11.0,6.0,11.5,5.5],"texture":"#0"},"west":{"uv":[11.0,6.5,9.0,6.0],"texture":"#0"},"down":{"uv":[11.0,5.5,9.0,6.0],"texture":"#0","rotation":270}}},{"from":[7.5,10.19573,9.8063],"to":[8.5,14.19573,10.8063],"rotation":{"origin":[8.0,5.39993,6.85493],"axis":"y","angle":0.0},"faces":{"east":{"uv":[9.0,5.0,11.0,5.5],"texture":"#0","rotation":270},"south":{"uv":[9.0,5.5,11.0,6.0],"texture":"#0","rotation":270},"west":{"uv":[11.0,6.0,9.0,6.5],"texture":"#0","rotation":90},"up":{"uv":[11.0,6.0,11.5,6.5],"texture":"#0","rotation":180},"down":{"uv":[11.0,5.5,11.5,6.0],"texture":"#0"}}},{"from":[7.5,10.19573,2.8063],"to":[8.5,14.19573,3.8063],"rotation":{"origin":[8.0,5.39993,6.85493],"axis":"y","angle":0.0},"faces":{"north":{"uv":[9.0,6.0,11.0,5.5],"texture":"#0","rotation":270},"east":{"uv":[9.0,5.5,11.0,5.0],"texture":"#0","rotation":270},"west":{"uv":[11.0,6.5,9.0,6.0],"texture":"#0","rotation":90},"up":{"uv":[11.0,6.5,11.5,6.0],"texture":"#0","rotation":180},"down":{"uv":[11.0,6.0,11.5,5.5],"texture":"#0"}}}],"textures":{"particle":"9df38bae-7bfb-4d92-965f-0180bb827659","0":"9df38bae-7bfb-4d92-965f-0180bb827659","1":"53c81977-2549-41f7-98eb-6548ec98f8dd"},"gui_light":"front"}