{"display":{"thirdperson_righthand":{"translation":[0.0,-2.0,1.5]},"thirdperson_lefthand":{"translation":[0.0,-2.0,1.5]},"firstperson_righthand":{"rotation":[18.61,10.14,5.01],"translation":[10.5,3.25,-17.0]},"firstperson_lefthand":{"rotation":[19.49,-15.72,-1.56],"translation":[15.25,0.5,-6.0]},"ground":{"rotation":[0.0,0.0,25.0],"translation":[-2.75,7.5,0.0],"scale":[0.58,0.58,0.58]},"gui":{"rotation":[90.0,45.0,-90.0],"translation":[-1.5,1.5,0.0],"scale":[0.65,0.65,0.65]},"head":{"scale":[0.01,0.01,0.01]},"fixed":{"rotation":[0.0,-90.0,0.0],"translation":[1.75,0.25,-2.25],"scale":[2.0,2.0,2.0]}},"elements":[{"from":[7.15,11.80498,6.56958],"to":[8.85,15.80498,10.56958],"rotation":{"origin":[8.00125,15.16894,8.96546],"axis":"x","angle":-22.5},"faces":{"north":{"uv":[5.5,5.75,6.5,6.1875],"texture":"#1","rotation":90},"east":{"uv":[5.0,1.0,6.0,0.0],"texture":"#1","rotation":90},"south":{"uv":[5.5,5.4375,6.5,5.0],"texture":"#1","rotation":90},"west":{"uv":[6.0,0.0,5.0,1.0],"texture":"#1"},"up":{"uv":[5.9375,2.5,5.5,3.5],"texture":"#1","rotation":180},"down":{"uv":[5.9375,3.75,5.5,4.75],"texture":"#1"}}},{"from":[7.62,9.7689,5.53833],"to":[8.38,10.7689,7.03833],"rotation":{"origin":[8.0,10.58334,5.52245],"axis":"x","angle":-45.0},"faces":{"north":{"uv":[9.5,5.25,9.75,5.4375],"texture":"#1","rotation":90},"east":{"uv":[5.75,8.75,5.5,9.125],"texture":"#1","rotation":270},"south":{"uv":[5.25,9.6875,5.5,9.5],"texture":"#1","rotation":90},"west":{"uv":[7.5,8.75,7.25,9.125],"texture":"#1","rotation":90},"up":{"uv":[0.9375,9.25,0.75,9.625],"texture":"#1","rotation":180},"down":{"uv":[1.4375,9.25,1.25,9.625],"texture":"#1"}}},{"from":[7.625,9.76616,4.75854],"to":[8.375,10.76616,6.25854],"rotation":{"origin":[8.0,10.58334,5.52245],"axis":"x","angle":0.0},"faces":{"north":{"uv":[9.5,5.75,9.75,5.9375],"texture":"#1","rotation":90},"east":{"uv":[8.0,8.75,7.75,9.125],"texture":"#1","rotation":270},"south":{"uv":[5.75,9.6875,6.0,9.5],"texture":"#1","rotation":90},"west":{"uv":[9.0,8.0,8.75,8.375],"texture":"#1","rotation":90},"up":{"uv":[9.4375,1.25,9.25,1.625],"texture":"#1","rotation":180},"down":{"uv":[1.9375,9.25,1.75,9.625],"texture":"#1"}}},{"from":[7.62,10.54278,4.40156],"to":[8.38,11.25278,5.11156],"rotation":{"origin":[8.0,10.58334,5.52245],"axis":"x","angle":-45.0},"faces":{"north":{"uv":[9.75,2.5,9.9375,2.6875],"texture":"#1","rotation":90},"east":{"uv":[8.9375,9.5,8.75,9.6875],"texture":"#1","rotation":270},"south":{"uv":[2.25,9.9375,2.4375,9.75],"texture":"#1","rotation":90},"west":{"uv":[9.9375,0.0,9.75,0.1875],"texture":"#1","rotation":90},"up":{"uv":[0.1875,9.75,0.0,9.9375],"texture":"#1","rotation":180},"down":{"uv":[9.9375,1.25,9.75,1.4375],"texture":"#1"}}},{"from":[7.5,11.83302,4.47631],"to":[8.5,13.83302,6.47631],"rotation":{"origin":[8.00125,15.16894,8.96546],"axis":"x","angle":-22.5},"faces":{"north":{"uv":[8.5,2.0,9.0,2.25],"texture":"#1","rotation":90},"east":{"uv":[6.75,5.25,7.25,4.75],"texture":"#1","rotation":90},"south":{"uv":[8.5,1.75,9.0,1.5],"texture":"#1","rotation":90},"west":{"uv":[6.75,6.0,7.25,5.5],"texture":"#1","rotation":270},"up":{"uv":[8.5,4.75,8.25,5.25],"texture":"#1","rotation":180},"down":{"uv":[8.75,0.75,8.5,1.25],"texture":"#1"}}},{"from":[7.5,15.25285,9.21335],"to":[8.5,17.25285,11.21335],"rotation":{"origin":[8.00125,15.16894,8.96546],"axis":"x","angle":0.0},"faces":{"north":{"uv":[9.0,1.75,8.5,1.5],"texture":"#1","rotation":270},"east":{"uv":[6.75,4.75,7.25,5.25],"texture":"#1","rotation":90},"south":{"uv":[9.0,2.0,8.5,2.25],"texture":"#1","rotation":270},"west":{"uv":[6.75,5.5,7.25,6.0],"texture":"#1","rotation":270},"up":{"uv":[8.25,4.75,8.5,5.25],"texture":"#1"},"down":{"uv":[8.5,0.75,8.75,1.25],"texture":"#1","rotation":180}}},{"from":[7.62,16.29169,9.19492],"to":[8.38,17.29169,10.69492],"rotation":{"origin":[8.00125,15.16894,8.96546],"axis":"x","angle":45.0},"faces":{"north":{"uv":[5.5,9.6875,5.25,9.5],"texture":"#1","rotation":270},"east":{"uv":[5.5,8.75,5.75,9.125],"texture":"#1","rotation":90},"south":{"uv":[9.75,5.25,9.5,5.4375],"texture":"#1","rotation":270},"west":{"uv":[7.25,8.75,7.5,9.125],"texture":"#1","rotation":270},"up":{"uv":[0.75,9.25,0.9375,9.625],"texture":"#1"},"down":{"uv":[1.25,9.25,1.4375,9.625],"texture":"#1","rotation":180}}},{"from":[7.625,14.48742,10.83332],"to":[8.375,15.48742,12.33332],"rotation":{"origin":[8.00125,15.16894,8.96546],"axis":"x","angle":0.0},"faces":{"north":{"uv":[6.0,9.6875,5.75,9.5],"texture":"#1","rotation":270},"east":{"uv":[7.75,8.75,8.0,9.125],"texture":"#1","rotation":90},"south":{"uv":[9.75,5.75,9.5,5.9375],"texture":"#1","rotation":270},"west":{"uv":[8.75,8.0,9.0,8.375],"texture":"#1","rotation":270},"up":{"uv":[9.25,1.25,9.4375,1.625],"texture":"#1"},"down":{"uv":[1.75,9.25,1.9375,9.625],"texture":"#1","rotation":180}}},{"from":[7.62,17.06557,11.12169],"to":[8.38,17.77557,11.83169],"rotation":{"origin":[8.00125,15.16894,8.96546],"axis":"x","angle":45.0},"faces":{"north":{"uv":[2.4375,9.9375,2.25,9.75],"texture":"#1","rotation":270},"east":{"uv":[8.75,9.5,8.9375,9.6875],"texture":"#1","rotation":90},"south":{"uv":[9.9375,2.5,9.75,2.6875],"texture":"#1","rotation":270},"west":{"uv":[9.75,0.0,9.9375,0.1875],"texture":"#1","rotation":270},"up":{"uv":[0.0,9.75,0.1875,9.9375],"texture":"#1"},"down":{"uv":[9.75,1.25,9.9375,1.4375],"texture":"#1","rotation":180}}},{"from":[6.825,10.31275,5.07736],"to":[9.175,12.31275,7.07736],"rotation":{"origin":[8.00125,15.16894,8.96546],"axis":"x","angle":-22.5},"faces":{"north":{"uv":[9.25,3.4375,8.75,3.25],"texture":"#1","rotation":270},"east":{"uv":[6.0,7.0,5.5,6.5],"texture":"#1","rotation":270},"south":{"uv":[9.25,4.75,8.75,4.9375],"texture":"#1","rotation":270},"west":{"uv":[6.75,7.0,6.25,6.5],"texture":"#1","rotation":90},"up":{"uv":[6.75,8.5,6.9375,9.0],"texture":"#1"},"down":{"uv":[8.75,2.5,8.9375,3.0],"texture":"#1","rotation":180}}},{"from":[7.9975,14.46869,9.52623],"to":[8.0075,20.96869,16.02623],"rotation":{"origin":[8.0025,17.71869,12.77623],"axis":"x","angle":-22.5},"faces":{"east":{"uv":[1.5,10.25,0.0,11.75],"texture":"#1"},"west":{"uv":[0.0,10.25,1.5,11.75],"texture":"#1"}}},{"from":[7.8,13.69537,5.78784],"to":[8.2,21.69537,13.78784],"rotation":{"origin":[8.00125,15.16894,8.96546],"axis":"x","angle":22.5},"faces":{"east":{"uv":[0.0,16.0,16.0,0.0],"texture":"#3","rotation":180},"west":{"uv":[0.0,0.0,16.0,16.0],"texture":"#3"}}},{"from":[7.0,10.88716,5.65177],"to":[9.0,13.38716,8.15177],"rotation":{"origin":[8.00125,15.16894,8.96546],"axis":"x","angle":-22.5},"faces":{"north":{"uv":[6.75,0.0,6.25,0.625],"texture":"#1"},"east":{"uv":[6.625,1.25,6.0,1.875],"texture":"#1"},"south":{"uv":[6.75,2.25,6.25,2.875],"texture":"#1"},"west":{"uv":[6.0,1.875,6.625,1.25],"texture":"#1","rotation":270},"up":{"uv":[6.25,3.75,6.875,3.25],"texture":"#1","rotation":90},"down":{"uv":[6.25,4.0,6.875,4.5],"texture":"#1","rotation":270}}},{"from":[7.125,10.4659,8.55],"to":[8.875,12.6659,10.75],"rotation":{"origin":[8.00125,15.16894,8.96546],"axis":"x","angle":22.5},"faces":{"north":{"uv":[7.4375,2.0,7.0,2.5],"texture":"#1"},"east":{"uv":[7.5,1.25,7.0,1.75],"texture":"#1"},"south":{"uv":[7.4375,6.25,7.0,6.75],"texture":"#1"},"west":{"uv":[7.5,1.25,7.0,1.75],"texture":"#1"},"up":{"uv":[7.0,7.4375,7.5,7.0],"texture":"#1","rotation":90},"down":{"uv":[7.25,2.75,7.75,3.1875],"texture":"#1","rotation":270}}},{"from":[7.15,0.19502,6.56958],"to":[8.85,4.19502,10.56958],"rotation":{"origin":[8.00125,0.83106,8.96546],"axis":"x","angle":22.5},"faces":{"north":{"uv":[6.5,5.75,5.5,6.1875],"texture":"#1","rotation":90},"east":{"uv":[6.0,1.0,5.0,0.0],"texture":"#1","rotation":90},"south":{"uv":[6.5,5.4375,5.5,5.0],"texture":"#1","rotation":90},"west":{"uv":[6.0,1.0,5.0,0.0],"texture":"#1"},"up":{"uv":[5.9375,4.75,5.5,3.75],"texture":"#1"},"down":{"uv":[5.9375,3.5,5.5,2.5],"texture":"#1","rotation":180}}},{"from":[7.62,5.2311,5.53833],"to":[8.38,6.2311,7.03833],"rotation":{"origin":[8.0,5.41666,5.52245],"axis":"x","angle":45.0},"faces":{"north":{"uv":[9.75,5.25,9.5,5.4375],"texture":"#1","rotation":90},"east":{"uv":[5.5,8.75,5.75,9.125],"texture":"#1","rotation":270},"south":{"uv":[5.5,9.6875,5.25,9.5],"texture":"#1","rotation":90},"west":{"uv":[7.25,8.75,7.5,9.125],"texture":"#1","rotation":90},"up":{"uv":[1.4375,9.625,1.25,9.25],"texture":"#1"},"down":{"uv":[0.9375,9.625,0.75,9.25],"texture":"#1","rotation":180}}},{"from":[7.625,5.23384,4.75854],"to":[8.375,6.23384,6.25854],"rotation":{"origin":[8.0,5.41666,5.52245],"axis":"x","angle":0.0},"faces":{"north":{"uv":[9.75,5.75,9.5,5.9375],"texture":"#1","rotation":90},"east":{"uv":[7.75,8.75,8.0,9.125],"texture":"#1","rotation":270},"south":{"uv":[6.0,9.6875,5.75,9.5],"texture":"#1","rotation":90},"west":{"uv":[8.75,8.0,9.0,8.375],"texture":"#1","rotation":90},"up":{"uv":[1.9375,9.625,1.75,9.25],"texture":"#1"},"down":{"uv":[9.4375,1.625,9.25,1.25],"texture":"#1","rotation":180}}},{"from":[7.62,4.74722,4.40156],"to":[8.38,5.45722,5.11156],"rotation":{"origin":[8.0,5.41666,5.52245],"axis":"x","angle":45.0},"faces":{"north":{"uv":[9.9375,2.5,9.75,2.6875],"texture":"#1","rotation":90},"east":{"uv":[8.75,9.5,8.9375,9.6875],"texture":"#1","rotation":270},"south":{"uv":[2.4375,9.9375,2.25,9.75],"texture":"#1","rotation":90},"west":{"uv":[9.75,0.0,9.9375,0.1875],"texture":"#1","rotation":90},"up":{"uv":[9.9375,1.4375,9.75,1.25],"texture":"#1"},"down":{"uv":[0.1875,9.9375,0.0,9.75],"texture":"#1","rotation":180}}},{"from":[7.5,2.16698,4.47631],"to":[8.5,4.16698,6.47631],"rotation":{"origin":[8.00125,0.83106,8.96546],"axis":"x","angle":22.5},"faces":{"north":{"uv":[9.0,2.0,8.5,2.25],"texture":"#1","rotation":90},"east":{"uv":[7.25,5.25,6.75,4.75],"texture":"#1","rotation":90},"south":{"uv":[9.0,1.75,8.5,1.5],"texture":"#1","rotation":90},"west":{"uv":[7.25,6.0,6.75,5.5],"texture":"#1","rotation":270},"up":{"uv":[8.75,1.25,8.5,0.75],"texture":"#1"},"down":{"uv":[8.5,5.25,8.25,4.75],"texture":"#1","rotation":180}}},{"from":[7.5,-1.25285,9.21335],"to":[8.5,0.74715,11.21335],"rotation":{"origin":[8.00125,0.83106,8.96546],"axis":"x","angle":0.0},"faces":{"north":{"uv":[8.5,1.75,9.0,1.5],"texture":"#1","rotation":270},"east":{"uv":[7.25,4.75,6.75,5.25],"texture":"#1","rotation":90},"south":{"uv":[8.5,2.0,9.0,2.25],"texture":"#1","rotation":270},"west":{"uv":[7.25,5.5,6.75,6.0],"texture":"#1","rotation":270},"up":{"uv":[8.5,1.25,8.75,0.75],"texture":"#1","rotation":180},"down":{"uv":[8.25,5.25,8.5,4.75],"texture":"#1"}}},{"from":[7.62,-1.29169,9.19492],"to":[8.38,-0.29169,10.69492],"rotation":{"origin":[8.00125,0.83106,8.96546],"axis":"x","angle":-45.0},"faces":{"north":{"uv":[5.25,9.6875,5.5,9.5],"texture":"#1","rotation":270},"east":{"uv":[5.75,8.75,5.5,9.125],"texture":"#1","rotation":90},"south":{"uv":[9.5,5.25,9.75,5.4375],"texture":"#1","rotation":270},"west":{"uv":[7.5,8.75,7.25,9.125],"texture":"#1","rotation":270},"up":{"uv":[1.25,9.625,1.4375,9.25],"texture":"#1","rotation":180},"down":{"uv":[0.75,9.625,0.9375,9.25],"texture":"#1"}}},{"from":[7.625,0.51258,10.83332],"to":[8.375,1.51258,12.33332],"rotation":{"origin":[8.00125,0.83106,8.96546],"axis":"x","angle":0.0},"faces":{"north":{"uv":[5.75,9.6875,6.0,9.5],"texture":"#1","rotation":270},"east":{"uv":[8.0,8.75,7.75,9.125],"texture":"#1","rotation":90},"south":{"uv":[9.5,5.75,9.75,5.9375],"texture":"#1","rotation":270},"west":{"uv":[9.0,8.0,8.75,8.375],"texture":"#1","rotation":270},"up":{"uv":[1.75,9.625,1.9375,9.25],"texture":"#1","rotation":180},"down":{"uv":[9.25,1.625,9.4375,1.25],"texture":"#1"}}},{"from":[7.62,-1.77557,11.12169],"to":[8.38,-1.06557,11.83169],"rotation":{"origin":[8.00125,0.83106,8.96546],"axis":"x","angle":-45.0},"faces":{"north":{"uv":[2.25,9.9375,2.4375,9.75],"texture":"#1","rotation":270},"east":{"uv":[8.9375,9.5,8.75,9.6875],"texture":"#1","rotation":90},"south":{"uv":[9.75,2.5,9.9375,2.6875],"texture":"#1","rotation":270},"west":{"uv":[9.9375,0.0,9.75,0.1875],"texture":"#1","rotation":270},"up":{"uv":[9.75,1.4375,9.9375,1.25],"texture":"#1","rotation":180},"down":{"uv":[0.0,9.9375,0.1875,9.75],"texture":"#1"}}},{"from":[6.825,3.68725,5.07736],"to":[9.175,5.68725,7.07736],"rotation":{"origin":[8.00125,0.83106,8.96546],"axis":"x","angle":22.5},"faces":{"north":{"uv":[8.75,3.4375,9.25,3.25],"texture":"#1","rotation":270},"east":{"uv":[5.5,7.0,6.0,6.5],"texture":"#1","rotation":270},"south":{"uv":[8.75,4.75,9.25,4.9375],"texture":"#1","rotation":270},"west":{"uv":[6.25,7.0,6.75,6.5],"texture":"#1","rotation":90},"up":{"uv":[8.75,3.0,8.9375,2.5],"texture":"#1","rotation":180},"down":{"uv":[6.75,9.0,6.9375,8.5],"texture":"#1"}}},{"from":[7.9975,-4.96869,9.52623],"to":[8.0075,1.53131,16.02623],"rotation":{"origin":[8.0025,-1.71869,12.77623],"axis":"x","angle":22.5},"faces":{"east":{"uv":[1.5,11.75,0.0,10.25],"texture":"#1"},"west":{"uv":[0.0,11.75,1.5,10.25],"texture":"#1"}}},{"from":[7.8,-5.69537,5.78784],"to":[8.2,2.30463,13.78784],"rotation":{"origin":[8.00125,0.83106,8.96546],"axis":"x","angle":-22.5},"faces":{"east":{"uv":[0.0,0.0,16.0,16.0],"texture":"#3","rotation":180},"west":{"uv":[0.0,16.0,16.0,0.0],"texture":"#3"}}},{"from":[7.0,2.61284,5.65177],"to":[9.0,5.11284,8.15177],"rotation":{"origin":[8.00125,0.83106,8.96546],"axis":"x","angle":22.5},"faces":{"north":{"uv":[6.75,0.625,6.25,0.0],"texture":"#1"},"east":{"uv":[6.625,1.875,6.0,1.25],"texture":"#1"},"south":{"uv":[6.75,2.875,6.25,2.25],"texture":"#1"},"west":{"uv":[6.625,1.875,6.0,1.25],"texture":"#1","rotation":270},"up":{"uv":[6.875,4.0,6.25,4.5],"texture":"#1","rotation":270},"down":{"uv":[6.875,3.75,6.25,3.25],"texture":"#1","rotation":90}}},{"from":[7.125,3.3341,8.55],"to":[8.875,5.5341,10.75],"rotation":{"origin":[8.00125,0.83106,8.96546],"axis":"x","angle":-22.5},"faces":{"north":{"uv":[7.4375,2.5,7.0,2.0],"texture":"#1"},"east":{"uv":[7.5,1.75,7.0,1.25],"texture":"#1"},"south":{"uv":[7.4375,6.75,7.0,6.25],"texture":"#1"},"west":{"uv":[7.5,1.75,7.0,1.25],"texture":"#1"},"up":{"uv":[7.75,2.75,7.25,3.1875],"texture":"#1","rotation":270},"down":{"uv":[7.5,7.4375,7.0,7.0],"texture":"#1","rotation":90}}},{"from":[8.0,-0.25,11.52623],"to":[8.0,16.25,13.52623],"rotation":{"origin":[8.005,8.0,12.52623],"axis":"x","angle":0.0},"faces":{"east":{"uv":[10.625,5.625,10.1875,9.3125],"texture":"#1"},"west":{"uv":[10.1875,5.625,10.625,9.3125],"texture":"#1"}}},{"from":[8.0,7.0,-0.72377],"to":[8.0,9.0,15.77623],"rotation":{"origin":[8.0,8.0,7.52623],"axis":"z","angle":-22.5},"faces":{"east":{"uv":[4.8125,10.25,4.375,13.9375],"texture":"#1","rotation":90},"west":{"uv":[4.375,10.25,4.8125,13.9375],"texture":"#1","rotation":270}}},{"from":[8.0,7.0,-0.72377],"to":[8.0,9.0,15.77623],"rotation":{"origin":[8.0,8.0,7.52623],"axis":"z","angle":22.5},"faces":{"east":{"uv":[4.8125,10.25,4.375,13.9375],"texture":"#1","rotation":90},"west":{"uv":[4.375,10.25,4.8125,13.9375],"texture":"#1","rotation":270}}},{"from":[7.45,5.625,7.45],"to":[8.55,9.625,8.55],"rotation":{"origin":[8.0,19.45077,8.0],"axis":"y","angle":0.0},"faces":{"north":{"uv":[7.25,0.0,7.0,1.0],"texture":"#1"},"east":{"uv":[7.25,0.0,7.0,1.0],"texture":"#1"},"south":{"uv":[7.25,0.0,7.0,1.0],"texture":"#1"},"west":{"uv":[7.25,0.0,7.0,1.0],"texture":"#1"},"up":{"uv":[9.25,2.75,9.5,2.5],"texture":"#1","rotation":90},"down":{"uv":[3.0,9.25,3.25,9.5],"texture":"#1","rotation":270}}},{"from":[7.425,-0.5,-0.5],"to":[8.575,16.5,16.5],"rotation":{"origin":[8.0,7.82577,8.0],"axis":"y","angle":0.0},"faces":{"east":{"uv":[16.0,16.0,0.0,0.0],"texture":"#4","rotation":180},"west":{"uv":[0.0,16.0,16.0,0.0],"texture":"#4","rotation":180}}},{"from":[7.3,-0.5,-0.5],"to":[8.7,16.5,16.5],"rotation":{"origin":[8.0,2.82577,8.0],"axis":"y","angle":0.0},"faces":{"east":{"uv":[16.0,16.0,0.0,0.0],"texture":"#5","rotation":180},"west":{"uv":[0.0,16.0,16.0,0.0],"texture":"#5","rotation":180}}},{"from":[7.2,9.625,7.2],"to":[8.8,10.625,8.8],"rotation":{"origin":[8.0,19.45077,8.0],"axis":"y","angle":0.0},"faces":{"north":{"uv":[5.125,9.0,4.75,9.25],"texture":"#1"},"east":{"uv":[5.125,9.0,4.75,9.25],"texture":"#1"},"south":{"uv":[5.125,9.0,4.75,9.25],"texture":"#1"},"west":{"uv":[5.125,9.0,4.75,9.25],"texture":"#1"},"up":{"uv":[7.75,1.375,8.125,1.0],"texture":"#1","rotation":90},"down":{"uv":[7.75,1.75,8.125,2.125],"texture":"#1","rotation":270}}},{"from":[7.2,8.875,7.2],"to":[8.8,9.375,8.8],"rotation":{"origin":[8.0,19.45077,8.0],"axis":"y","angle":0.0},"faces":{"north":{"uv":[9.875,6.25,9.5,6.375],"texture":"#1"},"east":{"uv":[9.875,6.25,9.5,6.375],"texture":"#1"},"south":{"uv":[9.875,6.25,9.5,6.375],"texture":"#1"},"west":{"uv":[9.875,6.25,9.5,6.375],"texture":"#1"},"up":{"uv":[7.75,6.875,8.125,6.5],"texture":"#1","rotation":90},"down":{"uv":[6.75,7.75,7.125,8.125],"texture":"#1","rotation":270}}},{"from":[7.2,6.625,7.2],"to":[8.8,7.125,8.8],"rotation":{"origin":[8.0,19.45077,8.0],"axis":"y","angle":0.0},"faces":{"north":{"uv":[9.875,6.25,9.5,6.375],"texture":"#1"},"east":{"uv":[9.875,6.25,9.5,6.375],"texture":"#1"},"south":{"uv":[9.875,6.25,9.5,6.375],"texture":"#1"},"west":{"uv":[9.875,6.25,9.5,6.375],"texture":"#1"},"up":{"uv":[7.75,7.625,8.125,7.25],"texture":"#1","rotation":90},"down":{"uv":[8.0,0.0,8.375,0.375],"texture":"#1","rotation":270}}},{"from":[7.2,5.375,7.2],"to":[8.8,6.375,8.8],"rotation":{"origin":[8.0,19.45077,8.0],"axis":"y","angle":0.0},"faces":{"north":{"uv":[5.125,9.0,4.75,9.25],"texture":"#1"},"east":{"uv":[5.125,9.0,4.75,9.25],"texture":"#1"},"south":{"uv":[5.125,9.0,4.75,9.25],"texture":"#1"},"west":{"uv":[5.125,9.0,4.75,9.25],"texture":"#1"},"up":{"uv":[8.0,2.875,8.375,2.5],"texture":"#1","rotation":90},"down":{"uv":[8.0,3.25,8.375,3.625],"texture":"#1","rotation":270}}}],"textures":{"particle":"8213c431-7a5b-4161-bab9-af69852bb5b6","1":"5da544b7-4c16-474a-8435-179d649d81a6","3":"13f655a6-d352-4401-8b40-f0389582dbe8","4":"5fe7ee98-9d52-443f-af5a-59b9d65303d8","5":"e75ae453-0a91-4499-b967-c3e8711f133a"},"gui_light":"front"}