{"display":{"thirdperson_righthand":{"rotation":[92.5,0.0,0.0],"translation":[0.0,1.5,0.0],"scale":[0.5,0.5,0.5]},"thirdperson_lefthand":{"rotation":[92.5,0.0,0.0],"translation":[0.0,1.5,0.0],"scale":[0.5,0.5,0.5]},"firstperson_righthand":{"rotation":[79.0,0.0,0.0],"translation":[0.0,2.0,0.0],"scale":[0.5,0.5,0.5]},"firstperson_lefthand":{"rotation":[79.0,0.0,0.0],"translation":[0.0,2.0,0.0],"scale":[0.5,0.5,0.5]},"ground":{"scale":[0.4,0.4,0.4]},"gui":{"rotation":[28.0,-138.0,19.0],"translation":[0.5,-0.75,0.0],"scale":[0.8,0.8,0.8]},"head":{"translation":[0.0,14.25,0.0]},"fixed":{"rotation":[-6.75,0.0,0.0],"translation":[0.0,-1.0,-4.0]}},"elements":[{"from":[7.5,0.025,5.0],"to":[8.5,1.0,10.0],"faces":{"north":{"uv":[12.5,2.0,13.0,2.5],"texture":"#0"},"east":{"uv":[7.5,4.5,10.0,5.0],"texture":"#0"},"south":{"uv":[3.5,12.5,4.0,13.0],"texture":"#0"},"west":{"uv":[7.5,5.5,10.0,6.0],"texture":"#0"},"up":{"uv":[9.0,10.5,8.5,8.0],"texture":"#0"},"down":{"uv":[0.5,9.0,0.0,11.5],"texture":"#0"}}},{"from":[7.5,1.0,6.0],"to":[8.5,2.0,10.0],"faces":{"north":{"uv":[4.5,12.5,5.0,13.0],"texture":"#0"},"east":{"uv":[9.5,6.5,11.5,7.0],"texture":"#0"},"south":{"uv":[5.5,12.5,6.0,13.0],"texture":"#0"},"west":{"uv":[9.5,7.5,11.5,8.0],"texture":"#0"},"up":{"uv":[3.0,11.0,2.5,9.0],"texture":"#0"},"down":{"uv":[4.0,9.0,3.5,11.0],"texture":"#0"}}},{"from":[7.5,2.5,7.0],"to":[8.5,3.5,10.0],"faces":{"north":{"uv":[6.5,12.5,7.0,13.0],"texture":"#0"},"east":{"uv":[11.0,11.0,12.5,11.5],"texture":"#0"},"south":{"uv":[12.5,8.5,13.0,9.0],"texture":"#0"},"west":{"uv":[11.5,0.0,13.0,0.5],"texture":"#0"},"up":{"uv":[12.0,2.5,11.5,1.0],"texture":"#0"},"down":{"uv":[3.0,11.5,2.5,13.0],"texture":"#0"}}},{"from":[6.5,0.0,9.0],"to":[8.5,4.0,11.0],"rotation":{"origin":[8.0,0.5,10.5],"axis":"y","angle":-45.0},"faces":{"north":{"uv":[0.0,0.0,1.0,2.0],"texture":"#0"},"east":{"uv":[1.5,0.0,2.5,2.0],"texture":"#0"},"south":{"uv":[0.0,2.5,1.0,4.5],"texture":"#0"},"west":{"uv":[1.5,2.5,2.5,4.5],"texture":"#0"},"up":{"uv":[9.5,1.0,8.5,0.0],"texture":"#0"},"down":{"uv":[2.0,9.0,1.0,10.0],"texture":"#0"}}},{"from":[7.0,10.0,8.79289],"to":[9.0,14.0,10.79289],"rotation":{"origin":[8.0,12.0,9.79289],"axis":"y","angle":0.0},"faces":{"north":{"uv":[3.0,0.0,4.0,2.0],"texture":"#0"},"east":{"uv":[3.0,2.5,4.0,4.5],"texture":"#0"},"south":{"uv":[4.5,0.0,5.5,2.0],"texture":"#0"},"west":{"uv":[4.5,2.5,5.5,4.5],"texture":"#0"},"up":{"uv":[10.5,9.5,9.5,8.5],"texture":"#0"},"down":{"uv":[11.0,0.0,10.0,1.0],"texture":"#0"}}},{"from":[7.0,4.0,9.5],"to":[8.0,10.0,10.5],"rotation":{"origin":[8.0,0.5,10.5],"axis":"y","angle":-45.0},"faces":{"north":{"uv":[4.5,8.0,5.0,11.0],"texture":"#0"},"east":{"uv":[5.5,8.0,6.0,11.0],"texture":"#0"},"south":{"uv":[6.5,8.0,7.0,11.0],"texture":"#0"},"west":{"uv":[7.5,8.0,8.0,11.0],"texture":"#0"},"up":{"uv":[0.5,13.5,0.0,13.0],"texture":"#0"},"down":{"uv":[1.5,13.0,1.0,13.5],"texture":"#0"}}},{"from":[3.4588,12.30656,8.81789],"to":[7.4588,14.30656,10.76789],"rotation":{"origin":[6.4588,13.30656,9.79289],"axis":"z","angle":-22.5},"faces":{"north":{"uv":[0.0,5.0,2.0,6.0],"texture":"#0"},"east":{"uv":[10.0,1.5,11.0,2.5],"texture":"#0"},"south":{"uv":[2.5,5.0,4.5,6.0],"texture":"#0"},"west":{"uv":[10.0,3.0,11.0,4.0],"texture":"#0"},"up":{"uv":[7.0,6.0,5.0,5.0],"texture":"#0"},"down":{"uv":[8.0,0.0,6.0,1.0],"texture":"#0"}}},{"from":[3.26985,13.9373,9.17446],"to":[5.26985,14.9373,13.17446],"rotation":{"origin":[7.26985,13.9373,10.17446],"axis":"x","angle":-22.5},"faces":{"north":{"uv":[6.0,4.0,7.0,4.5],"texture":"#0"},"east":{"uv":[9.5,10.0,11.5,10.5],"texture":"#0"},"south":{"uv":[12.0,10.0,13.0,10.5],"texture":"#0"},"west":{"uv":[10.5,4.5,12.5,5.0],"texture":"#0"},"up":{"uv":[7.0,3.5,6.0,1.5],"texture":"#0"},"down":{"uv":[1.0,6.5,0.0,8.5],"texture":"#0"}}},{"from":[3.34805,16.61608,12.56341],"to":[6.34805,17.61608,13.56341],"rotation":{"origin":[7.34805,16.61608,9.56341],"axis":"z","angle":22.5},"faces":{"north":{"uv":[11.5,3.0,13.0,3.5],"texture":"#0"},"east":{"uv":[13.0,4.0,13.5,4.5],"texture":"#0"},"south":{"uv":[3.5,11.5,5.0,12.0],"texture":"#0"},"west":{"uv":[13.0,5.0,13.5,5.5],"texture":"#0"},"up":{"uv":[7.0,12.0,5.5,11.5],"texture":"#0"},"down":{"uv":[1.5,12.0,0.0,12.5],"texture":"#0"}}},{"from":[8.5412,12.30656,8.81789],"to":[12.5412,14.30656,10.76789],"rotation":{"origin":[9.5412,13.30656,9.79289],"axis":"z","angle":22.5},"faces":{"north":{"uv":[2.0,5.0,0.0,6.0],"texture":"#0"},"east":{"uv":[11.0,3.0,10.0,4.0],"texture":"#0"},"south":{"uv":[4.5,5.0,2.5,6.0],"texture":"#0"},"west":{"uv":[11.0,1.5,10.0,2.5],"texture":"#0"},"up":{"uv":[5.0,6.0,7.0,5.0],"texture":"#0"},"down":{"uv":[6.0,0.0,8.0,1.0],"texture":"#0"}}},{"from":[10.73015,13.9373,9.17446],"to":[12.73015,14.9373,13.17446],"rotation":{"origin":[8.73015,13.9373,10.17446],"axis":"x","angle":-22.5},"faces":{"north":{"uv":[7.0,4.0,6.0,4.5],"texture":"#0"},"east":{"uv":[12.5,4.5,10.5,5.0],"texture":"#0"},"south":{"uv":[13.0,10.0,12.0,10.5],"texture":"#0"},"west":{"uv":[11.5,10.0,9.5,10.5],"texture":"#0"},"up":{"uv":[6.0,3.5,7.0,1.5],"texture":"#0"},"down":{"uv":[0.0,6.5,1.0,8.5],"texture":"#0"}}},{"from":[9.65195,16.61608,12.56341],"to":[12.65195,17.61608,13.56341],"rotation":{"origin":[8.65195,16.61608,9.56341],"axis":"z","angle":-22.5},"faces":{"north":{"uv":[13.0,3.0,11.5,3.5],"texture":"#0"},"east":{"uv":[13.5,5.0,13.0,5.5],"texture":"#0"},"south":{"uv":[5.0,11.5,3.5,12.0],"texture":"#0"},"west":{"uv":[13.5,4.0,13.0,4.5],"texture":"#0"},"up":{"uv":[5.5,12.0,7.0,11.5],"texture":"#0"},"down":{"uv":[0.0,12.0,1.5,12.5],"texture":"#0"}}}],"textures":{"particle":"d390dc80-479d-4670-a946-b59f5c6f090a","0":"d390dc80-479d-4670-a946-b59f5c6f090a"},"gui_light":"front"}