{"display":{"thirdperson_righthand":{"translation":[0.0,11.0,1.5]},"thirdperson_lefthand":{"translation":[0.0,11.0,1.5]},"firstperson_righthand":{"rotation":[-2.5,0.0,0.0],"translation":[11.0,7.5,-8.5]},"firstperson_lefthand":{"rotation":[-2.5,0.0,0.0],"translation":[11.0,7.5,-8.5]},"ground":{"rotation":[0.0,0.0,44.0],"translation":[-4.75,7.5,0.0],"scale":[0.58,0.58,0.58]},"gui":{"rotation":[-90.0,45.0,90.0],"translation":[-2.5,2.5,0.0],"scale":[0.65,0.65,0.65]},"head":{"scale":[0.01,0.01,0.01]},"fixed":{"rotation":[0.0,90.0,0.0],"translation":[0.0,16.5,-1.0],"scale":[2.0,2.0,2.0]}},"elements":[{"from":[7.15,4.78648,1.98772],"to":[8.85,8.78648,5.98772],"rotation":{"origin":[8.0,10.79877,8.0],"axis":"x","angle":-45.0},"faces":{"north":{"uv":[5.5,3.75,5.9375,4.75],"texture":"#1"},"east":{"uv":[5.0,0.0,6.0,1.0],"texture":"#1"},"south":{"uv":[5.5,2.5,5.9375,3.5],"texture":"#1"},"west":{"uv":[5.0,0.0,6.0,1.0],"texture":"#1","rotation":90},"up":{"uv":[6.5,5.4375,5.5,5.0],"texture":"#1","rotation":90},"down":{"uv":[6.5,5.75,5.5,6.1875],"texture":"#1","rotation":270}}},{"from":[7.8,5.46498,7.50901],"to":[8.2,7.06498,8.05901],"rotation":{"origin":[8.0,10.79877,8.0],"axis":"x","angle":-22.5},"faces":{"north":{"uv":[9.5,3.0,9.625,3.375],"texture":"#1"},"east":{"uv":[8.25,9.25,8.375,9.625],"texture":"#1"},"south":{"uv":[9.25,9.0,9.375,9.375],"texture":"#1"},"west":{"uv":[9.5,0.5,9.625,0.875],"texture":"#1"},"up":{"uv":[9.875,4.375,9.75,4.25],"texture":"#1","rotation":90},"down":{"uv":[9.875,6.75,9.75,6.875],"texture":"#1","rotation":270}}},{"from":[7.8,5.46498,7.94099],"to":[8.2,7.06498,8.49099],"rotation":{"origin":[8.0,10.79877,8.0],"axis":"x","angle":22.5},"faces":{"north":{"uv":[9.375,9.0,9.25,9.375],"texture":"#1"},"east":{"uv":[8.375,9.25,8.25,9.625],"texture":"#1"},"south":{"uv":[9.625,3.0,9.5,3.375],"texture":"#1"},"west":{"uv":[9.625,0.5,9.5,0.875],"texture":"#1"},"up":{"uv":[9.75,4.375,9.875,4.25],"texture":"#1","rotation":90},"down":{"uv":[9.75,6.75,9.875,6.875],"texture":"#1","rotation":270}}},{"from":[7.15,-2.62546,7.125],"to":[8.85,2.12454,8.875],"rotation":{"origin":[8.0,-15.20123,8.0],"axis":"y","angle":0.0},"faces":{"north":{"uv":[2.0625,10.06563,2.0,11.25313],"texture":"#1"},"east":{"uv":[2.0,10.06563,2.4375,11.25313],"texture":"#1"},"south":{"uv":[2.0625,10.06563,2.0,11.25313],"texture":"#1"},"west":{"uv":[2.4375,10.06563,2.0,11.25313],"texture":"#1"},"up":{"uv":[9.75,2.125,9.25,2.0],"texture":"#1","rotation":90},"down":{"uv":[2.75,9.25,2.25,9.375],"texture":"#1","rotation":270}}},{"from":[7.575,-6.05194,-1.97938],"to":[8.425,-4.05194,0.02062],"rotation":{"origin":[8.0,6.04877,8.0],"axis":"x","angle":-45.0},"faces":{"north":{"uv":[8.75,2.5,8.9375,3.0],"texture":"#1"},"east":{"uv":[5.5,6.5,6.0,7.0],"texture":"#1"},"south":{"uv":[6.75,8.5,6.9375,9.0],"texture":"#1"},"west":{"uv":[6.25,6.5,6.75,7.0],"texture":"#1"},"up":{"uv":[9.25,3.4375,8.75,3.25],"texture":"#1","rotation":90},"down":{"uv":[9.25,4.75,8.75,4.9375],"texture":"#1","rotation":270}}},{"from":[7.625,-8.45397,15.12602],"to":[8.375,-5.95397,16.12602],"rotation":{"origin":[8.0,6.04877,8.0],"axis":"x","angle":22.5},"faces":{"north":{"uv":[8.5,6.5,8.6875,7.125],"texture":"#1"},"east":{"uv":[6.25,7.25,6.5,7.875],"texture":"#1"},"south":{"uv":[8.5,5.5,8.6875,6.125],"texture":"#1"},"west":{"uv":[7.5,0.0,7.75,0.625],"texture":"#1"},"up":{"uv":[5.0,9.6875,4.75,9.5],"texture":"#1","rotation":90},"down":{"uv":[9.75,4.75,9.5,4.9375],"texture":"#1","rotation":270}}},{"from":[7.62,3.53649,9.97392],"to":[8.38,5.03649,10.97392],"rotation":{"origin":[8.0,10.79877,8.0],"axis":"y","angle":0.0},"faces":{"north":{"uv":[1.25,9.25,1.4375,9.625],"texture":"#1"},"east":{"uv":[5.5,8.75,5.75,9.125],"texture":"#1"},"south":{"uv":[0.75,9.25,0.9375,9.625],"texture":"#1"},"west":{"uv":[7.25,8.75,7.5,9.125],"texture":"#1"},"up":{"uv":[5.5,9.6875,5.25,9.5],"texture":"#1","rotation":90},"down":{"uv":[9.75,5.25,9.5,5.4375],"texture":"#1","rotation":270}}},{"from":[7.625,2.91675,4.00805],"to":[8.375,4.41675,5.00805],"rotation":{"origin":[8.0,10.79877,8.0],"axis":"x","angle":-45.0},"faces":{"north":{"uv":[1.75,9.25,1.9375,9.625],"texture":"#1"},"east":{"uv":[7.75,8.75,8.0,9.125],"texture":"#1"},"south":{"uv":[9.25,1.25,9.4375,1.625],"texture":"#1"},"west":{"uv":[8.75,8.0,9.0,8.375],"texture":"#1"},"up":{"uv":[6.0,9.6875,5.75,9.5],"texture":"#1","rotation":90},"down":{"uv":[9.75,5.75,9.5,5.9375],"texture":"#1","rotation":270}}},{"from":[7.62,2.39972,10.7478],"to":[8.38,3.10972,11.4578],"rotation":{"origin":[8.0,10.79877,8.0],"axis":"y","angle":0.0},"faces":{"north":{"uv":[9.75,1.25,9.9375,1.4375],"texture":"#1"},"east":{"uv":[8.75,9.5,8.9375,9.6875],"texture":"#1"},"south":{"uv":[0.0,9.75,0.1875,9.9375],"texture":"#1"},"west":{"uv":[9.75,0.0,9.9375,0.1875],"texture":"#1"},"up":{"uv":[2.4375,9.9375,2.25,9.75],"texture":"#1","rotation":90},"down":{"uv":[9.9375,2.5,9.75,2.6875],"texture":"#1","rotation":270}}},{"from":[7.5,4.03672,4.77348],"to":[8.5,6.03672,6.77348],"rotation":{"origin":[8.0,10.79877,8.0],"axis":"x","angle":-45.0},"faces":{"north":{"uv":[8.5,0.75,8.75,1.25],"texture":"#1"},"east":{"uv":[6.75,4.75,7.25,5.25],"texture":"#1"},"south":{"uv":[8.25,4.75,8.5,5.25],"texture":"#1"},"west":{"uv":[6.75,5.5,7.25,6.0],"texture":"#1"},"up":{"uv":[9.0,1.75,8.5,1.5],"texture":"#1","rotation":90},"down":{"uv":[9.0,2.0,8.5,2.25],"texture":"#1","rotation":270}}},{"from":[7.5,4.03672,9.22652],"to":[8.5,6.03672,11.22652],"rotation":{"origin":[8.0,10.79877,8.0],"axis":"x","angle":45.0},"faces":{"north":{"uv":[8.5,4.75,8.25,5.25],"texture":"#1"},"east":{"uv":[7.25,4.75,6.75,5.25],"texture":"#1"},"south":{"uv":[8.75,0.75,8.5,1.25],"texture":"#1"},"west":{"uv":[7.25,5.5,6.75,6.0],"texture":"#1"},"up":{"uv":[8.5,1.75,9.0,1.5],"texture":"#1","rotation":90},"down":{"uv":[8.5,2.0,9.0,2.25],"texture":"#1","rotation":270}}},{"from":[7.62,3.53649,5.02608],"to":[8.38,5.03649,6.02608],"rotation":{"origin":[8.0,10.79877,8.0],"axis":"y","angle":0.0},"faces":{"north":{"uv":[0.9375,9.25,0.75,9.625],"texture":"#1"},"east":{"uv":[5.75,8.75,5.5,9.125],"texture":"#1"},"south":{"uv":[1.4375,9.25,1.25,9.625],"texture":"#1"},"west":{"uv":[7.5,8.75,7.25,9.125],"texture":"#1"},"up":{"uv":[5.25,9.6875,5.5,9.5],"texture":"#1","rotation":90},"down":{"uv":[9.5,5.25,9.75,5.4375],"texture":"#1","rotation":270}}},{"from":[7.625,2.91675,10.99195],"to":[8.375,4.41675,11.99195],"rotation":{"origin":[8.0,10.79877,8.0],"axis":"x","angle":45.0},"faces":{"north":{"uv":[9.4375,1.25,9.25,1.625],"texture":"#1"},"east":{"uv":[8.0,8.75,7.75,9.125],"texture":"#1"},"south":{"uv":[1.9375,9.25,1.75,9.625],"texture":"#1"},"west":{"uv":[9.0,8.0,8.75,8.375],"texture":"#1"},"up":{"uv":[5.75,9.6875,6.0,9.5],"texture":"#1","rotation":90},"down":{"uv":[9.5,5.75,9.75,5.9375],"texture":"#1","rotation":270}}},{"from":[7.62,2.39972,4.5422],"to":[8.38,3.10972,5.2522],"rotation":{"origin":[8.0,10.79877,8.0],"axis":"y","angle":0.0},"faces":{"north":{"uv":[0.1875,9.75,0.0,9.9375],"texture":"#1"},"east":{"uv":[8.9375,9.5,8.75,9.6875],"texture":"#1"},"south":{"uv":[9.9375,1.25,9.75,1.4375],"texture":"#1"},"west":{"uv":[9.9375,0.0,9.75,0.1875],"texture":"#1"},"up":{"uv":[2.25,9.9375,2.4375,9.75],"texture":"#1","rotation":90},"down":{"uv":[9.75,2.5,9.9375,2.6875],"texture":"#1","rotation":270}}},{"from":[7.575,-6.05194,15.97938],"to":[8.425,-4.05194,17.97938],"rotation":{"origin":[8.0,6.04877,8.0],"axis":"x","angle":45.0},"faces":{"north":{"uv":[6.9375,8.5,6.75,9.0],"texture":"#1"},"east":{"uv":[6.0,6.5,5.5,7.0],"texture":"#1"},"south":{"uv":[8.9375,2.5,8.75,3.0],"texture":"#1"},"west":{"uv":[6.75,6.5,6.25,7.0],"texture":"#1"},"up":{"uv":[8.75,3.4375,9.25,3.25],"texture":"#1","rotation":90},"down":{"uv":[8.75,4.75,9.25,4.9375],"texture":"#1","rotation":270}}},{"from":[6.825,-3.4,7.0],"to":[9.175,-1.4,9.0],"rotation":{"origin":[8.0,-2.4,8.0],"axis":"x","angle":-45.0},"faces":{"north":{"uv":[8.9375,2.5,8.75,3.0],"texture":"#1","rotation":180},"east":{"uv":[6.0,6.5,5.5,7.0],"texture":"#1","rotation":180},"south":{"uv":[6.9375,8.5,6.75,9.0],"texture":"#1","rotation":180},"west":{"uv":[6.75,6.5,6.25,7.0],"texture":"#1","rotation":180},"up":{"uv":[8.75,4.75,9.25,4.9375],"texture":"#1","rotation":270},"down":{"uv":[8.75,3.4375,9.25,3.25],"texture":"#1","rotation":90}}},{"from":[7.625,-8.45397,-0.12602],"to":[8.375,-5.95397,0.87398],"rotation":{"origin":[8.0,6.04877,8.0],"axis":"x","angle":-22.5},"faces":{"north":{"uv":[8.6875,5.5,8.5,6.125],"texture":"#1"},"east":{"uv":[6.5,7.25,6.25,7.875],"texture":"#1"},"south":{"uv":[8.6875,6.5,8.5,7.125],"texture":"#1"},"west":{"uv":[7.75,0.0,7.5,0.625],"texture":"#1"},"up":{"uv":[4.75,9.6875,5.0,9.5],"texture":"#1","rotation":90},"down":{"uv":[9.5,4.75,9.75,4.9375],"texture":"#1","rotation":270}}},{"from":[7.5,-6.8626,19.41137],"to":[8.5,-5.3626,20.91137],"rotation":{"origin":[8.0,6.04877,8.0],"axis":"x","angle":45.0},"faces":{"north":{"uv":[9.0,0.5,9.25,0.875],"texture":"#1"},"east":{"uv":[4.75,7.5,5.125,7.875],"texture":"#1"},"south":{"uv":[8.75,8.75,9.0,9.125],"texture":"#1"},"west":{"uv":[7.5,5.0,7.875,5.375],"texture":"#1"},"up":{"uv":[9.375,4.0,9.0,3.75],"texture":"#1","rotation":90},"down":{"uv":[9.375,4.25,9.0,4.5],"texture":"#1","rotation":270}}},{"from":[7.45,-7.777,7.45],"to":[8.55,-3.777,8.55],"rotation":{"origin":[8.0,6.04877,8.0],"axis":"y","angle":0.0},"faces":{"north":{"uv":[7.0,0.0,7.25,1.0],"texture":"#1"},"east":{"uv":[7.0,0.0,7.25,1.0],"texture":"#1"},"south":{"uv":[7.0,0.0,7.25,1.0],"texture":"#1"},"west":{"uv":[7.0,0.0,7.25,1.0],"texture":"#1"},"up":{"uv":[9.5,2.75,9.25,2.5],"texture":"#1","rotation":90},"down":{"uv":[3.25,9.25,3.0,9.5],"texture":"#1","rotation":270}}},{"from":[7.9925,2.473,0.375],"to":[8.0025,8.973,6.875],"rotation":{"origin":[7.9925,5.8615,4.0],"axis":"x","angle":22.5},"faces":{"east":{"uv":[0.0,10.25,1.5,11.75],"texture":"#1"},"west":{"uv":[1.5,10.25,0.0,11.75],"texture":"#1"}}},{"from":[8.0,1.223,-1.375],"to":[8.0,7.723,5.125],"rotation":{"origin":[8.0,4.6115,2.25],"axis":"y","angle":0.0},"faces":{"east":{"uv":[10.5,0.1875,12.0,1.6875],"texture":"#1"},"west":{"uv":[12.0,0.1875,10.5,1.6875],"texture":"#1"}}},{"from":[8.0,1.223,10.875],"to":[8.0,7.723,17.375],"rotation":{"origin":[8.0,4.473,14.125],"axis":"x","angle":0.0},"faces":{"east":{"uv":[12.0,0.1875,10.5,1.6875],"texture":"#1"},"west":{"uv":[10.5,0.1875,12.0,1.6875],"texture":"#1"}}},{"from":[7.9975,2.473,9.125],"to":[8.0075,8.973,15.625],"rotation":{"origin":[7.9975,5.8615,12.0],"axis":"x","angle":-22.5},"faces":{"east":{"uv":[1.5,10.25,0.0,11.75],"texture":"#1"},"west":{"uv":[0.0,10.25,1.5,11.75],"texture":"#1"}}},{"from":[7.8,-15.277,4.0],"to":[8.2,-7.277,12.0],"rotation":{"origin":[8.0,6.04877,8.0],"axis":"y","angle":0.0},"faces":{"east":{"uv":[0.0,16.0,16.0,0.0],"texture":"#6"},"west":{"uv":[16.0,16.0,0.0,0.0],"texture":"#6"}}},{"from":[7.425,-5.277,-0.5],"to":[8.575,11.723,16.5],"rotation":{"origin":[8.0,3.04877,8.0],"axis":"y","angle":0.0},"faces":{"east":{"uv":[0.0,16.0,16.0,0.0],"texture":"#4","rotation":180},"west":{"uv":[16.0,16.0,0.0,0.0],"texture":"#4","rotation":180}}},{"from":[7.3,-4.277,-0.5],"to":[8.7,12.723,16.5],"rotation":{"origin":[8.0,-0.95123,8.0],"axis":"y","angle":0.0},"faces":{"east":{"uv":[0.0,16.0,16.0,0.0],"texture":"#5","rotation":180},"west":{"uv":[16.0,16.0,0.0,0.0],"texture":"#5","rotation":180}}},{"from":[7.8,5.50775,10.24076],"to":[8.2,13.50775,18.24076],"rotation":{"origin":[8.0,10.79877,8.0],"axis":"x","angle":45.0},"faces":{"east":{"uv":[0.0,16.0,16.0,0.0],"texture":"#3","rotation":180},"west":{"uv":[0.0,0.0,16.0,16.0],"texture":"#3"}}},{"from":[7.8,5.50775,-2.24076],"to":[8.2,13.50775,5.75924],"rotation":{"origin":[8.0,10.79877,8.0],"axis":"x","angle":-45.0},"faces":{"east":{"uv":[16.0,16.0,0.0,0.0],"texture":"#3","rotation":180},"west":{"uv":[16.0,0.0,0.0,16.0],"texture":"#3"}}},{"from":[7.2,-3.777,7.2],"to":[8.8,-2.777,8.8],"rotation":{"origin":[8.0,6.04877,8.0],"axis":"y","angle":0.0},"faces":{"north":{"uv":[4.75,9.0,5.125,9.25],"texture":"#1"},"east":{"uv":[4.75,9.0,5.125,9.25],"texture":"#1"},"south":{"uv":[4.75,9.0,5.125,9.25],"texture":"#1"},"west":{"uv":[4.75,9.0,5.125,9.25],"texture":"#1"},"up":{"uv":[8.125,1.375,7.75,1.0],"texture":"#1","rotation":90},"down":{"uv":[8.125,1.75,7.75,2.125],"texture":"#1","rotation":270}}},{"from":[7.0,3.86867,12.4301],"to":[9.0,6.36867,14.9301],"rotation":{"origin":[8.0,10.79877,8.0],"axis":"x","angle":45.0},"faces":{"north":{"uv":[6.25,2.25,6.75,2.875],"texture":"#1"},"east":{"uv":[6.0,1.25,6.625,1.875],"texture":"#1"},"south":{"uv":[6.25,0.0,6.75,0.625],"texture":"#1"},"west":{"uv":[6.0,1.25,6.625,1.875],"texture":"#1","rotation":270},"up":{"uv":[6.875,3.75,6.25,3.25],"texture":"#1","rotation":90},"down":{"uv":[6.875,4.0,6.25,4.5],"texture":"#1","rotation":270}}},{"from":[7.125,1.6659,6.9],"to":[8.875,3.8659,9.1],"rotation":{"origin":[8.0,10.79877,8.0],"axis":"y","angle":0.0},"faces":{"north":{"uv":[7.0,6.25,7.4375,6.75],"texture":"#1"},"east":{"uv":[7.0,1.25,7.5,1.75],"texture":"#1"},"south":{"uv":[7.0,2.0,7.4375,2.5],"texture":"#1"},"west":{"uv":[7.0,1.25,7.5,1.75],"texture":"#1"},"up":{"uv":[7.5,7.4375,7.0,7.0],"texture":"#1","rotation":90},"down":{"uv":[7.75,2.75,7.25,3.1875],"texture":"#1","rotation":270}}},{"from":[7.375,-5.08358,17.38235],"to":[8.625,-3.33358,19.13235],"rotation":{"origin":[8.0,6.04877,8.0],"axis":"x","angle":45.0},"faces":{"north":{"uv":[7.5,8.0,7.8125,8.4375],"texture":"#1"},"east":{"uv":[7.25,3.5,7.6875,3.9375],"texture":"#1"},"south":{"uv":[5.5,8.0,5.8125,8.4375],"texture":"#1"},"west":{"uv":[5.5,7.25,5.9375,7.6875],"texture":"#1"},"up":{"uv":[8.6875,4.3125,8.25,4.0],"texture":"#1","rotation":90},"down":{"uv":[5.1875,8.25,4.75,8.5625],"texture":"#1","rotation":270}}},{"from":[7.5,-9.1841,7.25],"to":[8.5,-7.6841,8.75],"rotation":{"origin":[8.0,6.04877,8.0],"axis":"y","angle":0.0},"faces":{"north":{"uv":[9.0,6.0,9.25,6.375],"texture":"#1"},"east":{"uv":[7.75,5.75,8.125,6.125],"texture":"#1"},"south":{"uv":[9.0,5.25,9.25,5.625],"texture":"#1"},"west":{"uv":[7.75,5.75,8.125,6.125],"texture":"#1"},"up":{"uv":[9.375,7.0,9.0,6.75],"texture":"#1","rotation":90},"down":{"uv":[0.375,9.25,0.0,9.5],"texture":"#1","rotation":270}}},{"from":[7.2,-4.527,7.2],"to":[8.8,-4.027,8.8],"rotation":{"origin":[8.0,6.04877,8.0],"axis":"y","angle":0.0},"faces":{"north":{"uv":[9.5,6.25,9.875,6.375],"texture":"#1"},"east":{"uv":[9.5,6.25,9.875,6.375],"texture":"#1"},"south":{"uv":[9.5,6.25,9.875,6.375],"texture":"#1"},"west":{"uv":[9.5,6.25,9.875,6.375],"texture":"#1"},"up":{"uv":[8.125,6.875,7.75,6.5],"texture":"#1","rotation":90},"down":{"uv":[7.125,7.75,6.75,8.125],"texture":"#1","rotation":270}}},{"from":[7.2,-6.777,7.2],"to":[8.8,-6.277,8.8],"rotation":{"origin":[8.0,6.04877,8.0],"axis":"y","angle":0.0},"faces":{"north":{"uv":[9.5,6.25,9.875,6.375],"texture":"#1"},"east":{"uv":[9.5,6.25,9.875,6.375],"texture":"#1"},"south":{"uv":[9.5,6.25,9.875,6.375],"texture":"#1"},"west":{"uv":[9.5,6.25,9.875,6.375],"texture":"#1"},"up":{"uv":[8.125,7.625,7.75,7.25],"texture":"#1","rotation":90},"down":{"uv":[8.375,0.0,8.0,0.375],"texture":"#1","rotation":270}}},{"from":[7.2,-8.027,7.2],"to":[8.8,-7.027,8.8],"rotation":{"origin":[8.0,6.04877,8.0],"axis":"y","angle":0.0},"faces":{"north":{"uv":[4.75,9.0,5.125,9.25],"texture":"#1"},"east":{"uv":[4.75,9.0,5.125,9.25],"texture":"#1"},"south":{"uv":[4.75,9.0,5.125,9.25],"texture":"#1"},"west":{"uv":[4.75,9.0,5.125,9.25],"texture":"#1"},"up":{"uv":[8.375,2.875,8.0,2.5],"texture":"#1","rotation":90},"down":{"uv":[8.375,3.25,8.0,3.625],"texture":"#1","rotation":270}}}],"textures":{"particle":"8213c431-7a5b-4161-bab9-af69852bb5b6","1":"5da544b7-4c16-474a-8435-179d649d81a6","3":"13f655a6-d352-4401-8b40-f0389582dbe8","4":"5fe7ee98-9d52-443f-af5a-59b9d65303d8","5":"e75ae453-0a91-4499-b967-c3e8711f133a","6":"8213c431-7a5b-4161-bab9-af69852bb5b6"},"gui_light":"front"}