{"display":{"thirdperson_righthand":{"translation":[0.0,-3.75,1.0]},"thirdperson_lefthand":{"translation":[0.0,-3.75,1.0]},"firstperson_righthand":{"rotation":[-10.0,0.0,0.0],"translation":[0.0,-4.25,0.0]},"firstperson_lefthand":{"rotation":[-10.0,0.0,0.0],"translation":[0.0,-4.25,0.0]},"ground":{"rotation":[45.0,0.0,0.0],"translation":[0.0,10.75,0.0]},"gui":{"rotation":[-90.0,45.0,90.0],"translation":[3.25,-3.25,0.0],"scale":[0.67773,0.67773,0.67773]},"head":{"rotation":[-90.0,90.0,90.0]},"fixed":{"rotation":[-90.0,90.0,90.0],"translation":[0.0,-10.25,-1.25],"scale":[1.5,1.5,1.5]}},"elements":[{"from":[7.395,-1.105,7.395],"to":[8.605,0.105,8.605],"rotation":{"origin":[8.0,-0.5,8.0],"axis":"x","angle":-45.0},"faces":{"north":{"uv":[3.33333,13.33333,4.16667,14.16667],"texture":"#3"},"east":{"uv":[4.66667,13.33333,5.5,14.16667],"texture":"#3"},"south":{"uv":[7.33333,13.33333,8.16667,14.16667],"texture":"#3"},"west":{"uv":[9.33333,13.33333,10.16667,14.16667],"texture":"#3"},"up":{"uv":[12.16667,14.16667,11.33333,13.33333],"texture":"#3"},"down":{"uv":[14.16667,11.33333,13.33333,12.16667],"texture":"#3"}}},{"from":[7.195,-0.905,7.595],"to":[8.805,-0.095,8.405],"rotation":{"origin":[8.0,-0.5,8.0],"axis":"x","angle":-45.0},"faces":{"north":{"uv":[14.0,1.33333,15.0,1.83333],"texture":"#3"},"east":{"uv":[15.33333,0.0,15.83333,0.5],"texture":"#3"},"south":{"uv":[14.0,2.66667,15.0,3.16667],"texture":"#3"},"west":{"uv":[15.33333,0.66667,15.83333,1.16667],"texture":"#3"},"up":{"uv":[15.0,3.83333,14.0,3.33333],"texture":"#3"},"down":{"uv":[15.0,4.0,14.0,4.5],"texture":"#3"}}},{"from":[7.75,-1.25,6.525],"to":[8.25,-0.25,8.025],"rotation":{"origin":[8.0,-0.75,7.025],"axis":"x","angle":-22.5},"faces":{"east":{"uv":[13.33333,2.0,14.33333,2.66667],"texture":"#3"},"west":{"uv":[1.33333,14.0,2.33333,14.66667],"texture":"#3"},"up":{"uv":[15.0,13.0,14.66667,12.0],"texture":"#3"},"down":{"uv":[13.0,14.66667,12.66667,15.66667],"texture":"#3"}}},{"from":[7.5,-1.4235,6.18118],"to":[8.5,0.5765,7.18118],"rotation":{"origin":[8.0,0.15761,6.77343],"axis":"x","angle":0.0},"faces":{"north":{"uv":[6.0,12.0,5.33333,13.33333],"texture":"#3","rotation":180},"east":{"uv":[12.0,2.0,13.33333,2.66667],"texture":"#3","rotation":270},"south":{"uv":[8.0,4.66667,7.33333,3.33333],"texture":"#3"},"west":{"uv":[3.33333,12.0,4.66667,12.66667],"texture":"#3","rotation":90},"up":{"uv":[6.0,4.66667,6.66667,5.33333],"texture":"#3","rotation":180},"down":{"uv":[10.0,9.33333,10.66667,10.0],"texture":"#3"}}},{"from":[7.5015,-0.25787,5.76555],"to":[8.4985,0.74213,6.76555],"rotation":{"origin":[8.0,0.15761,6.77343],"axis":"x","angle":45.0},"faces":{"north":{"uv":[10.66667,2.66667,11.33333,3.33333],"texture":"#3"},"east":{"uv":[10.66667,7.33333,11.33333,8.0],"texture":"#3"},"west":{"uv":[2.0,13.33333,2.66667,14.0],"texture":"#3"},"up":{"uv":[14.66667,6.66667,14.0,6.0],"texture":"#3"},"down":{"uv":[7.33333,14.0,6.66667,14.66667],"texture":"#3"}}},{"from":[7.5,-0.25,7.5],"to":[8.5,0.75,8.5],"rotation":{"origin":[7.5,-0.25,7.5],"axis":"y","angle":0.0},"faces":{"north":{"uv":[14.0,6.66667,14.66667,7.33333],"texture":"#3"},"east":{"uv":[14.0,7.33333,14.66667,8.0],"texture":"#3"},"south":{"uv":[14.0,8.0,14.66667,8.66667],"texture":"#3"},"west":{"uv":[8.66667,14.0,9.33333,14.66667],"texture":"#3"},"up":{"uv":[14.66667,9.33333,14.0,8.66667],"texture":"#3"},"down":{"uv":[14.66667,9.33333,14.0,10.0],"texture":"#3"}}},{"from":[7.5,3.55,7.5],"to":[8.5,5.55,8.5],"rotation":{"origin":[7.5,3.55,7.5],"axis":"y","angle":0.0},"faces":{"north":{"uv":[6.0,12.0,6.66667,13.33333],"texture":"#3"},"east":{"uv":[12.0,9.33333,12.66667,10.66667],"texture":"#3"},"south":{"uv":[12.0,10.66667,12.66667,12.0],"texture":"#3"},"west":{"uv":[12.0,12.0,12.66667,13.33333],"texture":"#3"},"down":{"uv":[14.66667,10.0,14.0,10.66667],"texture":"#3"}}},{"from":[7.6,0.75,7.6],"to":[8.4,3.55,8.4],"rotation":{"origin":[7.5,1.65,7.5],"axis":"y","angle":0.0},"faces":{"north":{"uv":[2.0,11.33333,2.5,13.16667],"texture":"#3"},"east":{"uv":[4.66667,11.33333,5.16667,13.16667],"texture":"#3"},"south":{"uv":[9.33333,11.33333,9.83333,13.16667],"texture":"#3"},"west":{"uv":[11.33333,9.33333,11.83333,11.16667],"texture":"#3"}}},{"from":[7.5,9.85,7.5],"to":[8.5,11.85,8.5],"rotation":{"origin":[7.5,3.6,7.5],"axis":"y","angle":0.0},"faces":{"north":{"uv":[8.66667,12.66667,9.33333,14.0],"texture":"#3"},"east":{"uv":[10.66667,12.66667,11.33333,14.0],"texture":"#3"},"south":{"uv":[12.66667,11.33333,13.33333,12.66667],"texture":"#3"},"west":{"uv":[12.66667,12.66667,13.33333,14.0],"texture":"#3"},"down":{"uv":[12.66667,14.66667,12.0,15.33333],"texture":"#3"}}},{"from":[7.6,7.05,7.6],"to":[8.4,9.85,8.4],"rotation":{"origin":[7.5,1.7,7.5],"axis":"y","angle":0.0},"faces":{"north":{"uv":[10.0,11.33333,10.5,13.16667],"texture":"#3"},"east":{"uv":[11.33333,11.33333,11.83333,13.16667],"texture":"#3"},"south":{"uv":[12.0,0.0,12.5,1.83333],"texture":"#3"},"west":{"uv":[2.66667,12.0,3.16667,13.83333],"texture":"#3"}}},{"from":[7.5,6.05,7.5],"to":[8.5,7.05,8.5],"rotation":{"origin":[7.5,-0.2,7.5],"axis":"y","angle":0.0},"faces":{"north":{"uv":[10.0,14.66667,10.66667,15.33333],"texture":"#3"},"east":{"uv":[14.66667,10.0,15.33333,10.66667],"texture":"#3"},"south":{"uv":[10.66667,14.66667,11.33333,15.33333],"texture":"#3"},"west":{"uv":[14.66667,10.66667,15.33333,11.33333],"texture":"#3"},"up":{"uv":[12.0,15.33333,11.33333,14.66667],"texture":"#3"},"down":{"uv":[15.33333,11.33333,14.66667,12.0],"texture":"#3"}}},{"from":[7.4,22.0,7.0],"to":[8.6,24.0,9.0],"rotation":{"origin":[8.0,23.0,8.0],"axis":"x","angle":45.0},"faces":{"north":{"uv":[6.66667,10.0,7.5,11.33333],"texture":"#3"},"east":{"uv":[9.33333,0.0,10.66667,1.33333],"texture":"#3"},"south":{"uv":[10.0,8.0,10.83333,9.33333],"texture":"#3"},"west":{"uv":[0.66667,9.33333,2.0,10.66667],"texture":"#3"},"up":{"uv":[10.16667,11.33333,9.33333,10.0],"texture":"#3"},"down":{"uv":[11.5,0.0,10.66667,1.33333],"texture":"#3"}}},{"from":[7.2,22.2,7.2],"to":[8.8,23.8,8.8],"rotation":{"origin":[8.0,23.0,8.0],"axis":"x","angle":45.0},"faces":{"north":{"uv":[10.66667,1.33333,11.66667,2.33333],"texture":"#3"},"east":{"uv":[11.33333,2.66667,12.33333,3.66667],"texture":"#3"},"south":{"uv":[11.33333,4.0,12.33333,5.0],"texture":"#3"},"west":{"uv":[11.33333,5.33333,12.33333,6.33333],"texture":"#3"},"up":{"uv":[7.66667,12.33333,6.66667,11.33333],"texture":"#3"},"down":{"uv":[12.33333,6.66667,11.33333,7.66667],"texture":"#3"}}},{"from":[7.0,22.25,6.25],"to":[9.0,25.25,7.25],"rotation":{"origin":[7.0,17.0,7.25],"axis":"y","angle":0.0},"faces":{"north":{"uv":[8.0,3.33333,9.33333,5.33333],"texture":"#3"},"east":{"uv":[9.33333,1.33333,10.0,3.33333],"texture":"#3"},"south":{"uv":[8.0,5.33333,9.33333,7.33333],"texture":"#3"},"west":{"uv":[2.0,9.33333,2.66667,11.33333],"texture":"#3"},"up":{"uv":[14.0,0.66667,12.66667,0.0],"texture":"#3"},"down":{"uv":[14.0,0.66667,12.66667,1.33333],"texture":"#3"}}},{"from":[7.001,24.75,6.45711],"to":[8.999,25.75,7.45711],"rotation":{"origin":[8.001,25.25,6.95711],"axis":"x","angle":45.0},"faces":{"north":{"uv":[12.66667,1.33333,14.0,2.0],"texture":"#3"},"east":{"uv":[10.66667,14.0,11.33333,14.66667],"texture":"#3"},"south":{"uv":[12.66667,2.66667,14.0,3.33333],"texture":"#3"},"west":{"uv":[14.0,10.66667,14.66667,11.33333],"texture":"#3"},"up":{"uv":[4.66667,13.33333,3.33333,12.66667],"texture":"#3"}}},{"from":[7.001,21.75,6.04289],"to":[8.999,22.75,7.04289],"rotation":{"origin":[8.001,22.25,6.54289],"axis":"x","angle":45.0},"faces":{"north":{"uv":[12.66667,3.33333,14.0,4.0],"texture":"#3"},"east":{"uv":[12.66667,14.0,13.33333,14.66667],"texture":"#3"},"south":{"uv":[12.66667,4.0,14.0,4.66667],"texture":"#3"},"west":{"uv":[13.33333,14.0,14.0,14.66667],"texture":"#3"},"down":{"uv":[14.0,4.66667,12.66667,5.33333],"texture":"#3"}}},{"from":[7.5,25.05893,5.29861],"to":[8.5,27.05893,6.29861],"rotation":{"origin":[8.0,26.77231,6.59411],"axis":"x","angle":-22.5},"faces":{"north":{"uv":[7.33333,12.66667,6.66667,14.0],"texture":"#3","rotation":180},"east":{"uv":[12.66667,5.33333,14.0,6.0],"texture":"#3","rotation":270},"south":{"uv":[0.66667,14.0,0.0,12.66667],"texture":"#3"},"west":{"uv":[12.66667,6.0,14.0,6.66667],"texture":"#3","rotation":90},"up":{"uv":[14.0,14.0,14.66667,14.66667],"texture":"#3","rotation":180},"down":{"uv":[1.33333,14.66667,2.0,15.33333],"texture":"#3"}}},{"from":[7.501,26.05892,5.47539],"to":[8.499,29.05892,6.47539],"rotation":{"origin":[8.0,26.77231,6.59411],"axis":"x","angle":22.5},"faces":{"north":{"uv":[5.33333,9.33333,4.66667,11.33333],"texture":"#3","rotation":180},"east":{"uv":[2.66667,9.33333,4.66667,10.0],"texture":"#3","rotation":270},"south":{"uv":[10.0,6.0,9.33333,4.0],"texture":"#3"},"west":{"uv":[9.33333,3.33333,11.33333,4.0],"texture":"#3","rotation":90},"up":{"uv":[2.0,14.66667,2.66667,15.33333],"texture":"#3","rotation":180}}},{"from":[7.75,26.80892,6.47539],"to":[8.25,27.30892,7.47539],"rotation":{"origin":[8.0,26.77231,6.59411],"axis":"x","angle":22.5},"faces":{"east":{"uv":[15.33333,1.33333,15.66667,2.0],"texture":"#3","rotation":270},"south":{"uv":[9.66667,15.66667,9.33333,15.33333],"texture":"#3"},"west":{"uv":[15.33333,2.0,15.66667,2.66667],"texture":"#3","rotation":90},"up":{"uv":[1.33333,15.33333,1.66667,16.0],"texture":"#3","rotation":180},"down":{"uv":[2.0,15.33333,2.33333,16.0],"texture":"#3"}}},{"from":[7.751,26.5286,6.87171],"to":[8.249,27.9536,7.59671],"rotation":{"origin":[8.0,26.77231,6.59411],"axis":"x","angle":-22.5},"faces":{"east":{"uv":[14.0,4.66667,15.0,5.16667],"texture":"#3","rotation":270},"south":{"uv":[13.66667,15.66667,13.33333,14.66667],"texture":"#3"},"west":{"uv":[14.0,5.33333,15.0,5.83333],"texture":"#3","rotation":90},"up":{"uv":[15.33333,8.66667,15.66667,9.16667],"texture":"#3","rotation":180}}},{"from":[7.501,26.05892,9.52461],"to":[8.499,29.05892,10.52461],"rotation":{"origin":[8.0,26.77231,9.40589],"axis":"x","angle":-22.5},"faces":{"north":{"uv":[9.33333,6.0,10.0,4.0],"texture":"#3"},"east":{"uv":[2.66667,10.0,4.66667,9.33333],"texture":"#3","rotation":270},"south":{"uv":[4.66667,9.33333,5.33333,11.33333],"texture":"#3","rotation":180},"west":{"uv":[9.33333,4.0,11.33333,3.33333],"texture":"#3","rotation":90},"up":{"uv":[2.0,15.33333,2.66667,14.66667],"texture":"#3","rotation":180}}},{"from":[7.751,26.5286,8.40329],"to":[8.249,27.9536,9.12829],"rotation":{"origin":[8.0,26.77231,9.40589],"axis":"x","angle":22.5},"faces":{"north":{"uv":[13.33333,15.66667,13.66667,14.66667],"texture":"#3"},"east":{"uv":[14.0,5.16667,15.0,4.66667],"texture":"#3","rotation":270},"west":{"uv":[14.0,5.83333,15.0,5.33333],"texture":"#3","rotation":90},"up":{"uv":[15.33333,9.16667,15.66667,8.66667],"texture":"#3","rotation":180}}},{"from":[7.75,26.80892,8.52461],"to":[8.25,27.30892,9.52461],"rotation":{"origin":[8.0,26.77231,9.40589],"axis":"x","angle":-22.5},"faces":{"north":{"uv":[9.33333,15.66667,9.66667,15.33333],"texture":"#3"},"east":{"uv":[15.33333,2.0,15.66667,1.33333],"texture":"#3","rotation":270},"west":{"uv":[15.33333,2.66667,15.66667,2.0],"texture":"#3","rotation":90},"up":{"uv":[1.33333,16.0,1.66667,15.33333],"texture":"#3","rotation":180},"down":{"uv":[2.0,16.0,2.33333,15.33333],"texture":"#3"}}},{"from":[7.5,25.05893,9.70139],"to":[8.5,27.05893,10.70139],"rotation":{"origin":[8.0,26.77231,9.40589],"axis":"x","angle":22.5},"faces":{"north":{"uv":[0.0,14.0,0.66667,12.66667],"texture":"#3"},"east":{"uv":[12.66667,6.0,14.0,5.33333],"texture":"#3","rotation":270},"south":{"uv":[6.66667,12.66667,7.33333,14.0],"texture":"#3","rotation":180},"west":{"uv":[12.66667,6.66667,14.0,6.0],"texture":"#3","rotation":90},"up":{"uv":[14.0,14.66667,14.66667,14.0],"texture":"#3","rotation":180},"down":{"uv":[1.33333,15.33333,2.0,14.66667],"texture":"#3"}}},{"from":[7.5,23.0,6.5],"to":[8.5,26.0,9.5],"rotation":{"origin":[8.0,24.5,8.0],"axis":"x","angle":-45.0},"faces":{"north":{"uv":[9.33333,6.0,10.0,8.0],"texture":"#3"},"east":{"uv":[4.0,1.33333,6.0,3.33333],"texture":"#3"},"south":{"uv":[8.0,9.33333,8.66667,11.33333],"texture":"#3"},"west":{"uv":[4.0,3.33333,6.0,5.33333],"texture":"#3"},"up":{"uv":[10.0,10.0,9.33333,8.0],"texture":"#3"},"down":{"uv":[9.33333,9.33333,8.66667,11.33333],"texture":"#3"}}},{"from":[7.75,17.5,6.5],"to":[8.25,22.5,7.5],"rotation":{"origin":[7.25,31.0,0.0],"axis":"y","angle":0.0},"faces":{"north":{"uv":[0.66667,10.66667,1.0,14.0],"texture":"#3"},"east":{"uv":[8.66667,0.0,9.33333,3.33333],"texture":"#3"},"south":{"uv":[1.33333,10.66667,1.66667,14.0],"texture":"#3"},"west":{"uv":[5.33333,8.66667,6.0,12.0],"texture":"#3"},"up":{"uv":[15.66667,3.33333,15.33333,2.66667],"texture":"#3"},"down":{"uv":[3.66667,15.33333,3.33333,16.0],"texture":"#3"}}},{"from":[7.752,18.70711,5.79289],"to":[8.248,21.70711,6.79289],"rotation":{"origin":[7.252,34.20711,-0.70711],"axis":"y","angle":0.0},"faces":{"north":{"uv":[6.0,13.33333,6.33333,15.33333],"texture":"#3"},"east":{"uv":[10.0,1.33333,10.66667,3.33333],"texture":"#3"},"west":{"uv":[2.66667,10.0,3.33333,12.0],"texture":"#3"}}},{"from":[7.751,17.0,6.70711],"to":[8.249,18.0,7.70711],"rotation":{"origin":[8.001,17.5,7.20711],"axis":"x","angle":-45.0},"faces":{"north":{"uv":[15.33333,3.33333,15.66667,4.0],"texture":"#3"},"east":{"uv":[14.66667,2.0,15.33333,2.66667],"texture":"#3"},"south":{"uv":[4.0,15.33333,4.33333,16.0],"texture":"#3"},"west":{"uv":[3.33333,14.66667,4.0,15.33333],"texture":"#3"},"down":{"uv":[15.66667,4.0,15.33333,4.66667],"texture":"#3"}}},{"from":[7.751,18.20711,6.0],"to":[8.249,19.20711,7.0],"rotation":{"origin":[8.001,18.70711,6.5],"axis":"x","angle":-45.0},"faces":{"north":{"uv":[4.66667,15.33333,5.0,16.0],"texture":"#3"},"east":{"uv":[4.0,14.66667,4.66667,15.33333],"texture":"#3"},"west":{"uv":[4.66667,14.66667,5.33333,15.33333],"texture":"#3"},"up":{"uv":[15.66667,5.33333,15.33333,4.66667],"texture":"#3"}}},{"from":[7.751,21.20711,6.0],"to":[8.249,22.20711,7.0],"rotation":{"origin":[8.001,21.70711,6.5],"axis":"x","angle":-45.0},"faces":{"north":{"uv":[5.33333,15.33333,5.66667,16.0],"texture":"#3"},"east":{"uv":[5.33333,14.66667,6.0,15.33333],"texture":"#3"},"west":{"uv":[14.66667,6.0,15.33333,6.66667],"texture":"#3"},"up":{"uv":[15.66667,6.0,15.33333,5.33333],"texture":"#3"}}},{"from":[7.975,-1.78335,5.87482],"to":[8.025,3.21665,7.87482],"rotation":{"origin":[8.0,0.15761,6.77343],"axis":"x","angle":0.0},"faces":{"east":{"uv":[7.33333,0.0,4.0,1.33333],"texture":"#3","rotation":270},"west":{"uv":[4.0,0.0,7.33333,1.33333],"texture":"#3","rotation":90}}},{"from":[7.5,-1.4235,8.81882],"to":[8.5,0.5765,9.81882],"rotation":{"origin":[8.0,0.15761,9.22657],"axis":"x","angle":0.0},"faces":{"north":{"uv":[7.33333,4.66667,8.0,3.33333],"texture":"#3"},"east":{"uv":[12.0,2.66667,13.33333,2.0],"texture":"#3","rotation":270},"south":{"uv":[5.33333,12.0,6.0,13.33333],"texture":"#3","rotation":180},"west":{"uv":[3.33333,12.66667,4.66667,12.0],"texture":"#3","rotation":90},"up":{"uv":[6.0,5.33333,6.66667,4.66667],"texture":"#3","rotation":180},"down":{"uv":[10.0,10.0,10.66667,9.33333],"texture":"#3"}}},{"from":[7.5015,-0.25787,9.23445],"to":[8.4985,0.74213,10.23445],"rotation":{"origin":[8.0,0.15761,9.22657],"axis":"x","angle":-45.0},"faces":{"east":{"uv":[11.33333,7.33333,10.66667,8.0],"texture":"#3"},"south":{"uv":[11.33333,2.66667,10.66667,3.33333],"texture":"#3"},"west":{"uv":[2.66667,13.33333,2.0,14.0],"texture":"#3"},"up":{"uv":[14.66667,6.0,14.0,6.66667],"texture":"#3"},"down":{"uv":[7.33333,14.66667,6.66667,14.0],"texture":"#3"}}},{"from":[7.975,-1.78335,8.12518],"to":[8.025,3.21665,10.12518],"rotation":{"origin":[8.0,0.15761,9.22657],"axis":"x","angle":0.0},"faces":{"east":{"uv":[7.33333,1.33333,4.0,0.0],"texture":"#3","rotation":270},"west":{"uv":[4.0,1.33333,7.33333,0.0],"texture":"#3","rotation":90}}},{"from":[7.75,-1.25,7.975],"to":[8.25,-0.25,9.475],"rotation":{"origin":[8.0,-0.75,8.975],"axis":"x","angle":22.5},"faces":{"east":{"uv":[14.33333,2.0,13.33333,2.66667],"texture":"#3"},"west":{"uv":[2.33333,14.0,1.33333,14.66667],"texture":"#3"},"up":{"uv":[15.0,12.0,14.66667,13.0],"texture":"#3"},"down":{"uv":[13.0,15.66667,12.66667,14.66667],"texture":"#3"}}},{"from":[7.425,16.55,7.425],"to":[8.575,22.25,8.575],"rotation":{"origin":[7.5,16.55,7.5],"axis":"y","angle":0.0},"faces":{"north":{"uv":[0.0,5.33333,0.83333,9.16667],"texture":"#3"},"east":{"uv":[1.33333,5.33333,2.16667,9.16667],"texture":"#3"},"south":{"uv":[2.66667,5.33333,3.5,9.16667],"texture":"#3"},"west":{"uv":[4.0,5.33333,4.83333,9.16667],"texture":"#3"},"down":{"uv":[14.16667,12.66667,13.33333,13.5],"texture":"#3"}}},{"from":[7.975,24.75,5.25],"to":[8.025,32.0,10.75],"rotation":{"origin":[7.975,11.0,4.25],"axis":"y","angle":0.0},"faces":{"east":{"uv":[3.66667,0.0,0.0,4.83333],"texture":"#3"},"west":{"uv":[0.0,0.0,3.66667,4.83333],"texture":"#3"}}},{"from":[7.001,24.75,8.54289],"to":[8.999,25.75,9.54289],"rotation":{"origin":[8.001,25.25,9.04289],"axis":"x","angle":-45.0},"faces":{"north":{"uv":[12.66667,6.66667,14.0,7.33333],"texture":"#3"},"east":{"uv":[6.66667,14.66667,7.33333,15.33333],"texture":"#3"},"south":{"uv":[7.33333,12.66667,8.66667,13.33333],"texture":"#3"},"west":{"uv":[14.66667,6.66667,15.33333,7.33333],"texture":"#3"},"up":{"uv":[14.0,8.0,12.66667,7.33333],"texture":"#3"}}},{"from":[7.0,22.25,8.75],"to":[9.0,25.25,9.75],"rotation":{"origin":[7.0,17.0,8.75],"axis":"y","angle":0.0},"faces":{"north":{"uv":[6.66667,8.0,8.0,10.0],"texture":"#3"},"east":{"uv":[3.33333,10.0,4.0,12.0],"texture":"#3"},"south":{"uv":[8.0,7.33333,9.33333,9.33333],"texture":"#3"},"west":{"uv":[4.0,10.0,4.66667,12.0],"texture":"#3"},"up":{"uv":[14.0,8.66667,12.66667,8.0],"texture":"#3"},"down":{"uv":[14.0,8.66667,12.66667,9.33333],"texture":"#3"}}},{"from":[7.001,21.75,8.95711],"to":[8.999,22.75,9.95711],"rotation":{"origin":[8.001,22.25,9.45711],"axis":"x","angle":-45.0},"faces":{"north":{"uv":[12.66667,9.33333,14.0,10.0],"texture":"#3"},"east":{"uv":[7.33333,14.66667,8.0,15.33333],"texture":"#3"},"south":{"uv":[12.66667,10.0,14.0,10.66667],"texture":"#3"},"west":{"uv":[14.66667,7.33333,15.33333,8.0],"texture":"#3"},"down":{"uv":[14.0,10.66667,12.66667,11.33333],"texture":"#3"}}},{"from":[7.751,21.20711,9.0],"to":[8.249,22.20711,10.0],"rotation":{"origin":[8.001,21.70711,9.5],"axis":"x","angle":45.0},"faces":{"east":{"uv":[8.0,14.66667,8.66667,15.33333],"texture":"#3"},"south":{"uv":[6.0,15.33333,6.33333,16.0],"texture":"#3"},"west":{"uv":[14.66667,8.0,15.33333,8.66667],"texture":"#3"},"up":{"uv":[15.66667,6.66667,15.33333,6.0],"texture":"#3"}}},{"from":[7.752,18.70711,9.20711],"to":[8.248,21.70711,10.20711],"rotation":{"origin":[7.252,34.20711,16.70711],"axis":"y","angle":0.0},"faces":{"east":{"uv":[10.0,4.0,10.66667,6.0],"texture":"#3"},"south":{"uv":[2.66667,14.0,3.0,16.0],"texture":"#3"},"west":{"uv":[10.0,6.0,10.66667,8.0],"texture":"#3"}}},{"from":[7.751,18.20711,9.0],"to":[8.249,19.20711,10.0],"rotation":{"origin":[8.001,18.70711,9.5],"axis":"x","angle":45.0},"faces":{"east":{"uv":[8.66667,14.66667,9.33333,15.33333],"texture":"#3"},"south":{"uv":[6.66667,15.33333,7.0,16.0],"texture":"#3"},"west":{"uv":[14.66667,8.66667,15.33333,9.33333],"texture":"#3"},"up":{"uv":[15.66667,7.33333,15.33333,6.66667],"texture":"#3"}}},{"from":[7.75,17.5,8.5],"to":[8.25,22.5,9.5],"rotation":{"origin":[7.25,31.0,16.0],"axis":"y","angle":0.0},"faces":{"north":{"uv":[10.66667,4.0,11.0,7.33333],"texture":"#3"},"east":{"uv":[6.0,8.66667,6.66667,12.0],"texture":"#3"},"south":{"uv":[10.66667,9.33333,11.0,12.66667],"texture":"#3"},"west":{"uv":[0.0,9.33333,0.66667,12.66667],"texture":"#3"},"up":{"uv":[7.66667,16.0,7.33333,15.33333],"texture":"#3"},"down":{"uv":[15.66667,7.33333,15.33333,8.0],"texture":"#3"}}},{"from":[7.751,17.0,8.29289],"to":[8.249,18.0,9.29289],"rotation":{"origin":[8.001,17.5,8.79289],"axis":"x","angle":45.0},"faces":{"north":{"uv":[8.0,15.33333,8.33333,16.0],"texture":"#3"},"east":{"uv":[9.33333,14.66667,10.0,15.33333],"texture":"#3"},"south":{"uv":[15.33333,8.0,15.66667,8.66667],"texture":"#3"},"west":{"uv":[14.66667,9.33333,15.33333,10.0],"texture":"#3"},"down":{"uv":[9.0,15.33333,8.66667,16.0],"texture":"#3"}}},{"from":[6.9,20.5,5.5],"to":[6.9,25.5,10.5],"rotation":{"origin":[6.75,17.0,8.0],"axis":"x","angle":0.0},"faces":{"west":{"uv":[0.0,0.0,10.0,10.0],"texture":"#2"}}},{"from":[7.75,0.25,2.0],"to":[7.75,4.75,4.25],"rotation":{"origin":[7.75,10.25,3.875],"axis":"x","angle":-22.5},"faces":{"west":{"uv":[9.33333,0.0,12.33333,6.0],"texture":"#1"}}},{"from":[7.75,0.25,11.75],"to":[7.75,4.75,14.0],"rotation":{"origin":[7.75,10.25,12.125],"axis":"x","angle":22.5},"faces":{"west":{"uv":[12.33333,0.0,9.33333,6.0],"texture":"#1"}}},{"from":[7.7,21.0,3.25],"to":[7.7,32.0,7.25],"rotation":{"origin":[7.7,26.5,5.25],"axis":"x","angle":0.0},"faces":{"west":{"uv":[5.33333,14.66667,0.0,0.0],"texture":"#1","rotation":180}}},{"from":[7.7,21.0,8.75],"to":[7.7,32.0,12.75],"rotation":{"origin":[7.7,26.5,10.75],"axis":"x","angle":0.0},"faces":{"west":{"uv":[0.0,14.66667,5.33333,0.0],"texture":"#1","rotation":180}}},{"from":[8.3,21.0,8.75],"to":[8.3,32.0,12.75],"rotation":{"origin":[8.3,26.5,10.75],"axis":"x","angle":0.0},"faces":{"east":{"uv":[5.33333,14.66667,0.0,0.0],"texture":"#1","rotation":180}}},{"from":[8.3,21.0,3.25],"to":[8.3,32.0,7.25],"rotation":{"origin":[8.3,26.5,5.25],"axis":"x","angle":0.0},"faces":{"east":{"uv":[0.0,14.66667,5.33333,0.0],"texture":"#1","rotation":180}}},{"from":[9.1,20.5,5.5],"to":[9.1,25.5,10.5],"rotation":{"origin":[9.25,17.0,8.0],"axis":"x","angle":0.0},"faces":{"east":{"uv":[10.0,0.0,0.0,10.0],"texture":"#2"}}},{"from":[8.25,0.25,2.0],"to":[8.25,4.75,4.25],"rotation":{"origin":[8.25,10.25,3.875],"axis":"x","angle":-22.5},"faces":{"east":{"uv":[12.33333,0.0,9.33333,6.0],"texture":"#1"}}},{"from":[8.25,0.25,11.75],"to":[8.25,4.75,14.0],"rotation":{"origin":[8.25,10.25,12.125],"axis":"x","angle":22.5},"faces":{"east":{"uv":[9.33333,0.0,12.33333,6.0],"texture":"#1"}}},{"from":[7.4,5.55,7.4],"to":[8.6,6.05,8.6],"rotation":{"origin":[7.5,5.55,7.5],"axis":"y","angle":0.0},"faces":{"north":{"uv":[14.66667,13.33333,15.5,13.66667],"texture":"#3"},"east":{"uv":[14.0,14.66667,14.83333,15.0],"texture":"#3"},"south":{"uv":[14.66667,14.0,15.5,14.33333],"texture":"#3"},"west":{"uv":[0.0,15.33333,0.83333,15.66667],"texture":"#3"},"up":{"uv":[0.83333,14.83333,0.0,14.0],"texture":"#3"},"down":{"uv":[14.83333,0.0,14.0,0.83333],"texture":"#3"}}},{"from":[7.3,11.85,7.3],"to":[8.7,16.55,8.7],"rotation":{"origin":[7.5,11.85,7.5],"axis":"y","angle":0.0},"faces":{"north":{"uv":[5.33333,5.33333,6.33333,8.5],"texture":"#3"},"east":{"uv":[6.0,1.33333,7.0,4.5],"texture":"#3"},"south":{"uv":[6.66667,4.66667,7.66667,7.83333],"texture":"#3"},"west":{"uv":[7.33333,0.0,8.33333,3.16667],"texture":"#3"},"up":{"uv":[9.0,12.33333,8.0,11.33333],"texture":"#3"},"down":{"uv":[12.33333,8.0,11.33333,9.0],"texture":"#3"}}}],"textures":{"1":"1525cd53-65f3-4c2c-ada6-3a25575d7ccb","2":"a6eb46c0-48ee-48bf-8fdb-40f81929f3cf","3":"f99973be-c725-4ac0-9ff5-7c6bb5d63cfa"},"gui_light":"front"}