{"display":{"thirdperson_righthand":{"rotation":[75.0,16.0,0.0],"translation":[0.0,2.5,0.0],"scale":[0.375,0.375,0.375]},"thirdperson_lefthand":{"rotation":[75.0,16.0,0.0],"translation":[0.0,2.5,0.0],"scale":[0.375,0.375,0.375]},"firstperson_righthand":{"rotation":[0.0,151.0,0.0],"translation":[-4.0,0.0,-1.5],"scale":[0.4,0.4,0.4]},"firstperson_lefthand":{"rotation":[0.0,151.0,0.0],"translation":[-4.0,0.0,-1.5],"scale":[0.4,0.4,0.4]},"gui":{"rotation":[30.0,225.0,0.0],"translation":[0.0,-1.75,0.0],"scale":[0.39063,0.39063,0.39063]},"ground":{"translation":[0.0,3.0,0.0],"scale":[0.25,0.25,0.25]},"fixed":{"rotation":[-90.0,0.0,0.0],"translation":[0.0,0.0,-11.5],"scale":[1.45,1.45,1.45]}},"elements":[{"from":[-9.0,12.0,-2.0],"to":[25.0,14.0,18.0],"faces":{"down":{"uv":[4.25,2.5,0.0,5.0],"texture":"#1"},"up":{"uv":[4.25,2.5,0.0,0.0],"texture":"#1"},"north":{"uv":[6.0,6.125,10.25,6.375],"texture":"#1"},"south":{"uv":[6.375,0.0,10.625,0.25],"texture":"#1"},"west":{"uv":[7.25,0.5,9.75,0.75],"texture":"#1"},"east":{"uv":[7.25,0.25,9.75,0.5],"texture":"#1"}}},{"from":[1.0,3.0,-2.0],"to":[15.0,12.0,-1.999],"faces":{"down":{"uv":[1.75,0.0,0.0,0.0],"texture":"#1"},"up":{"uv":[1.75,0.0,0.0,0.0],"texture":"#1"},"north":{"uv":[4.25,2.75,6.0,3.875],"texture":"#1"},"south":{"uv":[6.0,2.75,4.25,3.875],"texture":"#1"},"west":{"uv":[0.0,0.0,0.0,1.125],"texture":"#1"},"east":{"uv":[0.0,0.0,0.0,1.125],"texture":"#1"}}},{"from":[1.0,3.0,18.0],"to":[15.0,12.0,18.001],"faces":{"down":{"uv":[1.75,0.0,0.0,0.0],"texture":"#1"},"up":{"uv":[1.75,0.0,0.0,0.0],"texture":"#1"},"north":{"uv":[3.5,5.0,1.75,6.125],"texture":"#1"},"south":{"uv":[1.75,5.0,3.5,6.125],"texture":"#1"},"west":{"uv":[0.0,0.0,0.0,1.125],"texture":"#1"},"east":{"uv":[0.0,0.0,0.0,1.125],"texture":"#1"}}},{"from":[-6.0,3.0,7.0],"to":[22.0,4.0,9.0],"faces":{"down":{"uv":[10.5,5.75,7.0,6.0],"texture":"#1"},"up":{"uv":[10.5,5.75,7.0,5.5],"texture":"#1"},"north":{"uv":[7.25,2.375,10.75,2.5],"texture":"#1"},"south":{"uv":[7.625,1.0,11.125,1.125],"texture":"#1"},"west":{"uv":[4.5,8.625,4.75,8.75],"texture":"#1"},"east":{"uv":[0.875,8.375,1.125,8.5],"texture":"#1"}}},{"from":[-6.0,10.0,7.0],"to":[22.0,11.0,9.0],"faces":{"down":{"uv":[10.5,5.75,7.0,6.0],"texture":"#1"},"up":{"uv":[10.5,5.75,7.0,5.5],"texture":"#1"},"north":{"uv":[7.25,2.375,10.75,2.5],"texture":"#1"},"south":{"uv":[7.625,1.0,11.125,1.125],"texture":"#1"},"west":{"uv":[4.5,8.625,4.75,8.75],"texture":"#1"},"east":{"uv":[0.875,8.375,1.125,8.5],"texture":"#1"}}},{"from":[-7.0,4.0,7.0],"to":[23.0,5.0,9.0],"faces":{"down":{"uv":[10.75,4.75,7.0,5.0],"texture":"#1"},"up":{"uv":[10.75,4.75,7.0,4.5],"texture":"#1"},"north":{"uv":[7.0,6.0,10.75,6.125],"texture":"#1"},"south":{"uv":[7.25,2.0,11.0,2.125],"texture":"#1"},"west":{"uv":[3.0,9.625,3.25,9.75],"texture":"#1"},"east":{"uv":[7.75,9.375,8.0,9.5],"texture":"#1"}}},{"from":[-4.0,10.0,1.0],"to":[-1.0,12.0,15.0],"faces":{"down":{"uv":[5.5,7.0,5.125,8.75],"texture":"#1"},"up":{"uv":[5.125,8.75,4.75,7.0],"texture":"#1"},"north":{"uv":[6.375,2.5,6.75,2.75],"texture":"#1"},"south":{"uv":[6.875,9.125,7.25,9.375],"texture":"#1"},"west":{"uv":[7.625,0.75,9.375,1.0],"texture":"#1"},"east":{"uv":[7.0,7.5,8.75,7.75],"texture":"#1"}}},{"from":[-4.0,8.0,5.0],"to":[-1.0,10.0,11.0],"faces":{"down":{"uv":[8.625,7.75,8.25,8.5],"texture":"#1"},"up":{"uv":[3.5,8.875,3.125,8.125],"texture":"#1"},"north":{"uv":[7.25,9.125,7.625,9.375],"texture":"#1"},"south":{"uv":[7.625,9.125,8.0,9.375],"texture":"#1"},"west":{"uv":[6.25,8.75,7.0,9.0],"texture":"#1"},"east":{"uv":[1.25,8.75,2.0,9.0],"texture":"#1"}}},{"from":[-4.0,6.0,3.0],"to":[-1.0,8.0,13.0],"faces":{"down":{"uv":[1.5,7.25,1.125,8.5],"texture":"#1"},"up":{"uv":[7.625,2.0,7.25,0.75],"texture":"#1"},"north":{"uv":[9.125,7.75,9.5,8.0],"texture":"#1"},"south":{"uv":[9.125,8.0,9.5,8.25],"texture":"#1"},"west":{"uv":[7.75,7.0,9.0,7.25],"texture":"#1"},"east":{"uv":[7.625,1.625,8.875,1.875],"texture":"#1"}}},{"from":[-4.0,3.0,10.0],"to":[-1.0,6.0,12.0],"faces":{"down":{"uv":[0.375,9.25,0.0,9.5],"texture":"#1"},"up":{"uv":[9.25,9.375,8.875,9.125],"texture":"#1"},"north":{"uv":[6.125,9.0,6.5,9.375],"texture":"#1"},"south":{"uv":[6.5,9.0,6.875,9.375],"texture":"#1"},"west":{"uv":[2.375,8.5,2.625,8.875],"texture":"#1"},"east":{"uv":[0.875,8.0,1.125,8.375],"texture":"#1"}}},{"from":[-4.0,3.0,4.0],"to":[-1.0,6.0,6.0],"faces":{"down":{"uv":[1.375,9.25,1.0,9.5],"texture":"#1"},"up":{"uv":[1.0,9.5,0.625,9.25],"texture":"#1"},"north":{"uv":[9.0,7.125,9.375,7.5],"texture":"#1"},"south":{"uv":[8.5,9.0,8.875,9.375],"texture":"#1"},"west":{"uv":[0.375,9.25,0.625,9.625],"texture":"#1"},"east":{"uv":[5.625,9.125,5.875,9.5],"texture":"#1"}}},{"from":[-4.0,1.0,3.0],"to":[-1.0,3.0,13.0],"faces":{"down":{"uv":[2.25,7.25,1.875,8.5],"texture":"#1"},"up":{"uv":[1.875,8.5,1.5,7.25],"texture":"#1"},"north":{"uv":[2.0,9.25,2.375,9.5],"texture":"#1"},"south":{"uv":[3.875,9.25,4.25,9.5],"texture":"#1"},"west":{"uv":[7.875,3.125,9.125,3.375],"texture":"#1"},"east":{"uv":[7.75,7.25,9.0,7.5],"texture":"#1"}}},{"from":[-5.0,0.0,0.0],"to":[0.0,1.0,16.0],"faces":{"down":{"uv":[4.75,5.0,4.125,7.0],"texture":"#1"},"up":{"uv":[4.125,7.0,3.5,5.0],"texture":"#1"},"north":{"uv":[9.375,4.25,10.0,4.375],"texture":"#1"},"south":{"uv":[9.375,7.375,10.0,7.5],"texture":"#1"},"west":{"uv":[8.5,3.0,10.5,3.125],"texture":"#1"},"east":{"uv":[8.375,6.875,10.375,7.0],"texture":"#1"}}},{"from":[17.0,10.0,1.0],"to":[20.0,12.0,15.0],"faces":{"down":{"uv":[0.375,7.25,0.0,9.0],"texture":"#1"},"up":{"uv":[5.875,8.75,5.5,7.0],"texture":"#1"},"north":{"uv":[5.0,9.25,5.375,9.5],"texture":"#1"},"south":{"uv":[8.0,9.25,8.375,9.5],"texture":"#1"},"west":{"uv":[7.625,1.375,9.375,1.625],"texture":"#1"},"east":{"uv":[7.625,1.125,9.375,1.375],"texture":"#1"}}},{"from":[17.0,8.0,5.0],"to":[20.0,10.0,11.0],"faces":{"down":{"uv":[8.5,8.5,8.125,9.25],"texture":"#1"},"up":{"uv":[2.375,9.25,2.0,8.5],"texture":"#1"},"north":{"uv":[9.375,0.75,9.75,1.0],"texture":"#1"},"south":{"uv":[9.375,1.125,9.75,1.375],"texture":"#1"},"west":{"uv":[0.75,9.0,1.5,9.25],"texture":"#1"},"east":{"uv":[0.0,9.0,0.75,9.25],"texture":"#1"}}},{"from":[17.0,6.0,3.0],"to":[20.0,8.0,13.0],"faces":{"down":{"uv":[6.25,7.5,5.875,8.75],"texture":"#1"},"up":{"uv":[2.625,8.5,2.25,7.25],"texture":"#1"},"north":{"uv":[9.375,1.375,9.75,1.625],"texture":"#1"},"south":{"uv":[9.375,3.625,9.75,3.875],"texture":"#1"},"west":{"uv":[8.125,3.625,9.375,3.875],"texture":"#1"},"east":{"uv":[7.875,3.375,9.125,3.625],"texture":"#1"}}},{"from":[17.0,3.0,10.0],"to":[20.0,6.0,12.0],"faces":{"down":{"uv":[5.0,9.375,4.625,9.625],"texture":"#1"},"up":{"uv":[4.625,9.625,4.25,9.375],"texture":"#1"},"north":{"uv":[2.375,9.125,2.75,9.5],"texture":"#1"},"south":{"uv":[2.75,9.125,3.125,9.5],"texture":"#1"},"west":{"uv":[9.375,3.875,9.625,4.25],"texture":"#1"},"east":{"uv":[5.375,9.25,5.625,9.625],"texture":"#1"}}},{"from":[17.0,3.0,4.0],"to":[20.0,6.0,6.0],"faces":{"down":{"uv":[7.375,9.375,7.0,9.625],"texture":"#1"},"up":{"uv":[7.0,9.625,6.625,9.375],"texture":"#1"},"north":{"uv":[9.125,3.125,9.5,3.5],"texture":"#1"},"south":{"uv":[3.5,9.125,3.875,9.5],"texture":"#1"},"west":{"uv":[6.375,9.375,6.625,9.75],"texture":"#1"},"east":{"uv":[6.125,9.375,6.375,9.75],"texture":"#1"}}},{"from":[17.0,1.0,3.0],"to":[20.0,3.0,13.0],"faces":{"down":{"uv":[7.0,7.5,6.625,8.75],"texture":"#1"},"up":{"uv":[6.625,8.75,6.25,7.5],"texture":"#1"},"north":{"uv":[9.375,7.125,9.75,7.375],"texture":"#1"},"south":{"uv":[7.375,9.375,7.75,9.625],"texture":"#1"},"west":{"uv":[8.125,4.125,9.375,4.375],"texture":"#1"},"east":{"uv":[8.125,3.875,9.375,4.125],"texture":"#1"}}},{"from":[16.0,0.0,0.0],"to":[21.0,1.0,16.0],"faces":{"down":{"uv":[6.0,5.0,5.375,7.0],"texture":"#1"},"up":{"uv":[5.375,7.0,4.75,5.0],"texture":"#1"},"north":{"uv":[9.5,3.375,10.125,3.5],"texture":"#1"},"south":{"uv":[9.5,6.375,10.125,6.5],"texture":"#1"},"west":{"uv":[8.625,8.375,10.625,8.5],"texture":"#1"},"east":{"uv":[8.625,8.25,10.625,8.375],"texture":"#1"}}},{"from":[-7.0,14.0,1.0],"to":[-3.0,20.0,5.0],"rotation":{"origin":[-3.0,14.0,1.0],"axis":"y","angle":45.0},"faces":{"down":{"uv":[7.5,8.625,7.0,9.125],"texture":"#1"},"up":{"uv":[4.5,9.125,4.0,8.625],"texture":"#1"},"north":{"uv":[3.625,7.875,4.125,8.625],"texture":"#1"},"south":{"uv":[0.375,8.0,0.875,8.75],"texture":"#1"},"west":{"uv":[2.625,8.125,3.125,8.875],"texture":"#1"},"east":{"uv":[4.125,7.875,4.625,8.625],"texture":"#1"}}},{"from":[-7.9,19.5,0.7],"to":[-2.9,20.5,5.7],"rotation":{"origin":[-3.5,19.5,0.5],"axis":"y","angle":45.0},"faces":{"down":{"uv":[8.5,2.5,7.875,3.125],"texture":"#1"},"up":{"uv":[8.25,8.375,7.625,7.75],"texture":"#1"},"north":{"uv":[2.625,9.5,3.25,9.625],"texture":"#1"},"south":{"uv":[3.25,9.5,3.875,9.625],"texture":"#1"},"west":{"uv":[9.5,3.25,10.125,3.375],"texture":"#1"},"east":{"uv":[9.5,3.125,10.125,3.25],"texture":"#1"}}},{"from":[-7.9,14.0,0.7],"to":[-2.9,15.0,5.7],"rotation":{"origin":[-3.5,19.5,0.5],"axis":"y","angle":45.0},"faces":{"down":{"uv":[8.5,2.5,7.875,3.125],"texture":"#1"},"up":{"uv":[8.25,8.375,7.625,7.75],"texture":"#1"},"north":{"uv":[2.625,9.5,3.25,9.625],"texture":"#1"},"south":{"uv":[3.25,9.5,3.875,9.625],"texture":"#1"},"west":{"uv":[9.5,3.25,10.125,3.375],"texture":"#1"},"east":{"uv":[9.5,3.125,10.125,3.25],"texture":"#1"}}},{"from":[-7.5,19.9,1.2],"to":[-3.5,20.9,5.2],"rotation":{"origin":[-3.5,20.5,0.5],"axis":"y","angle":45.0},"faces":{"down":{"uv":[4.0,8.625,3.5,9.125],"texture":"#1"},"up":{"uv":[9.0,9.0,8.5,8.5],"texture":"#1"},"north":{"uv":[9.5,6.5,10.0,6.625],"texture":"#1"},"south":{"uv":[9.5,6.75,10.0,6.875],"texture":"#1"},"west":{"uv":[7.75,9.5,8.25,9.625],"texture":"#1"},"east":{"uv":[9.5,6.625,10.0,6.75],"texture":"#1"}}},{"from":[-10.0,14.4,5.4],"to":[-7.0,15.4,6.4],"rotation":{"origin":[-7.0,14.4,1.5],"axis":"y","angle":45.0},"faces":{"down":{"uv":[10.0,2.5,9.625,2.625],"texture":"#1"},"up":{"uv":[2.625,9.75,2.25,9.625],"texture":"#1"},"north":{"uv":[1.5,9.625,1.875,9.75],"texture":"#1"},"south":{"uv":[1.875,9.625,2.25,9.75],"texture":"#1"},"west":{"uv":[2.625,8.0,2.75,8.125],"texture":"#1"},"east":{"uv":[5.875,7.375,6.0,7.5],"texture":"#1"}}},{"from":[-10.0,18.4,5.4],"to":[-7.0,19.4,6.4],"rotation":{"origin":[-7.0,18.4,1.5],"axis":"y","angle":45.0},"faces":{"down":{"uv":[10.0,2.875,9.625,3.0],"texture":"#1"},"up":{"uv":[10.0,2.875,9.625,2.75],"texture":"#1"},"north":{"uv":[2.625,9.625,3.0,9.75],"texture":"#1"},"south":{"uv":[9.625,2.625,10.0,2.75],"texture":"#1"},"west":{"uv":[4.625,8.5,4.75,8.625],"texture":"#1"},"east":{"uv":[8.125,8.375,8.25,8.5],"texture":"#1"}}},{"from":[-10.0,15.4,5.4],"to":[-9.0,18.4,6.4],"rotation":{"origin":[-7.0,17.4,1.5],"axis":"y","angle":45.0},"faces":{"down":{"uv":[7.0,9.0,6.875,9.125],"texture":"#1"},"up":{"uv":[8.125,9.0,8.0,8.875],"texture":"#1"},"north":{"uv":[5.875,7.0,6.0,7.375],"texture":"#1"},"south":{"uv":[2.625,7.625,2.75,8.0],"texture":"#1"},"west":{"uv":[4.625,7.875,4.75,8.25],"texture":"#1"},"east":{"uv":[2.625,7.25,2.75,7.625],"texture":"#1"}}},{"from":[0.0,13.875,0.0],"to":[17.0,14.875,11.0],"faces":{"down":{"uv":[6.375,1.375,4.25,2.75],"texture":"#1"},"up":{"uv":[6.375,1.375,4.25,0.0],"texture":"#1"},"north":{"uv":[7.625,1.875,9.75,2.0],"texture":"#1"},"south":{"uv":[8.125,4.375,10.25,4.5],"texture":"#1"},"west":{"uv":[9.0,7.0,10.375,7.125],"texture":"#1"},"east":{"uv":[4.5,9.0,5.875,9.125],"texture":"#1"}}},{"from":[17.0,13.875,8.0],"to":[24.0,15.875,17.0],"faces":{"down":{"uv":[7.75,6.375,6.875,7.5],"texture":"#1"},"up":{"uv":[6.875,7.5,6.0,6.375],"texture":"#1"},"north":{"uv":[0.375,8.75,1.25,9.0],"texture":"#1"},"south":{"uv":[4.5,8.75,5.375,9.0],"texture":"#1"},"west":{"uv":[8.375,6.625,9.5,6.875],"texture":"#1"},"east":{"uv":[8.375,6.375,9.5,6.625],"texture":"#1"}}},{"from":[18.0,15.875,10.0],"to":[25.0,17.875,19.0],"rotation":{"origin":[26.0,15.875,11.0],"axis":"y","angle":-22.5},"faces":{"down":{"uv":[3.625,7.0,2.75,8.125],"texture":"#1"},"up":{"uv":[7.875,3.625,7.0,2.5],"texture":"#1"},"north":{"uv":[5.375,8.75,6.25,9.0],"texture":"#1"},"south":{"uv":[8.75,7.5,9.625,7.75],"texture":"#1"},"west":{"uv":[0.875,8.5,2.0,8.75],"texture":"#1"},"east":{"uv":[7.0,8.375,8.125,8.625],"texture":"#1"}}},{"from":[12.0,17.875,10.0],"to":[21.0,19.875,17.0],"rotation":{"origin":[20.0,17.875,18.0],"axis":"y","angle":-45.0},"faces":{"down":{"uv":[8.125,3.625,7.0,4.5],"texture":"#1"},"up":{"uv":[4.75,7.875,3.625,7.0],"texture":"#1"},"north":{"uv":[8.5,2.5,9.625,2.75],"texture":"#1"},"south":{"uv":[8.5,2.75,9.625,3.0],"texture":"#1"},"west":{"uv":[2.375,8.875,3.25,9.125],"texture":"#1"},"east":{"uv":[8.875,1.625,9.75,1.875],"texture":"#1"}}},{"from":[9.0,14.525,1.0],"to":[16.0,15.525,10.0],"faces":{"down":{"uv":[2.75,6.125,1.875,7.25],"texture":"#1"},"up":{"uv":[1.875,7.25,1.0,6.125],"texture":"#1"},"north":{"uv":[9.0,8.875,9.875,9.0],"texture":"#1"},"south":{"uv":[9.125,3.5,10.0,3.625],"texture":"#1"},"west":{"uv":[9.0,8.625,10.125,8.75],"texture":"#1"},"east":{"uv":[9.0,8.5,10.125,8.625],"texture":"#1"}}},{"from":[1.0,14.525,1.0],"to":[8.0,15.525,10.0],"faces":{"down":{"uv":[1.875,6.125,2.75,7.25],"texture":"#1"},"up":{"uv":[1.0,7.25,1.875,6.125],"texture":"#1"},"north":{"uv":[9.875,8.875,9.0,9.0],"texture":"#1"},"south":{"uv":[10.0,3.5,9.125,3.625],"texture":"#1"},"west":{"uv":[10.125,8.5,9.0,8.625],"texture":"#1"},"east":{"uv":[10.125,8.625,9.0,8.75],"texture":"#1"}}},{"from":[7.7,18.225,1.0],"to":[15.7,18.226,10.0],"rotation":{"origin":[15.7,17.225,0.0],"axis":"z","angle":22.5},"faces":{"down":{"uv":[7.0,3.875,6.0,2.75],"texture":"#1"},"up":{"uv":[7.0,3.875,6.0,2.75],"texture":"#1"},"north":{"uv":[0.0,0.0,1.0,0.0],"texture":"#1"},"south":{"uv":[0.0,0.0,1.0,0.0],"texture":"#1"},"west":{"uv":[0.0,0.0,1.125,0.0],"texture":"#1"},"east":{"uv":[0.0,0.0,1.125,0.0],"texture":"#1"}}},{"from":[1.3,18.225,1.0],"to":[9.3,18.226,10.0],"rotation":{"origin":[1.3,17.225,0.0],"axis":"z","angle":-22.5},"faces":{"down":{"uv":[7.0,6.125,6.0,5.0],"texture":"#1"},"up":{"uv":[7.0,6.125,6.0,5.0],"texture":"#1"},"north":{"uv":[0.0,0.0,1.0,0.0],"texture":"#1"},"south":{"uv":[0.0,0.0,1.0,0.0],"texture":"#1"},"west":{"uv":[0.0,0.0,1.125,0.0],"texture":"#1"},"east":{"uv":[0.0,0.0,1.125,0.0],"texture":"#1"}}},{"from":[-14.2853,14.0,1.5147],"to":[-8.285297,15.0,7.5147],"rotation":{"origin":[2.2,0.0,0.0],"axis":"y","angle":45.0},"faces":{"down":{"uv":[1.125,7.25,0.375,8.0],"texture":"#1"},"up":{"uv":[3.5,6.875,2.75,6.125],"texture":"#1"},"north":{"uv":[2.75,6.875,3.5,7.0],"texture":"#1"},"south":{"uv":[9.25,9.125,10.0,9.25],"texture":"#1"},"west":{"uv":[9.25,9.25,10.0,9.375],"texture":"#1"},"east":{"uv":[4.25,9.25,5.0,9.375],"texture":"#1"}}},{"from":[-13.2853,19.0,2.5147],"to":[-9.285297,20.0,6.5147],"rotation":{"origin":[2.2,0.0,0.0],"axis":"y","angle":45.0},"faces":{"down":{"uv":[9.125,7.75,8.625,8.25],"texture":"#1"},"up":{"uv":[8.0,9.125,7.5,8.625],"texture":"#1"},"north":{"uv":[8.25,9.5,8.75,9.625],"texture":"#1"},"south":{"uv":[9.25,9.5,9.75,9.625],"texture":"#1"},"west":{"uv":[0.25,9.625,0.75,9.75],"texture":"#1"},"east":{"uv":[8.75,9.5,9.25,9.625],"texture":"#1"}}},{"from":[-11.7853,16.0,4.0397],"to":[-10.7853,17.0,5.0397],"rotation":{"origin":[2.2,1.0,0.0],"axis":"y","angle":45.0},"faces":{"down":{"uv":[8.5,9.25,8.375,9.375],"texture":"#1"},"up":{"uv":[3.25,9.375,3.125,9.25],"texture":"#1"},"north":{"uv":[8.0,9.0,8.125,9.125],"texture":"#1"},"south":{"uv":[8.0,9.125,8.125,9.25],"texture":"#1"},"west":{"uv":[1.375,9.25,1.5,9.375],"texture":"#1"},"east":{"uv":[3.125,9.125,3.25,9.25],"texture":"#1"}}},{"from":[-11.5853,24.9,4.2397],"to":[-10.9853,26.5,4.8397],"rotation":{"origin":[2.2,1.0,0.0],"axis":"y","angle":45.0},"faces":{"down":{"uv":[3.25,9.375,3.125,9.5],"texture":"#1"},"up":{"uv":[1.5,9.5,1.375,9.375],"texture":"#1"},"north":{"uv":[3.5,8.125,3.625,8.375],"texture":"#1"},"south":{"uv":[3.5,8.375,3.625,8.625],"texture":"#1"},"west":{"uv":[8.0,8.625,8.125,8.875],"texture":"#1"},"east":{"uv":[4.625,8.25,4.75,8.5],"texture":"#1"}}},{"from":[-12.2853,17.0,3.5147],"to":[-10.2853,19.0,5.5147],"rotation":{"origin":[2.2,1.0,0.0],"axis":"y","angle":45.0},"faces":{"down":{"uv":[9.75,8.0,9.5,8.25],"texture":"#1"},"up":{"uv":[9.75,8.0,9.5,7.75],"texture":"#1"},"north":{"uv":[1.25,9.5,1.5,9.75],"texture":"#1"},"south":{"uv":[5.0,9.5,5.25,9.75],"texture":"#1"},"west":{"uv":[5.625,9.5,5.875,9.75],"texture":"#1"},"east":{"uv":[3.875,9.5,4.125,9.75],"texture":"#1"}}},{"from":[-12.2853,15.0,3.5147],"to":[-10.2853,16.0,5.5147],"rotation":{"origin":[2.2,1.0,0.0],"axis":"y","angle":45.0},"faces":{"down":{"uv":[0.25,9.5,0.0,9.75],"texture":"#1"},"up":{"uv":[7.0,2.75,6.75,2.5],"texture":"#1"},"north":{"uv":[9.625,3.875,9.875,4.0],"texture":"#1"},"south":{"uv":[4.125,9.625,4.375,9.75],"texture":"#1"},"west":{"uv":[9.625,4.125,9.875,4.25],"texture":"#1"},"east":{"uv":[9.625,4.0,9.875,4.125],"texture":"#1"}}},{"from":[-12.2853,20.0,3.5147],"to":[-10.2853,25.0,5.5147],"rotation":{"origin":[2.2,1.0,0.0],"axis":"y","angle":45.0},"faces":{"down":{"uv":[1.25,9.625,1.0,9.875],"texture":"#1"},"up":{"uv":[1.0,9.875,0.75,9.625],"texture":"#1"},"north":{"uv":[3.25,8.875,3.5,9.5],"texture":"#1"},"south":{"uv":[1.75,9.0,2.0,9.625],"texture":"#1"},"west":{"uv":[5.875,9.0,6.125,9.625],"texture":"#1"},"east":{"uv":[1.5,9.0,1.75,9.625],"texture":"#1"}}}],"textures":{"1":"b7b3c43a-efcc-4df4-9a41-2d223889f097"}}