{"display":{"thirdperson_righthand":{"rotation":[96.75,0.0,0.0],"translation":[0.0,2.5,0.25],"scale":[0.61523,0.61523,0.61523]},"thirdperson_lefthand":{"rotation":[96.75,0.0,0.0],"translation":[0.0,2.5,0.25],"scale":[0.61523,0.61523,0.61523]},"firstperson_righthand":{"rotation":[35.0,0.0,-25.0],"translation":[0.0,4.5,0.0]},"firstperson_lefthand":{"rotation":[35.0,0.0,-25.0],"translation":[0.0,4.5,0.0]},"ground":{"rotation":[45.0,0.0,0.0],"translation":[0.0,6.5,0.0]},"gui":{"rotation":[-90.0,135.0,90.0],"translation":[0.5,0.0,0.0],"scale":[1.69531,1.69531,1.69531]},"head":{"rotation":[-90.0,135.0,90.0],"scale":[1.4707,1.4707,1.4707]},"fixed":{"rotation":[90.0,-45.0,90.0],"translation":[0.0,0.0,-1.75],"scale":[1.91406,1.91406,1.91406]}},"elements":[{"from":[7.45,7.25,9.5],"to":[8.55,8.75,10.0],"rotation":{"origin":[7.0,7.0,6.5],"axis":"y","angle":0.0},"faces":{"north":{"uv":[12.0,10.0,13.0,11.5],"texture":"#0"},"east":{"uv":[1.0,13.0,1.5,14.5],"texture":"#0"},"south":{"uv":[11.0,12.0,12.0,13.5],"texture":"#0"},"west":{"uv":[13.0,1.0,13.5,2.5],"texture":"#0"},"up":{"uv":[14.0,7.5,13.0,7.0],"texture":"#0"},"down":{"uv":[14.0,8.0,13.0,8.5],"texture":"#0"}}},{"from":[7.25,7.25,2.5],"to":[8.75,8.75,6.5],"rotation":{"origin":[7.0,7.0,0.5],"axis":"y","angle":0.0},"faces":{"north":{"uv":[5.0,12.0,6.5,13.5],"texture":"#0"},"east":{"uv":[3.0,0.0,7.0,1.5],"texture":"#0"},"south":{"uv":[12.0,5.0,13.5,6.5],"texture":"#0"},"west":{"uv":[3.0,2.0,7.0,3.5],"texture":"#0"},"up":{"uv":[4.5,8.0,3.0,4.0],"texture":"#0"},"down":{"uv":[6.5,4.0,5.0,8.0],"texture":"#0"}}},{"from":[7.5,7.5,6.5],"to":[8.5,8.5,9.5],"rotation":{"origin":[6.5,7.5,3.5],"axis":"y","angle":0.0},"faces":{"north":{"uv":[12.0,7.0,13.0,8.0],"texture":"#0"},"east":{"uv":[2.0,11.0,5.0,12.0],"texture":"#0"},"south":{"uv":[12.0,12.0,13.0,13.0],"texture":"#0"},"west":{"uv":[5.0,11.0,8.0,12.0],"texture":"#0"},"up":{"uv":[13.0,3.0,12.0,0.0],"texture":"#0"},"down":{"uv":[3.0,12.0,2.0,15.0],"texture":"#0"}}},{"from":[7.2,7.0,10.0],"to":[8.8,9.0,11.3],"rotation":{"origin":[7.0,7.0,10.0],"axis":"y","angle":0.0},"faces":{"north":{"uv":[11.0,8.0,12.5,10.0],"texture":"#0"},"east":{"uv":[3.0,12.0,4.25,14.0],"texture":"#0"},"west":{"uv":[12.0,3.0,13.25,5.0],"texture":"#0"},"up":{"uv":[8.5,13.25,7.0,12.0],"texture":"#0"},"down":{"uv":[10.5,12.0,9.0,13.25],"texture":"#0"}}},{"from":[7.0,7.0,3.0],"to":[9.0,9.0,6.0],"rotation":{"origin":[7.0,7.0,4.0],"axis":"y","angle":0.0},"faces":{"north":{"uv":[10.0,0.0,12.0,2.0],"texture":"#0"},"east":{"uv":[0.0,6.0,3.0,8.0],"texture":"#0"},"south":{"uv":[8.0,10.0,10.0,12.0],"texture":"#0"},"west":{"uv":[7.0,0.0,10.0,2.0],"texture":"#0"},"up":{"uv":[9.0,5.0,7.0,2.0],"texture":"#0"},"down":{"uv":[9.0,5.0,7.0,8.0],"texture":"#0"}}},{"from":[7.05,6.75,10.75],"to":[8.95,9.25,13.25],"rotation":{"origin":[8.0,8.0,12.0],"axis":"x","angle":-45.0},"faces":{"north":{"uv":[0.0,8.0,2.0,10.5],"texture":"#0"},"east":{"uv":[0.0,0.0,2.5,2.5],"texture":"#0"},"south":{"uv":[2.0,8.0,4.0,10.5],"texture":"#0"},"west":{"uv":[0.0,3.0,2.5,5.5],"texture":"#0"},"up":{"uv":[6.0,10.5,4.0,8.0],"texture":"#0"},"down":{"uv":[8.0,8.0,6.0,10.5],"texture":"#0"}}},{"from":[6.8,7.0,11.0],"to":[9.2,9.0,13.0],"rotation":{"origin":[8.0,8.0,12.0],"axis":"x","angle":-45.0},"faces":{"north":{"uv":[8.0,8.0,10.5,10.0],"texture":"#0"},"east":{"uv":[10.0,10.0,12.0,12.0],"texture":"#0"},"south":{"uv":[9.0,2.0,11.5,4.0],"texture":"#0"},"west":{"uv":[0.0,11.0,2.0,13.0],"texture":"#0"},"up":{"uv":[11.5,6.0,9.0,4.0],"texture":"#0"},"down":{"uv":[11.5,6.0,9.0,8.0],"texture":"#0"}}},{"from":[7.75,6.0,3.25],"to":[8.25,7.0,4.25],"rotation":{"origin":[7.75,5.0,3.25],"axis":"y","angle":0.0},"faces":{"north":{"uv":[13.0,9.0,13.5,10.0],"texture":"#0"},"east":{"uv":[0.0,13.0,1.0,14.0],"texture":"#0"},"south":{"uv":[13.0,10.0,13.5,11.0],"texture":"#0"},"west":{"uv":[13.0,0.0,14.0,1.0],"texture":"#0"},"down":{"uv":[13.5,11.0,13.0,12.0],"texture":"#0"}}},{"from":[7.75,6.0,4.75],"to":[8.25,7.0,5.75],"rotation":{"origin":[7.75,5.0,4.75],"axis":"y","angle":0.0},"faces":{"north":{"uv":[13.0,9.0,13.5,10.0],"texture":"#0"},"east":{"uv":[0.0,13.0,1.0,14.0],"texture":"#0"},"south":{"uv":[13.0,10.0,13.5,11.0],"texture":"#0"},"west":{"uv":[13.0,0.0,14.0,1.0],"texture":"#0"},"down":{"uv":[13.5,11.0,13.0,12.0],"texture":"#0"}}},{"from":[7.5,5.17792,2.39789],"to":[7.5,7.42792,6.89789],"rotation":{"origin":[7.5,6.30292,4.64789],"axis":"x","angle":0.0},"faces":{"west":{"uv":[9.33333,0.0,12.33333,6.0],"texture":"#2","rotation":270}}},{"from":[6.9,5.5,9.5],"to":[6.9,10.5,14.5],"rotation":{"origin":[6.75,8.0,12.0],"axis":"y","angle":0.0},"faces":{"west":{"uv":[0.0,0.0,10.0,10.0],"texture":"#3"}}},{"from":[8.5,5.17792,2.39789],"to":[8.5,7.42792,6.89789],"rotation":{"origin":[8.5,6.30292,4.64789],"axis":"x","angle":0.0},"faces":{"east":{"uv":[9.33333,6.0,12.33333,0.0],"texture":"#2","rotation":270}}},{"from":[9.1,5.5,9.5],"to":[9.1,10.5,14.5],"rotation":{"origin":[9.25,8.0,12.0],"axis":"y","angle":0.0},"faces":{"east":{"uv":[10.0,0.0,0.0,10.0],"texture":"#3"}}}],"textures":{"particle":"nexus/key","0":"nexus/key","2":"nexus/animations/animations_bolt","3":"nexus/animations/animations_nexus"},"gui_light":"front"}