{"display":{"thirdperson_righthand":{"translation":[0.0,-3.75,1.0]},"thirdperson_lefthand":{"translation":[0.0,-3.75,1.0]},"firstperson_righthand":{"rotation":[-10.0,0.0,0.0],"translation":[0.0,-4.25,0.0]},"firstperson_lefthand":{"rotation":[-10.0,0.0,0.0],"translation":[0.0,-4.25,0.0]},"ground":{"rotation":[-45.0,0.0,0.0],"translation":[0.0,10.75,0.0]},"gui":{"rotation":[-90.0,45.0,90.0],"translation":[3.75,-3.75,0.0],"scale":[0.67773,0.67773,0.67773]},"head":{"rotation":[-90.0,90.0,90.0]},"fixed":{"rotation":[90.0,-90.0,90.0],"translation":[0.0,-10.25,-1.25],"scale":[1.5,1.5,1.5]}},"elements":[{"from":[7.395,-1.105,7.395],"to":[8.605,0.105,8.605],"rotation":{"origin":[8.0,-0.5,8.0],"axis":"x","angle":-45.0},"faces":{"north":{"uv":[13.14286,12.0,13.85714,12.71429],"texture":"#4"},"east":{"uv":[12.57143,13.14286,13.28571,13.85714],"texture":"#4"},"south":{"uv":[13.71429,0.0,14.42857,0.71429],"texture":"#4"},"west":{"uv":[1.71429,13.71429,2.42857,14.42857],"texture":"#4"},"up":{"uv":[3.57143,14.42857,2.85714,13.71429],"texture":"#4"},"down":{"uv":[14.42857,6.28571,13.71429,7.0],"texture":"#4"}}},{"from":[7.195,-0.905,7.595],"to":[8.805,-0.095,8.405],"rotation":{"origin":[8.0,-0.5,8.0],"axis":"x","angle":-45.0},"faces":{"north":{"uv":[14.28571,1.71429,15.14286,2.14286],"texture":"#4"},"east":{"uv":[9.71429,14.85714,10.14286,15.28571],"texture":"#4"},"south":{"uv":[14.28571,2.28571,15.14286,2.71429],"texture":"#4"},"west":{"uv":[14.85714,10.28571,15.28571,10.71429],"texture":"#4"},"up":{"uv":[15.14286,3.28571,14.28571,2.85714],"texture":"#4"},"down":{"uv":[15.14286,3.42857,14.28571,3.85714],"texture":"#4"}}},{"from":[7.75,-1.25,6.525],"to":[8.25,-0.25,8.025],"rotation":{"origin":[8.0,-0.75,7.025],"axis":"x","angle":-22.5},"faces":{"east":{"uv":[13.71429,1.14286,14.57143,1.71429],"texture":"#4"},"west":{"uv":[0.57143,14.28571,1.42857,14.85714],"texture":"#4"},"up":{"uv":[7.71429,15.71429,7.42857,14.85714],"texture":"#4"},"down":{"uv":[15.14286,7.42857,14.85714,8.28571],"texture":"#4"}}},{"from":[7.5,-1.4235,6.18118],"to":[8.5,0.5765,7.18118],"rotation":{"origin":[8.0,0.15761,6.77343],"axis":"x","angle":0.0},"faces":{"north":{"uv":[12.0,8.57143,12.57143,9.71429],"texture":"#4"},"east":{"uv":[6.85714,12.57143,7.42857,13.71429],"texture":"#4"},"south":{"uv":[8.57143,12.57143,9.14286,13.71429],"texture":"#4"},"west":{"uv":[12.57143,8.57143,13.14286,9.71429],"texture":"#4"},"up":{"uv":[12.0,8.0,11.42857,7.42857],"texture":"#4"},"down":{"uv":[12.57143,5.71429,12.0,6.28571],"texture":"#4"}}},{"from":[7.5015,-0.25787,5.76555],"to":[8.4985,0.74213,6.76555],"rotation":{"origin":[8.0,0.15761,6.77343],"axis":"x","angle":45.0},"faces":{"north":{"uv":[12.57143,0.57143,13.14286,1.14286],"texture":"#4"},"east":{"uv":[14.28571,4.57143,14.85714,5.14286],"texture":"#4"},"west":{"uv":[5.14286,14.28571,5.71429,14.85714],"texture":"#4"},"up":{"uv":[14.85714,5.71429,14.28571,5.14286],"texture":"#4"},"down":{"uv":[6.28571,14.28571,5.71429,14.85714],"texture":"#4"}}},{"from":[7.5,-0.25,7.5],"to":[8.5,0.75,8.5],"rotation":{"origin":[7.5,-0.25,7.5],"axis":"y","angle":0.0},"faces":{"north":{"uv":[14.28571,5.71429,14.85714,6.28571],"texture":"#4"},"east":{"uv":[6.28571,14.28571,6.85714,14.85714],"texture":"#4"},"south":{"uv":[7.42857,14.28571,8.0,14.85714],"texture":"#4"},"west":{"uv":[14.28571,7.42857,14.85714,8.0],"texture":"#4"},"up":{"uv":[14.85714,8.57143,14.28571,8.0],"texture":"#4"},"down":{"uv":[14.85714,8.57143,14.28571,9.14286],"texture":"#4"}}},{"from":[7.5,3.55,7.5],"to":[8.5,5.55,8.5],"rotation":{"origin":[7.5,3.55,7.5],"axis":"y","angle":0.0},"faces":{"north":{"uv":[9.14286,12.57143,9.71429,13.71429],"texture":"#4"},"east":{"uv":[12.57143,9.71429,13.14286,10.85714],"texture":"#4"},"south":{"uv":[12.57143,10.85714,13.14286,12.0],"texture":"#4"},"west":{"uv":[12.0,12.57143,12.57143,13.71429],"texture":"#4"},"down":{"uv":[14.85714,9.14286,14.28571,9.71429],"texture":"#4"}}},{"from":[7.6,0.75,7.6],"to":[8.4,3.55,8.4],"rotation":{"origin":[7.5,1.65,7.5],"axis":"y","angle":0.0},"faces":{"north":{"uv":[10.28571,12.0,10.71429,13.57143],"texture":"#4"},"east":{"uv":[12.0,10.85714,12.42857,12.42857],"texture":"#4"},"south":{"uv":[4.0,12.57143,4.42857,14.14286],"texture":"#4"},"west":{"uv":[4.57143,12.57143,5.0,14.14286],"texture":"#4"}}},{"from":[7.5,9.85,7.5],"to":[8.5,11.85,8.5],"rotation":{"origin":[7.5,3.6,7.5],"axis":"y","angle":0.0},"faces":{"north":{"uv":[12.57143,12.0,13.14286,13.14286],"texture":"#4"},"east":{"uv":[0.57143,13.14286,1.14286,14.28571],"texture":"#4"},"south":{"uv":[13.14286,0.57143,13.71429,1.71429],"texture":"#4"},"west":{"uv":[1.14286,13.14286,1.71429,14.28571],"texture":"#4"},"down":{"uv":[10.28571,14.28571,9.71429,14.85714],"texture":"#4"}}},{"from":[7.6,7.05,7.6],"to":[8.4,9.85,8.4],"rotation":{"origin":[7.5,1.7,7.5],"axis":"y","angle":0.0},"faces":{"north":{"uv":[5.14286,12.57143,5.57143,14.14286],"texture":"#4"},"east":{"uv":[5.71429,12.57143,6.14286,14.14286],"texture":"#4"},"south":{"uv":[12.57143,5.71429,13.0,7.28571],"texture":"#4"},"west":{"uv":[6.28571,12.57143,6.71429,14.14286],"texture":"#4"}}},{"from":[7.5,6.05,7.5],"to":[8.5,7.05,8.5],"rotation":{"origin":[7.5,-0.2,7.5],"axis":"y","angle":0.0},"faces":{"north":{"uv":[14.28571,9.71429,14.85714,10.28571],"texture":"#4"},"east":{"uv":[14.28571,10.28571,14.85714,10.85714],"texture":"#4"},"south":{"uv":[10.85714,14.28571,11.42857,14.85714],"texture":"#4"},"west":{"uv":[14.28571,10.85714,14.85714,11.42857],"texture":"#4"},"up":{"uv":[14.85714,12.0,14.28571,11.42857],"texture":"#4"},"down":{"uv":[14.85714,12.0,14.28571,12.57143],"texture":"#4"}}},{"from":[7.4,22.0,7.0],"to":[8.6,24.0,9.0],"rotation":{"origin":[8.0,23.0,8.0],"axis":"x","angle":45.0},"faces":{"north":{"uv":[10.85714,8.0,11.57143,9.14286],"texture":"#4"},"east":{"uv":[8.0,10.28571,9.14286,11.42857],"texture":"#4"},"south":{"uv":[11.42857,6.28571,12.14286,7.42857],"texture":"#4"},"west":{"uv":[9.14286,10.28571,10.28571,11.42857],"texture":"#4"},"up":{"uv":[9.28571,12.57143,8.57143,11.42857],"texture":"#4"},"down":{"uv":[12.14286,9.71429,11.42857,10.85714],"texture":"#4"}}},{"from":[7.2,22.2,7.2],"to":[8.8,23.8,8.8],"rotation":{"origin":[8.0,23.0,8.0],"axis":"x","angle":45.0},"faces":{"north":{"uv":[0.57143,12.0,1.42857,12.85714],"texture":"#4"},"east":{"uv":[12.0,1.14286,12.85714,2.0],"texture":"#4"},"south":{"uv":[1.71429,12.0,2.57143,12.85714],"texture":"#4"},"west":{"uv":[12.0,2.28571,12.85714,3.14286],"texture":"#4"},"up":{"uv":[3.71429,12.85714,2.85714,12.0],"texture":"#4"},"down":{"uv":[12.85714,3.42857,12.0,4.28571],"texture":"#4"}}},{"from":[7.0,22.25,6.25],"to":[9.0,25.25,7.25],"rotation":{"origin":[7.0,17.0,7.25],"axis":"y","angle":0.0},"faces":{"north":{"uv":[9.14286,2.85714,10.28571,4.57143],"texture":"#4"},"east":{"uv":[7.42857,8.0,8.0,9.71429],"texture":"#4"},"south":{"uv":[9.14286,4.57143,10.28571,6.28571],"texture":"#4"},"west":{"uv":[10.28571,10.28571,10.85714,12.0],"texture":"#4"},"up":{"uv":[2.85714,13.71429,1.71429,13.14286],"texture":"#4"},"down":{"uv":[14.28571,1.71429,13.14286,2.28571],"texture":"#4"}}},{"from":[7.001,24.75,6.45711],"to":[8.999,25.75,7.45711],"rotation":{"origin":[8.001,25.25,6.95711],"axis":"x","angle":45.0},"faces":{"north":{"uv":[13.14286,2.28571,14.28571,2.85714],"texture":"#4"},"east":{"uv":[12.57143,14.28571,13.14286,14.85714],"texture":"#4"},"south":{"uv":[2.85714,13.14286,4.0,13.71429],"texture":"#4"},"west":{"uv":[14.28571,12.57143,14.85714,13.14286],"texture":"#4"},"up":{"uv":[14.28571,3.42857,13.14286,2.85714],"texture":"#4"}}},{"from":[7.001,21.75,6.04289],"to":[8.999,22.75,7.04289],"rotation":{"origin":[8.001,22.25,6.54289],"axis":"x","angle":45.0},"faces":{"north":{"uv":[13.14286,3.42857,14.28571,4.0],"texture":"#4"},"east":{"uv":[13.14286,14.28571,13.71429,14.85714],"texture":"#4"},"south":{"uv":[13.14286,4.0,14.28571,4.57143],"texture":"#4"},"west":{"uv":[13.71429,14.28571,14.28571,14.85714],"texture":"#4"},"down":{"uv":[14.28571,4.57143,13.14286,5.14286],"texture":"#4"}}},{"from":[7.5,23.47682,4.40749],"to":[8.5,24.47682,6.40749],"rotation":{"origin":[8.0,24.77231,4.69411],"axis":"x","angle":-22.5},"faces":{"north":{"uv":[14.28571,14.28571,14.85714,14.85714],"texture":"#4"},"east":{"uv":[13.14286,5.14286,14.28571,5.71429],"texture":"#4"},"south":{"uv":[0.0,14.85714,0.57143,15.42857],"texture":"#4"},"west":{"uv":[13.14286,5.71429,14.28571,6.28571],"texture":"#4"},"up":{"uv":[13.71429,7.42857,13.14286,6.28571],"texture":"#4"},"down":{"uv":[8.0,13.14286,7.42857,14.28571],"texture":"#4"}}},{"from":[7.501,23.65359,2.4075],"to":[8.499,24.65359,5.4075],"rotation":{"origin":[8.0,24.77231,4.69411],"axis":"x","angle":22.5},"faces":{"north":{"uv":[14.85714,0.0,15.42857,0.57143],"texture":"#4"},"east":{"uv":[10.28571,9.14286,12.0,9.71429],"texture":"#4"},"west":{"uv":[10.85714,0.57143,12.57143,1.14286],"texture":"#4"},"up":{"uv":[11.42857,2.85714,10.85714,1.14286],"texture":"#4"},"down":{"uv":[11.42857,2.85714,10.85714,4.57143],"texture":"#4"}}},{"from":[7.75,24.65359,4.1575],"to":[8.25,25.65359,4.6575],"rotation":{"origin":[8.0,24.77231,4.69411],"axis":"x","angle":22.5},"faces":{"north":{"uv":[10.85714,14.85714,11.14286,15.42857],"texture":"#4"},"east":{"uv":[14.85714,10.85714,15.14286,11.42857],"texture":"#4"},"south":{"uv":[11.42857,14.85714,11.71429,15.42857],"texture":"#4"},"west":{"uv":[14.85714,11.42857,15.14286,12.0],"texture":"#4"},"up":{"uv":[4.28571,15.71429,4.0,15.42857],"texture":"#4"}}},{"from":[7.751,25.04992,3.51282],"to":[8.249,25.77492,4.93782],"rotation":{"origin":[8.0,24.77231,4.69411],"axis":"x","angle":-22.5},"faces":{"north":{"uv":[15.42857,3.42857,15.71429,3.85714],"texture":"#4"},"east":{"uv":[4.0,14.28571,4.85714,14.71429],"texture":"#4"},"west":{"uv":[14.28571,4.0,15.14286,4.42857],"texture":"#4"},"up":{"uv":[8.28571,15.71429,8.0,14.85714],"texture":"#4"}}},{"from":[7.501,23.65359,10.5925],"to":[8.499,24.65359,13.5925],"rotation":{"origin":[8.0,24.77231,11.30589],"axis":"x","angle":-22.5},"faces":{"east":{"uv":[12.0,9.14286,10.28571,9.71429],"texture":"#4"},"south":{"uv":[15.42857,0.0,14.85714,0.57143],"texture":"#4"},"west":{"uv":[12.57143,0.57143,10.85714,1.14286],"texture":"#4"},"up":{"uv":[11.42857,1.14286,10.85714,2.85714],"texture":"#4"},"down":{"uv":[11.42857,4.57143,10.85714,2.85714],"texture":"#4"}}},{"from":[7.75,24.65359,11.3425],"to":[8.25,25.65359,11.8425],"rotation":{"origin":[8.0,24.77231,11.30589],"axis":"x","angle":-22.5},"faces":{"north":{"uv":[11.71429,14.85714,11.42857,15.42857],"texture":"#4"},"east":{"uv":[15.14286,10.85714,14.85714,11.42857],"texture":"#4"},"south":{"uv":[11.14286,14.85714,10.85714,15.42857],"texture":"#4"},"west":{"uv":[15.14286,11.42857,14.85714,12.0],"texture":"#4"},"up":{"uv":[4.28571,15.42857,4.0,15.71429],"texture":"#4"}}},{"from":[7.751,25.04992,11.06218],"to":[8.249,25.77492,12.48718],"rotation":{"origin":[8.0,24.77231,11.30589],"axis":"x","angle":22.5},"faces":{"east":{"uv":[4.85714,14.28571,4.0,14.71429],"texture":"#4"},"south":{"uv":[15.71429,3.42857,15.42857,3.85714],"texture":"#4"},"west":{"uv":[15.14286,4.0,14.28571,4.42857],"texture":"#4"},"up":{"uv":[8.28571,14.85714,8.0,15.71429],"texture":"#4"}}},{"from":[7.5,23.47682,9.59251],"to":[8.5,24.47682,11.59251],"rotation":{"origin":[8.0,24.77231,11.30589],"axis":"x","angle":22.5},"faces":{"north":{"uv":[0.57143,14.85714,0.0,15.42857],"texture":"#4"},"east":{"uv":[14.28571,5.14286,13.14286,5.71429],"texture":"#4"},"south":{"uv":[14.85714,14.28571,14.28571,14.85714],"texture":"#4"},"west":{"uv":[14.28571,5.71429,13.14286,6.28571],"texture":"#4"},"up":{"uv":[13.71429,6.28571,13.14286,7.42857],"texture":"#4"},"down":{"uv":[8.0,14.28571,7.42857,13.14286],"texture":"#4"}}},{"from":[7.5,23.0,6.5],"to":[8.5,26.0,9.5],"rotation":{"origin":[8.0,24.5,8.0],"axis":"x","angle":-45.0},"faces":{"north":{"uv":[4.0,10.85714,4.57143,12.57143],"texture":"#4"},"east":{"uv":[5.14286,4.57143,6.85714,6.28571],"texture":"#4"},"south":{"uv":[4.57143,10.85714,5.14286,12.57143],"texture":"#4"},"west":{"uv":[5.14286,6.28571,6.85714,8.0],"texture":"#4"},"up":{"uv":[11.42857,6.28571,10.85714,4.57143],"texture":"#4"},"down":{"uv":[5.71429,10.85714,5.14286,12.57143],"texture":"#4"}}},{"from":[7.75,17.5,6.5],"to":[8.25,22.5,7.5],"rotation":{"origin":[7.25,31.0,0.0],"axis":"y","angle":0.0},"faces":{"north":{"uv":[9.71429,11.42857,10.0,14.28571],"texture":"#4"},"east":{"uv":[10.28571,0.57143,10.85714,3.42857],"texture":"#4"},"south":{"uv":[10.85714,11.42857,11.14286,14.28571],"texture":"#4"},"west":{"uv":[10.28571,3.42857,10.85714,6.28571],"texture":"#4"},"up":{"uv":[12.28571,15.42857,12.0,14.85714],"texture":"#4"},"down":{"uv":[15.14286,12.0,14.85714,12.57143],"texture":"#4"}}},{"from":[7.752,18.70711,5.79289],"to":[8.248,21.70711,6.79289],"rotation":{"origin":[7.252,34.20711,-0.70711],"axis":"y","angle":0.0},"faces":{"north":{"uv":[6.85714,13.71429,7.14286,15.42857],"texture":"#4"},"east":{"uv":[5.71429,10.85714,6.28571,12.57143],"texture":"#4"},"west":{"uv":[6.28571,10.85714,6.85714,12.57143],"texture":"#4"}}},{"from":[7.751,17.0,6.70711],"to":[8.249,18.0,7.70711],"rotation":{"origin":[8.001,17.5,7.20711],"axis":"x","angle":-45.0},"faces":{"north":{"uv":[12.57143,14.85714,12.85714,15.42857],"texture":"#4"},"east":{"uv":[0.57143,14.85714,1.14286,15.42857],"texture":"#4"},"south":{"uv":[14.85714,12.57143,15.14286,13.14286],"texture":"#4"},"west":{"uv":[14.85714,0.57143,15.42857,1.14286],"texture":"#4"},"down":{"uv":[13.42857,14.85714,13.14286,15.42857],"texture":"#4"}}},{"from":[7.751,18.20711,6.0],"to":[8.249,19.20711,7.0],"rotation":{"origin":[8.001,18.70711,6.5],"axis":"x","angle":-45.0},"faces":{"north":{"uv":[14.85714,13.14286,15.14286,13.71429],"texture":"#4"},"east":{"uv":[1.14286,14.85714,1.71429,15.42857],"texture":"#4"},"west":{"uv":[14.85714,1.14286,15.42857,1.71429],"texture":"#4"},"up":{"uv":[14.0,15.42857,13.71429,14.85714],"texture":"#4"}}},{"from":[7.751,21.20711,6.0],"to":[8.249,22.20711,7.0],"rotation":{"origin":[8.001,21.70711,6.5],"axis":"x","angle":-45.0},"faces":{"north":{"uv":[14.85714,13.71429,15.14286,14.28571],"texture":"#4"},"east":{"uv":[1.71429,14.85714,2.28571,15.42857],"texture":"#4"},"west":{"uv":[2.28571,14.85714,2.85714,15.42857],"texture":"#4"},"up":{"uv":[14.57143,15.42857,14.28571,14.85714],"texture":"#4"}}},{"from":[7.001,24.75,8.54289],"to":[8.999,25.75,9.54289],"rotation":{"origin":[8.001,25.25,9.04289],"axis":"x","angle":-45.0},"faces":{"north":{"uv":[13.14286,7.42857,14.28571,8.0],"texture":"#4"},"east":{"uv":[2.85714,14.85714,3.42857,15.42857],"texture":"#4"},"south":{"uv":[13.14286,8.0,14.28571,8.57143],"texture":"#4"},"west":{"uv":[3.42857,14.85714,4.0,15.42857],"texture":"#4"},"up":{"uv":[14.28571,9.14286,13.14286,8.57143],"texture":"#4"}}},{"from":[7.0,22.25,8.75],"to":[9.0,25.25,9.75],"rotation":{"origin":[7.0,17.0,8.75],"axis":"y","angle":0.0},"faces":{"north":{"uv":[9.14286,6.28571,10.28571,8.0],"texture":"#4"},"east":{"uv":[10.85714,6.28571,11.42857,8.0],"texture":"#4"},"south":{"uv":[9.14286,8.0,10.28571,9.71429],"texture":"#4"},"west":{"uv":[6.85714,10.85714,7.42857,12.57143],"texture":"#4"},"up":{"uv":[14.28571,9.71429,13.14286,9.14286],"texture":"#4"},"down":{"uv":[14.28571,9.71429,13.14286,10.28571],"texture":"#4"}}},{"from":[7.001,21.75,8.95711],"to":[8.999,22.75,9.95711],"rotation":{"origin":[8.001,22.25,9.45711],"axis":"x","angle":-45.0},"faces":{"north":{"uv":[13.14286,10.28571,14.28571,10.85714],"texture":"#4"},"east":{"uv":[4.0,14.85714,4.57143,15.42857],"texture":"#4"},"south":{"uv":[13.14286,10.85714,14.28571,11.42857],"texture":"#4"},"west":{"uv":[4.57143,14.85714,5.14286,15.42857],"texture":"#4"},"down":{"uv":[14.28571,11.42857,13.14286,12.0],"texture":"#4"}}},{"from":[7.752,18.70711,9.20711],"to":[8.248,21.70711,10.20711],"rotation":{"origin":[7.252,34.20711,16.70711],"axis":"y","angle":0.0},"faces":{"east":{"uv":[10.85714,9.71429,11.42857,11.42857],"texture":"#4"},"south":{"uv":[10.28571,13.71429,10.57143,15.42857],"texture":"#4"},"west":{"uv":[11.42857,1.14286,12.0,2.85714],"texture":"#4"}}},{"from":[7.751,21.20711,9.0],"to":[8.249,22.20711,10.0],"rotation":{"origin":[8.001,21.70711,9.5],"axis":"x","angle":45.0},"faces":{"east":{"uv":[14.85714,4.57143,15.42857,5.14286],"texture":"#4"},"south":{"uv":[14.85714,14.28571,15.14286,14.85714],"texture":"#4"},"west":{"uv":[5.14286,14.85714,5.71429,15.42857],"texture":"#4"},"up":{"uv":[15.14286,15.42857,14.85714,14.85714],"texture":"#4"}}},{"from":[7.751,18.20711,9.0],"to":[8.249,19.20711,10.0],"rotation":{"origin":[8.001,18.70711,9.5],"axis":"x","angle":45.0},"faces":{"east":{"uv":[14.85714,5.14286,15.42857,5.71429],"texture":"#4"},"south":{"uv":[0.0,15.42857,0.28571,16.0],"texture":"#4"},"west":{"uv":[5.71429,14.85714,6.28571,15.42857],"texture":"#4"},"up":{"uv":[15.71429,0.57143,15.42857,0.0],"texture":"#4"}}},{"from":[7.75,17.5,8.5],"to":[8.25,22.5,9.5],"rotation":{"origin":[7.25,31.0,16.0],"axis":"y","angle":0.0},"faces":{"north":{"uv":[11.42857,10.85714,11.71429,13.71429],"texture":"#4"},"east":{"uv":[10.28571,6.28571,10.85714,9.14286],"texture":"#4"},"south":{"uv":[0.0,12.0,0.28571,14.85714],"texture":"#4"},"west":{"uv":[7.42857,10.28571,8.0,13.14286],"texture":"#4"},"up":{"uv":[0.85714,16.0,0.57143,15.42857],"texture":"#4"},"down":{"uv":[15.71429,0.57143,15.42857,1.14286],"texture":"#4"}}},{"from":[7.751,17.0,8.29289],"to":[8.249,18.0,9.29289],"rotation":{"origin":[8.001,17.5,8.79289],"axis":"x","angle":45.0},"faces":{"north":{"uv":[1.14286,15.42857,1.42857,16.0],"texture":"#4"},"east":{"uv":[14.85714,5.71429,15.42857,6.28571],"texture":"#4"},"south":{"uv":[15.42857,1.14286,15.71429,1.71429],"texture":"#4"},"west":{"uv":[6.28571,14.85714,6.85714,15.42857],"texture":"#4"},"down":{"uv":[2.0,15.42857,1.71429,16.0],"texture":"#4"}}},{"from":[7.975,-1.78335,5.87482],"to":[8.025,3.21665,7.87482],"rotation":{"origin":[8.0,0.15761,6.77343],"axis":"x","angle":0.0},"faces":{"east":{"uv":[5.14286,4.57143,4.0,7.42857],"texture":"#4"},"west":{"uv":[4.0,4.57143,5.14286,7.42857],"texture":"#4"}}},{"from":[7.75,-1.25,7.975],"to":[8.25,-0.25,9.475],"rotation":{"origin":[8.0,-0.75,8.975],"axis":"x","angle":22.5},"faces":{"east":{"uv":[14.57143,1.14286,13.71429,1.71429],"texture":"#4"},"west":{"uv":[1.42857,14.28571,0.57143,14.85714],"texture":"#4"},"up":{"uv":[7.71429,14.85714,7.42857,15.71429],"texture":"#4"},"down":{"uv":[15.14286,8.28571,14.85714,7.42857],"texture":"#4"}}},{"from":[7.5,-1.4235,8.81882],"to":[8.5,0.5765,9.81882],"rotation":{"origin":[8.0,0.15761,9.22657],"axis":"x","angle":0.0},"faces":{"north":{"uv":[9.14286,12.57143,8.57143,13.71429],"texture":"#4"},"east":{"uv":[7.42857,12.57143,6.85714,13.71429],"texture":"#4"},"south":{"uv":[12.57143,8.57143,12.0,9.71429],"texture":"#4"},"west":{"uv":[13.14286,8.57143,12.57143,9.71429],"texture":"#4"},"up":{"uv":[12.0,7.42857,11.42857,8.0],"texture":"#4"},"down":{"uv":[12.57143,6.28571,12.0,5.71429],"texture":"#4"}}},{"from":[7.5015,-0.25787,9.23445],"to":[8.4985,0.74213,10.23445],"rotation":{"origin":[8.0,0.15761,9.22657],"axis":"x","angle":-45.0},"faces":{"east":{"uv":[14.85714,4.57143,14.28571,5.14286],"texture":"#4"},"south":{"uv":[13.14286,0.57143,12.57143,1.14286],"texture":"#4"},"west":{"uv":[5.71429,14.28571,5.14286,14.85714],"texture":"#4"},"up":{"uv":[14.85714,5.14286,14.28571,5.71429],"texture":"#4"},"down":{"uv":[6.28571,14.85714,5.71429,14.28571],"texture":"#4"}}},{"from":[7.975,-1.78335,8.12518],"to":[8.025,3.21665,10.12518],"rotation":{"origin":[8.0,0.15761,9.22657],"axis":"x","angle":0.0},"faces":{"east":{"uv":[4.0,4.57143,5.14286,7.42857],"texture":"#4"},"west":{"uv":[5.14286,4.57143,4.0,7.42857],"texture":"#4"}}},{"from":[7.425,16.55,7.425],"to":[8.575,22.25,8.575],"rotation":{"origin":[7.5,16.55,7.5],"axis":"y","angle":0.0},"faces":{"north":{"uv":[6.85714,4.57143,7.57143,7.85714],"texture":"#4"},"east":{"uv":[4.0,7.42857,4.71429,10.71429],"texture":"#4"},"south":{"uv":[8.0,0.0,8.71429,3.28571],"texture":"#4"},"west":{"uv":[8.0,3.42857,8.71429,6.71429],"texture":"#4"},"down":{"uv":[9.28571,13.71429,8.57143,14.42857],"texture":"#4"}}},{"from":[7.975,18.75,-6.875],"to":[8.025,26.0,6.875],"rotation":{"origin":[7.975,11.0,5.375],"axis":"y","angle":0.0},"faces":{"east":{"uv":[7.85714,0.0,0.0,4.14286],"texture":"#4"},"west":{"uv":[0.0,0.0,7.85714,4.14286],"texture":"#4"}}},{"from":[7.975,16.75,9.125],"to":[8.025,29.0,15.875],"rotation":{"origin":[7.975,11.0,10.625],"axis":"y","angle":0.0},"faces":{"east":{"uv":[3.85714,4.57143,0.0,11.57143],"texture":"#4"},"west":{"uv":[0.0,4.57143,3.85714,11.57143],"texture":"#4"}}},{"from":[7.4,5.55,7.4],"to":[8.6,6.05,8.6],"rotation":{"origin":[7.5,5.55,7.5],"axis":"y","angle":0.0},"faces":{"north":{"uv":[8.57143,14.85714,9.28571,15.14286],"texture":"#4"},"east":{"uv":[14.85714,8.57143,15.57143,8.85714],"texture":"#4"},"south":{"uv":[14.85714,9.14286,15.57143,9.42857],"texture":"#4"},"west":{"uv":[14.85714,9.71429,15.57143,10.0],"texture":"#4"},"up":{"uv":[12.14286,14.42857,11.42857,13.71429],"texture":"#4"},"down":{"uv":[14.42857,13.14286,13.71429,13.85714],"texture":"#4"}}},{"from":[7.3,11.85,7.3],"to":[8.7,16.55,8.7],"rotation":{"origin":[7.5,11.85,7.5],"axis":"y","angle":0.0},"faces":{"north":{"uv":[5.14286,8.0,6.0,10.71429],"texture":"#4"},"east":{"uv":[6.28571,8.0,7.14286,10.71429],"texture":"#4"},"south":{"uv":[8.0,6.85714,8.85714,9.57143],"texture":"#4"},"west":{"uv":[9.14286,0.0,10.0,2.71429],"texture":"#4"},"up":{"uv":[12.85714,5.42857,12.0,4.57143],"texture":"#4"},"down":{"uv":[12.85714,7.42857,12.0,8.28571],"texture":"#4"}}},{"from":[7.75,0.25,2.0],"to":[7.75,4.75,4.25],"rotation":{"origin":[7.75,10.25,3.875],"axis":"x","angle":-22.5},"faces":{"west":{"uv":[9.33333,0.0,12.33333,6.0],"texture":"#1"}}},{"from":[7.75,0.25,11.75],"to":[7.75,4.75,14.0],"rotation":{"origin":[7.75,10.25,12.125],"axis":"x","angle":22.5},"faces":{"west":{"uv":[12.33333,0.0,9.33333,6.0],"texture":"#1"}}},{"from":[8.25,0.25,11.75],"to":[8.25,4.75,14.0],"rotation":{"origin":[8.25,10.25,12.125],"axis":"x","angle":22.5},"faces":{"east":{"uv":[9.33333,0.0,12.33333,6.0],"texture":"#1"}}},{"from":[8.25,0.25,2.0],"to":[8.25,4.75,4.25],"rotation":{"origin":[8.25,10.25,3.875],"axis":"x","angle":-22.5},"faces":{"east":{"uv":[12.33333,0.0,9.33333,6.0],"texture":"#1"}}},{"from":[6.9,20.5,5.5],"to":[6.9,25.5,10.5],"rotation":{"origin":[6.75,17.0,8.0],"axis":"x","angle":0.0},"faces":{"west":{"uv":[0.0,0.0,10.0,10.0],"texture":"#2"}}},{"from":[7.7,18.5,-6.0],"to":[7.7,22.5,5.0],"rotation":{"origin":[7.7,26.5,5.25],"axis":"x","angle":0.0},"faces":{"west":{"uv":[5.33333,14.66667,0.0,0.0],"texture":"#1","rotation":90}}},{"from":[7.7,18.0,11.25],"to":[7.7,29.0,15.25],"rotation":{"origin":[7.7,20.5,16.5],"axis":"x","angle":0.0},"faces":{"west":{"uv":[5.33333,14.66667,0.0,0.0],"texture":"#1","rotation":180}}},{"from":[8.3,18.0,11.25],"to":[8.3,29.0,15.25],"rotation":{"origin":[8.3,20.5,16.5],"axis":"x","angle":0.0},"faces":{"east":{"uv":[0.0,14.66667,5.33333,0.0],"texture":"#1","rotation":180}}},{"from":[9.1,20.5,5.5],"to":[9.1,25.5,10.5],"rotation":{"origin":[9.25,17.0,8.0],"axis":"x","angle":0.0},"faces":{"east":{"uv":[10.0,0.0,0.0,10.0],"texture":"#2"}}},{"from":[8.3,18.5,-6.0],"to":[8.3,22.5,5.0],"rotation":{"origin":[8.3,26.5,5.25],"axis":"x","angle":0.0},"faces":{"east":{"uv":[5.33333,0.0,0.0,14.66667],"texture":"#1","rotation":90}}},{"from":[7.75,23.96386,-3.54865],"to":[8.25,24.96386,2.45135],"rotation":{"origin":[8.0,25.46386,1.05135],"axis":"x","angle":-22.5},"faces":{"north":{"uv":[15.42857,1.71429,15.71429,2.28571],"texture":"#4"},"east":{"uv":[7.42857,9.71429,10.85714,10.28571],"texture":"#4"},"south":{"uv":[2.28571,15.42857,2.57143,16.0],"texture":"#4"},"west":{"uv":[10.28571,0.0,13.71429,0.57143],"texture":"#4"},"up":{"uv":[11.71429,6.28571,11.42857,2.85714],"texture":"#4"},"down":{"uv":[8.28571,11.42857,8.0,14.85714],"texture":"#4"}}},{"from":[7.75,22.03447,-3.50715],"to":[8.25,23.03447,-2.50715],"rotation":{"origin":[8.0,22.53447,-3.00715],"axis":"x","angle":-45.0},"faces":{"north":{"uv":[15.42857,2.28571,15.71429,2.85714],"texture":"#4"},"east":{"uv":[14.85714,6.28571,15.42857,6.85714],"texture":"#4"},"south":{"uv":[2.85714,15.42857,3.14286,16.0],"texture":"#4"},"west":{"uv":[14.85714,6.85714,15.42857,7.42857],"texture":"#4"},"up":{"uv":[15.71429,3.42857,15.42857,2.85714],"texture":"#4"},"down":{"uv":[3.71429,15.42857,3.42857,16.0],"texture":"#4"}}}],"textures":{"particle":"nexus/scythe","1":"nexus/animations/animations_bolt","2":"nexus/animations/animations_nexus","4":"nexus/scythe"},"gui_light":"front"}