{"sources":[{"type":"paletted_permutations","textures":["nexo:trims/entity/humanoid/forest","nexo:trims/models/armor/forest","nexo:trims/entity/humanoid_leggings/forest","nexo:trims/models/armor/forest_leggings","nexo:trims/entity/humanoid/nexus","nexo:trims/models/armor/nexus","nexo:trims/entity/humanoid_leggings/nexus","nexo:trims/models/armor/nexus_leggings","nexo:trims/entity/humanoid/emerald","nexo:trims/models/armor/emerald","nexo:trims/entity/humanoid_leggings/emerald","nexo:trims/models/armor/emerald_leggings","nexo:trims/entity/humanoid/ruby","nexo:trims/models/armor/ruby","nexo:trims/entity/humanoid_leggings/ruby","nexo:trims/models/armor/ruby_leggings","nexo:trims/entity/humanoid/obsidian","nexo:trims/models/armor/obsidian","nexo:trims/entity/humanoid_leggings/obsidian","nexo:trims/models/armor/obsidian_leggings","nexo:trims/entity/humanoid/starlight","nexo:trims/models/armor/starlight","nexo:trims/entity/humanoid_leggings/starlight","nexo:trims/models/armor/starlight_leggings","nexo:trims/entity/humanoid/shadowbat","nexo:trims/models/armor/shadowbat","nexo:trims/entity/humanoid_leggings/shadowbat","nexo:trims/models/armor/shadowbat_leggings","trims/entity/humanoid/chainmail","trims/models/armor/chainmail","trims/entity/humanoid_leggings/chainmail","trims/models/armor/chainmail_leggings"],"palette_key":"trims/color_palettes/trim_palette","permutations":{"quartz":"trims/color_palettes/quartz","iron":"trims/color_palettes/iron","gold":"trims/color_palettes/gold","diamond":"trims/color_palettes/diamond","netherite":"trims/color_palettes/netherite","redstone":"trims/color_palettes/redstone","copper":"trims/color_palettes/copper","emerald":"trims/color_palettes/emerald","lapis":"trims/color_palettes/lapis","amethyst":"trims/color_palettes/amethyst"}}]}