{"sources":[{"type":"single","resource":"nexo:item/nexo_armor/forest_helmet"},{"type":"single","resource":"nexo:item/nexo_furniture/arm_chair"},{"type":"single","resource":"nexo:item/nexo_furniture/arm_chair_dyeable"},{"type":"single","resource":"nexo:item/nexo_furniture/coffee_table"},{"type":"single","resource":"nexo:item/nexo_furniture/coffee_table_dyeable"},{"type":"single","resource":"nexo:item/nexo_furniture/end_table"},{"type":"single","resource":"nexo:item/nexo_furniture/end_table"},{"type":"single","resource":"nexo:item/nexo_furniture/sofa"},{"type":"single","resource":"nexo:item/nexo_furniture/sofa_dyeable"},{"type":"single","resource":"nexo:item/nexo_furniture/storage_chest"},{"type":"single","resource":"nexo:item/nexo_furniture/table_lamp"},{"type":"single","resource":"nexo:item/nexo_furniture/table_lamp"},{"type":"single","resource":"nexo:item/nexo_furniture/table_lamp_dyeable"},{"type":"single","resource":"nexo:item/nexo_furniture/table_lamp_dyeable"},{"type":"single","resource":"nexo:item/nexo_tools/forest_axe"},{"type":"single","resource":"nexo:item/nexo_tools/forest_axe"},{"type":"single","resource":"nexo:item/nexo_tools/forest_hoe"},{"type":"single","resource":"nexo:item/nexo_tools/forest_pickaxe"},{"type":"single","resource":"nexo:item/nexo_tools/forest_shield"},{"type":"single","resource":"nexo:item/nexo_tools/forest_shield"},{"type":"single","resource":"nexo:item/nexo_tools/forest_shovel"},{"type":"single","resource":"nexo:item/nexo_tools/forest_sword"},{"type":"single","resource":"gem"},{"type":"single","resource":"gem"},{"type":"single","resource":"nexus/animations/animations_bolt"},{"type":"single","resource":"nexus/animations/animations_nexus"},{"type":"single","resource":"nexus/crossbow_2"},{"type":"single","resource":"nexus/animations/animations_bolt"},{"type":"single","resource":"nexus/animations/animations_nexus"},{"type":"single","resource":"nexus/staff"},{"type":"single","resource":"nexus/animations/animations_bolt"},{"type":"single","resource":"nexus/animations/animations_nexus"},{"type":"single","resource":"nexus/hoe"},{"type":"single","resource":"nexus/animations/animations_bolt"},{"type":"single","resource":"nexus/animations/animations_nexus"},{"type":"single","resource":"nexus/hammer"},{"type":"single","resource":"nexus/animations/animations_bolt"},{"type":"single","resource":"nexus/animations/animations_nexus"},{"type":"single","resource":"nexus/crossbow_2"},{"type":"single","resource":"nexus/animations/animations_bolt"},{"type":"single","resource":"nexus/animations/animations_nexus"},{"type":"single","resource":"nexus/bow_2"},{"type":"single","resource":"nexus/bow_2"},{"type":"single","resource":"nexus/animations/animations_bolt"},{"type":"single","resource":"nexus/animations/animations_nexus"},{"type":"single","resource":"nexus/wings"},{"type":"single","resource":"nexus/wings"},{"type":"single","resource":"nexus/nexus_helmet"},{"type":"single","resource":"nexus/animations/animations_bolt"},{"type":"single","resource":"nexus/sword"},{"type":"single","resource":"nexus/animations/animations_bolt"},{"type":"single","resource":"nexus/animations/animations_nexus"},{"type":"single","resource":"nexus/bow"},{"type":"single","resource":"nexus/bow"},{"type":"single","resource":"nexus/animations/animations_bolt"},{"type":"single","resource":"nexus/animations/animations_nexus"},{"type":"single","resource":"nexus/shield"},{"type":"single","resource":"nexus/chest"},{"type":"single","resource":"nexus/animations/animations_bolt"},{"type":"single","resource":"nexus/animations/animations_nexus"},{"type":"single","resource":"nexus/chest"},{"type":"single","resource":"nexus/animations/animations_bolt"},{"type":"single","resource":"nexus/animations/animations_nexus"},{"type":"single","resource":"nexus/crossbow"},{"type":"single","resource":"nexus/animations/animations_bolt"},{"type":"single","resource":"nexus/animations/animations_nexus"},{"type":"single","resource":"nexus/bow_1"},{"type":"single","resource":"nexus/bow_1"},{"type":"single","resource":"nexus/greatsword"},{"type":"single","resource":"nexus/animations/animations_bolt"},{"type":"single","resource":"nexus/animations/animations_nexus"},{"type":"single","resource":"nexus/greatsword"},{"type":"single","resource":"nexus/animations/animations_bolt"},{"type":"single","resource":"nexus/animations/animations_nexus"},{"type":"single","resource":"nexus/axe"},{"type":"single","resource":"nexus/animations/animations_bolt"},{"type":"single","resource":"nexus/animations/animations_nexus"},{"type":"single","resource":"nexus/fishing_rod"},{"type":"single","resource":"nexus/animations/animations_bolt"},{"type":"single","resource":"nexus/animations/animations_nexus"},{"type":"single","resource":"nexus/pickaxe"},{"type":"single","resource":"nexus/pickaxe"},{"type":"single","resource":"nexus/animations/animations_bolt"},{"type":"single","resource":"nexus/animations/animations_nexus"},{"type":"single","resource":"nexus/shield"},{"type":"single","resource":"nexus/chest"},{"type":"single","resource":"nexus/animations/animations_bolt"},{"type":"single","resource":"nexus/animations/animations_nexus"},{"type":"single","resource":"nexus/chest"},{"type":"single","resource":"nexus/animations/animations_bolt"},{"type":"single","resource":"nexus/animations/animations_nexus"},{"type":"single","resource":"nexus/trident"},{"type":"single","resource":"nexus/trident"},{"type":"single","resource":"nexus/animations/animations_bolt"},{"type":"single","resource":"nexus/animations/animations_nexus"},{"type":"single","resource":"nexus/shovel"},{"type":"single","resource":"nexus/animations/animations_bolt"},{"type":"single","resource":"nexus/animations/animations_nexus"},{"type":"single","resource":"nexus/fishing_rod_cast"},{"type":"single","resource":"nexus/animations/animations_bolt"},{"type":"single","resource":"nexus/animations/animations_nexus"},{"type":"single","resource":"nexus/spear"},{"type":"single","resource":"nexus/animations/animations_bolt"},{"type":"single","resource":"nexus/animations/animations_nexus"},{"type":"single","resource":"nexus/scythe"},{"type":"single","resource":"nexus/scythe"},{"type":"single","resource":"nexus/animations/animations_bolt"},{"type":"single","resource":"nexus/animations/animations_nexus"},{"type":"single","resource":"nexus/crossbow_1"},{"type":"single","resource":"nexus/sword"},{"type":"single","resource":"nexus/animations/animations_bolt"},{"type":"single","resource":"nexus/animations/animations_nexus"},{"type":"single","resource":"nexus/sword"},{"type":"single","resource":"nexus/key"},{"type":"single","resource":"nexus/animations/animations_bolt"},{"type":"single","resource":"nexus/animations/animations_nexus"},{"type":"single","resource":"nexus/key"},{"type":"single","resource":"nexus/animations/animations_bolt"},{"type":"single","resource":"nexus/animations/animations_nexus"},{"type":"single","resource":"nexus/bow"},{"type":"single","resource":"nexus/bow"},{"type":"single","resource":"nexus/animations/animations_bolt"},{"type":"single","resource":"nexus/animations/animations_nexus"},{"type":"single","resource":"nexus/crossbow"},{"type":"single","resource":"neotech/neotech_staff"},{"type":"single","resource":"neotech/neotech_staff_effect"},{"type":"single","resource":"neotech/neotech_staff"},{"type":"single","resource":"neotech/neotech_sword"},{"type":"single","resource":"neotech/neotech_sword"},{"type":"single","resource":"neotech/neotech_bow"},{"type":"single","resource":"neotech/neotech_bow"},{"type":"single","resource":"neotech/neotech_bow"},{"type":"single","resource":"neotech/neotech_bow"},{"type":"single","resource":"neotech/neotech_bow"},{"type":"single","resource":"neotech/neotech_bow"},{"type":"single","resource":"neotech/neotech_axe"},{"type":"single","resource":"neotech/neotech_axe"},{"type":"single","resource":"neotech/neotech_bow"},{"type":"single","resource":"neotech/neotech_bow"},{"type":"single","resource":"neotech/neotech_spear"},{"type":"single","resource":"hearts/fragment"},{"type":"single","resource":"hearts/heart"},{"type":"single","resource":"advancedenchantments/confirm2"},{"type":"single","resource":"advancedenchantments/unconfirm"},{"type":"single","resource":"advancedenchantments/unconfirm2"},{"type":"single","resource":"advancedenchantments/air"},{"type":"single","resource":"advancedenchantments/confirm"},{"type":"single","resource":"default/blood_sword"},{"type":"single","resource":"default/crown"},{"type":"single","resource":"default/withooker"},{"type":"single","resource":"default/pharaoh_head"},{"type":"single","resource":"default/divine_shield"},{"type":"single","resource":"default/chair"},{"type":"single","resource":"default/table"},{"type":"single","resource":"default/wood_sword"},{"type":"single","resource":"default/combat_bow"},{"type":"single","resource":"default/shelf"},{"type":"single","resource":"default/shelf"},{"type":"single","resource":"default/great_sword"},{"type":"single","resource":"default/witch_hat0"},{"type":"single","resource":"default/witch_hat1"},{"type":"single","resource":"default/witch_hat2"},{"type":"single","resource":"default/storm_sword0"},{"type":"single","resource":"default/storm_sword1"},{"type":"single","resource":"default/storm_sword2"},{"type":"single","resource":"default/storm_sword3"},{"type":"single","resource":"default/storm_sword4"},{"type":"single","resource":"default/combat_bow"},{"type":"single","resource":"default/combat_bow"},{"type":"single","resource":"default/anubis_head"},{"type":"single","resource":"default/katana0"},{"type":"single","resource":"default/katana1"},{"type":"single","resource":"default/katana2"},{"type":"single","resource":"default/bone_sword"},{"type":"single","resource":"default/earth_hammer"},{"type":"single","resource":"default/magic_book"},{"type":"single","resource":"default/magical_wand0"},{"type":"single","resource":"default/magical_wand1"},{"type":"single","resource":"default/space_helmet"},{"type":"single","resource":"default/octavia_sword"},{"type":"single","resource":"default/bedrock_pickaxe0"},{"type":"single","resource":"default/bedrock_pickaxe1"},{"type":"single","resource":"default/bedrock_pickaxe2"},{"type":"single","resource":"default/battle_axe"},{"type":"single","resource":"default/combat_bow"},{"type":"single","resource":"default/energy_crystal_sword"},{"type":"single","resource":"default/magical_axe0"},{"type":"single","resource":"default/magical_axe1"},{"type":"single","resource":"default/ice_staff"},{"type":"single","resource":"default/dagger0"},{"type":"single","resource":"default/dagger1"},{"type":"single","resource":"default/dagger2"},{"type":"single","resource":"default/dagger3"},{"type":"single","resource":"default/amethyst"},{"type":"single","resource":"default/cart"},{"type":"single","resource":"default/caveblock"},{"type":"single","resource":"default/caveblock"},{"type":"single","resource":"default/goblin_beetle0"},{"type":"single","resource":"default/goblin_beetle1"},{"type":"single","resource":"default/goblin_beetle2"},{"type":"single","resource":"default/goblin_beetle3"},{"type":"single","resource":"default/goblin_beetle4"},{"type":"single","resource":"default/legendary_hammer0"},{"type":"single","resource":"default/legendary_hammer1"},{"type":"single","resource":"default/divine_shield"},{"type":"single","resource":"default/coach"},{"type":"single","resource":"entity/villager/profession/shepherd"},{"type":"single","resource":"entity/illager/vindicator"},{"type":"single","resource":"entity/villager/profession/cartographer"},{"type":"single","resource":"entity/illager/illusioner"},{"type":"single","resource":"entity/villager/type/desert"},{"type":"single","resource":"entity/villager/type/desert"},{"type":"single","resource":"entity/villager/profession/butcher"},{"type":"single","resource":"entity/villager/profession/fletcher"},{"type":"single","resource":"entity/villager/type/swamp"},{"type":"single","resource":"entity/villager/profession/fisherman"},{"type":"single","resource":"entity/villager/profession/farmer"},{"type":"single","resource":"entity/villager/type/savanna"},{"type":"single","resource":"entity/villager/profession/weaponsmith"},{"type":"single","resource":"entity/villager/profession/librarian"},{"type":"single","resource":"entity/villager/profession/cleric"},{"type":"single","resource":"entity/villager/type/snow"},{"type":"single","resource":"entity/villager/profession/armorer"},{"type":"single","resource":"starlight/texture"},{"type":"single","resource":"starlight/spark"},{"type":"single","resource":"starlight/wings"},{"type":"single","resource":"starlight/add_on"},{"type":"single","resource":"starlight/light"},{"type":"single","resource":"starlight/mini_wings"},{"type":"single","resource":"starlight/texture"},{"type":"single","resource":"starlight/texture"},{"type":"single","resource":"starlight/spark"},{"type":"single","resource":"starlight/wings"},{"type":"single","resource":"starlight/add_on"},{"type":"single","resource":"starlight/texture"},{"type":"single","resource":"starlight/texture"},{"type":"single","resource":"starlight/spark"},{"type":"single","resource":"starlight/mini_wings"},{"type":"single","resource":"starlight/add_on"},{"type":"single","resource":"starlight/texture"},{"type":"single","resource":"starlight/wings_animated"},{"type":"single","resource":"starlight/wings_texture"},{"type":"single","resource":"starlight/spark"},{"type":"single","resource":"starlight/add_on"},{"type":"single","resource":"starlight/wings_animated"},{"type":"single","resource":"starlight/wings_animated"},{"type":"single","resource":"starlight/wings_texture"},{"type":"single","resource":"starlight/spark"},{"type":"single","resource":"starlight/add_on"},{"type":"single","resource":"starlight/wings_animated"},{"type":"single","resource":"starlight/texture"},{"type":"single","resource":"starlight/spark"},{"type":"single","resource":"starlight/wings"},{"type":"single","resource":"starlight/add_on"},{"type":"single","resource":"starlight/mini_wings"},{"type":"single","resource":"starlight/texture"},{"type":"single","resource":"starlight/wings_animated"},{"type":"single","resource":"starlight/wings_texture"},{"type":"single","resource":"starlight/spark"},{"type":"single","resource":"starlight/add_on"},{"type":"single","resource":"starlight/wings_animated"},{"type":"single","resource":"starlight/texture"},{"type":"single","resource":"starlight/spark"},{"type":"single","resource":"starlight/wings"},{"type":"single","resource":"starlight/add_on"},{"type":"single","resource":"starlight/mini_wings"},{"type":"single","resource":"starlight/texture"},{"type":"single","resource":"starlight/texture"},{"type":"single","resource":"starlight/spark"},{"type":"single","resource":"starlight/wings"},{"type":"single","resource":"starlight/add_on"},{"type":"single","resource":"starlight/mini_wings"},{"type":"single","resource":"starlight/texture"},{"type":"single","resource":"starlight/wings_animated"},{"type":"single","resource":"starlight/wings_texture"},{"type":"single","resource":"starlight/spark"},{"type":"single","resource":"starlight/add_on"},{"type":"single","resource":"starlight/wings_animated"},{"type":"single","resource":"starlight/texture"},{"type":"single","resource":"starlight/spark"},{"type":"single","resource":"starlight/wings"},{"type":"single","resource":"starlight/add_on"},{"type":"single","resource":"starlight/mini_wings"},{"type":"single","resource":"starlight/texture"},{"type":"single","resource":"starlight/texture"},{"type":"single","resource":"starlight/spark"},{"type":"single","resource":"starlight/wings"},{"type":"single","resource":"starlight/add_on"},{"type":"single","resource":"starlight/texture"},{"type":"single","resource":"starlight/texture"},{"type":"single","resource":"starlight/spark"},{"type":"single","resource":"starlight/wings"},{"type":"single","resource":"starlight/add_on"},{"type":"single","resource":"starlight/texture"},{"type":"single","resource":"starlight/texture"},{"type":"single","resource":"starlight/spark"},{"type":"single","resource":"starlight/wings"},{"type":"single","resource":"starlight/add_on"},{"type":"single","resource":"starlight/mini_wings"},{"type":"single","resource":"starlight/texture"},{"type":"single","resource":"starlight/texture"},{"type":"single","resource":"starlight/spark"},{"type":"single","resource":"starlight/wings"},{"type":"single","resource":"starlight/add_on"},{"type":"single","resource":"starlight/texture"},{"type":"single","resource":"starlight/wings_animated"},{"type":"single","resource":"starlight/chest"},{"type":"single","resource":"starlight/wings_texture"},{"type":"single","resource":"starlight/spark"},{"type":"single","resource":"starlight/add_on"},{"type":"single","resource":"starlight/wings_animated"},{"type":"single","resource":"starlight/texture"},{"type":"single","resource":"starlight/spark"},{"type":"single","resource":"starlight/wings"},{"type":"single","resource":"starlight/add_on"},{"type":"single","resource":"starlight/texture"},{"type":"single","resource":"starlight/texture"},{"type":"single","resource":"starlight/spark"},{"type":"single","resource":"starlight/wings"},{"type":"single","resource":"starlight/add_on"},{"type":"single","resource":"starlight/texture"},{"type":"single","resource":"starlight/texture"},{"type":"single","resource":"starlight/spark"},{"type":"single","resource":"starlight/mini_wings"},{"type":"single","resource":"starlight/add_on"},{"type":"single","resource":"starlight/texture"},{"type":"single","resource":"starlight/texture"},{"type":"single","resource":"starlight/spark"},{"type":"single","resource":"starlight/wings"},{"type":"single","resource":"starlight/add_on"},{"type":"single","resource":"starlight/texture"},{"type":"single","resource":"starlight/texture"},{"type":"single","resource":"starlight/spark"},{"type":"single","resource":"starlight/mini_wings"},{"type":"single","resource":"starlight/add_on"},{"type":"single","resource":"starlight/texture"},{"type":"single","resource":"starlight/wings_animated"},{"type":"single","resource":"starlight/wings_texture"},{"type":"single","resource":"starlight/spark"},{"type":"single","resource":"starlight/add_on"},{"type":"single","resource":"starlight/wings_animated"},{"type":"single","resource":"starlight/texture"},{"type":"single","resource":"starlight/texture"},{"type":"single","resource":"starlight/texture"},{"type":"single","resource":"starlight/spark"},{"type":"single","resource":"starlight/wings"},{"type":"single","resource":"starlight/add_on"},{"type":"single","resource":"starlight/mini_wings"},{"type":"single","resource":"starlight/texture"},{"type":"single","resource":"shadow_bat_pack/texture"},{"type":"single","resource":"shadow_bat_pack/smoke"},{"type":"single","resource":"shadow_bat_pack/lighting"},{"type":"single","resource":"shadow_bat_pack/spark"},{"type":"single","resource":"shadow_bat_pack/fire"},{"type":"single","resource":"shadow_bat_pack/texture"},{"type":"single","resource":"shadow_bat_pack/smoke"},{"type":"single","resource":"shadow_bat_pack/lighting"},{"type":"single","resource":"shadow_bat_pack/spark"},{"type":"single","resource":"shadow_bat_pack/fire"},{"type":"single","resource":"shadow_bat_pack/crystal"},{"type":"single","resource":"shadow_bat_pack/fire"},{"type":"single","resource":"shadow_bat_pack/texture"},{"type":"single","resource":"shadow_bat_pack/smoke"},{"type":"single","resource":"shadow_bat_pack/lighting"},{"type":"single","resource":"shadow_bat_pack/spark"},{"type":"single","resource":"shadow_bat_pack/fire"},{"type":"single","resource":"shadow_bat_pack/fire"},{"type":"single","resource":"shadow_bat_pack/texture"},{"type":"single","resource":"shadow_bat_pack/smoke"},{"type":"single","resource":"shadow_bat_pack/lighting"},{"type":"single","resource":"shadow_bat_pack/spark"},{"type":"single","resource":"shadow_bat_pack/wings"},{"type":"single","resource":"shadow_bat_pack/mini_wings"},{"type":"single","resource":"shadow_bat_pack/fire"},{"type":"single","resource":"shadow_bat_pack/texture"},{"type":"single","resource":"shadow_bat_pack/smoke"},{"type":"single","resource":"shadow_bat_pack/lighting"},{"type":"single","resource":"shadow_bat_pack/spark"},{"type":"single","resource":"shadow_bat_pack/fire"},{"type":"single","resource":"shadow_bat_pack/texture"},{"type":"single","resource":"shadow_bat_pack/smoke"},{"type":"single","resource":"shadow_bat_pack/lighting"},{"type":"single","resource":"shadow_bat_pack/spark"},{"type":"single","resource":"shadow_bat_pack/wings"},{"type":"single","resource":"shadow_bat_pack/mini_wings"},{"type":"single","resource":"shadow_bat_pack/fire"},{"type":"single","resource":"shadow_bat_pack/texture"},{"type":"single","resource":"shadow_bat_pack/smoke"},{"type":"single","resource":"shadow_bat_pack/lighting"},{"type":"single","resource":"shadow_bat_pack/spark"},{"type":"single","resource":"shadow_bat_pack/fire"},{"type":"single","resource":"shadow_bat_pack/texture"},{"type":"single","resource":"shadow_bat_pack/smoke"},{"type":"single","resource":"shadow_bat_pack/lighting"},{"type":"single","resource":"shadow_bat_pack/spark"},{"type":"single","resource":"shadow_bat_pack/fire"},{"type":"single","resource":"shadow_bat_pack/texture"},{"type":"single","resource":"shadow_bat_pack/smoke"},{"type":"single","resource":"shadow_bat_pack/lighting"},{"type":"single","resource":"shadow_bat_pack/spark"},{"type":"single","resource":"shadow_bat_pack/wings"},{"type":"single","resource":"shadow_bat_pack/mini_wings"},{"type":"single","resource":"shadow_bat_pack/fire"},{"type":"single","resource":"shadow_bat_pack/texture"},{"type":"single","resource":"shadow_bat_pack/smoke"},{"type":"single","resource":"shadow_bat_pack/lighting"},{"type":"single","resource":"shadow_bat_pack/spark"},{"type":"single","resource":"shadow_bat_pack/fire"},{"type":"single","resource":"shadow_bat_pack/texture"},{"type":"single","resource":"shadow_bat_pack/smoke"},{"type":"single","resource":"shadow_bat_pack/lighting"},{"type":"single","resource":"shadow_bat_pack/spark"},{"type":"single","resource":"shadow_bat_pack/fire"},{"type":"single","resource":"shadow_bat_pack/texture"},{"type":"single","resource":"shadow_bat_pack/smoke"},{"type":"single","resource":"shadow_bat_pack/lighting"},{"type":"single","resource":"shadow_bat_pack/spark"},{"type":"single","resource":"shadow_bat_pack/fire"},{"type":"single","resource":"shadow_bat_pack/texture"},{"type":"single","resource":"shadow_bat_pack/smoke"},{"type":"single","resource":"shadow_bat_pack/lighting"},{"type":"single","resource":"shadow_bat_pack/spark"},{"type":"single","resource":"shadow_bat_pack/fire"},{"type":"single","resource":"shadow_bat_pack/texture"},{"type":"single","resource":"shadow_bat_pack/smoke"},{"type":"single","resource":"shadow_bat_pack/lighting"},{"type":"single","resource":"shadow_bat_pack/spark"},{"type":"single","resource":"shadow_bat_pack/wings"},{"type":"single","resource":"shadow_bat_pack/mini_wings"},{"type":"single","resource":"shadow_bat_pack/fire"},{"type":"single","resource":"shadow_bat_pack/texture"},{"type":"single","resource":"shadow_bat_pack/smoke"},{"type":"single","resource":"shadow_bat_pack/lighting"},{"type":"single","resource":"shadow_bat_pack/spark"},{"type":"single","resource":"shadow_bat_pack/fire"},{"type":"single","resource":"shadow_bat_pack/texture"},{"type":"single","resource":"shadow_bat_pack/smoke"},{"type":"single","resource":"shadow_bat_pack/lighting"},{"type":"single","resource":"shadow_bat_pack/spark"},{"type":"single","resource":"shadow_bat_pack/fire"},{"type":"single","resource":"shadow_bat_pack/fire"},{"type":"single","resource":"shadow_bat_pack/texture"},{"type":"single","resource":"shadow_bat_pack/smoke"},{"type":"single","resource":"shadow_bat_pack/lighting"},{"type":"single","resource":"shadow_bat_pack/spark"},{"type":"single","resource":"shadow_bat_pack/fire"},{"type":"single","resource":"shadow_bat_pack/fire"},{"type":"single","resource":"shadow_bat_pack/texture"},{"type":"single","resource":"shadow_bat_pack/smoke"},{"type":"single","resource":"shadow_bat_pack/lighting"},{"type":"single","resource":"shadow_bat_pack/spark"},{"type":"single","resource":"shadow_bat_pack/fire"},{"type":"single","resource":"shadow_bat_pack/texture"},{"type":"single","resource":"shadow_bat_pack/smoke"},{"type":"single","resource":"shadow_bat_pack/lighting"},{"type":"single","resource":"shadow_bat_pack/spark"},{"type":"single","resource":"shadow_bat_pack/fire"},{"type":"single","resource":"shadow_bat_pack/fire"},{"type":"single","resource":"shadow_bat_pack/texture"},{"type":"single","resource":"shadow_bat_pack/mini_wings"},{"type":"single","resource":"shadow_bat_pack/smoke"},{"type":"single","resource":"shadow_bat_pack/lighting"},{"type":"single","resource":"shadow_bat_pack/spark"},{"type":"single","resource":"shadow_bat_pack/chest"},{"type":"single","resource":"shadow_bat_pack/fire"},{"type":"single","resource":"shadow_bat_pack/texture"},{"type":"single","resource":"shadow_bat_pack/smoke"},{"type":"single","resource":"shadow_bat_pack/lighting"},{"type":"single","resource":"shadow_bat_pack/spark"},{"type":"single","resource":"shadow_bat_pack/fire"},{"type":"single","resource":"shadow_bat_pack/fire"},{"type":"single","resource":"shadow_bat_pack/texture"},{"type":"single","resource":"shadow_bat_pack/smoke"},{"type":"single","resource":"shadow_bat_pack/lighting"},{"type":"single","resource":"shadow_bat_pack/spark"},{"type":"single","resource":"shadow_bat_pack/fire"},{"type":"single","resource":"shadow_bat_pack/fire"},{"type":"single","resource":"shadow_bat_pack/texture"},{"type":"single","resource":"shadow_bat_pack/smoke"},{"type":"single","resource":"shadow_bat_pack/lighting"},{"type":"single","resource":"shadow_bat_pack/spark"},{"type":"single","resource":"shadow_bat_pack/fire"},{"type":"single","resource":"shadow_bat_pack/fire"},{"type":"single","resource":"shadow_bat_pack/texture"},{"type":"single","resource":"shadow_bat_pack/smoke"},{"type":"single","resource":"shadow_bat_pack/lighting"},{"type":"single","resource":"shadow_bat_pack/spark"},{"type":"single","resource":"shadow_bat_pack/fire"},{"type":"single","resource":"shadow_bat_pack/texture"},{"type":"single","resource":"shadow_bat_pack/smoke"},{"type":"single","resource":"shadow_bat_pack/lighting"},{"type":"single","resource":"shadow_bat_pack/spark"},{"type":"single","resource":"shadow_bat_pack/fire"},{"type":"single","resource":"shadow_bat_pack/fire"},{"type":"single","resource":"shadow_bat_pack/texture"},{"type":"single","resource":"shadow_bat_pack/smoke"},{"type":"single","resource":"shadow_bat_pack/lighting"},{"type":"single","resource":"shadow_bat_pack/spark"},{"type":"single","resource":"shadow_bat_pack/wings"},{"type":"single","resource":"shadow_bat_pack/mini_wings"},{"type":"single","resource":"shadow_bat_pack/fire"},{"type":"single","resource":"shadow_bat_pack/texture"},{"type":"single","resource":"shadow_bat_pack/fire"},{"type":"single","resource":"shadow_bat_pack/texture"},{"type":"single","resource":"shadow_bat_pack/smoke"},{"type":"single","resource":"shadow_bat_pack/lighting"},{"type":"single","resource":"shadow_bat_pack/spark"},{"type":"single","resource":"shadow_bat_pack/fire"},{"type":"single","resource":"shadow_bat_pack/texture"},{"type":"single","resource":"shadow_bat_pack/smoke"},{"type":"single","resource":"shadow_bat_pack/lighting"},{"type":"single","resource":"shadow_bat_pack/spark"},{"type":"single","resource":"shadow_bat_pack/fire"},{"type":"single","resource":"pickaxes/otw_pickaxe"},{"type":"single","resource":"pickaxes/solar_pickaxe"},{"type":"single","resource":"pickaxes/solar_pickaxe"},{"type":"single","resource":"pickaxes/martian_pickaxe"},{"type":"single","resource":"pickaxes/martian_pickaxe_head"},{"type":"single","resource":"pickaxes/martian_pickaxe"},{"type":"single","resource":"pickaxes/vortex_pickaxe"},{"type":"single","resource":"pickaxes/vortex_pickaxe_ring"},{"type":"single","resource":"pickaxes/vortex_pickaxe"},{"type":"single","resource":"pickaxes/cosmic_horror_pickaxe"},{"type":"single","resource":"pickaxes/cosmic_horror_pickaxe_animations_3"},{"type":"single","resource":"pickaxes/cosmic_horror_pickaxe_animations_2"},{"type":"single","resource":"pickaxes/cosmic_horror_pickaxe_animations_1"},{"type":"single","resource":"pickaxes/cosmic_horror_pickaxe"},{"type":"single","resource":"crates/toffy_crate_blue"},{"type":"single","resource":"crates/toffy_crate_blue"},{"type":"single","resource":"crates/toffy_crate_purple"},{"type":"single","resource":"crates/toffy_crate_purple"},{"type":"single","resource":"crates/toffy_crate_black"},{"type":"single","resource":"crates/toffy_crate_black"},{"type":"single","resource":"crates/toffy_key_red"},{"type":"single","resource":"crates/toffy_key_red"},{"type":"single","resource":"crates/toffy_key_cinder"},{"type":"single","resource":"crates/toffy_key_cinder"},{"type":"single","resource":"crates/toffy_key_green"},{"type":"single","resource":"crates/toffy_key_green"},{"type":"single","resource":"crates/toffy_key_purple"},{"type":"single","resource":"crates/toffy_key_purple"},{"type":"single","resource":"crates/toffy_crate_green"},{"type":"single","resource":"crates/toffy_crate_green"},{"type":"single","resource":"crates/toffy_crate_red"},{"type":"single","resource":"crates/toffy_crate_red"},{"type":"single","resource":"crates/toffy_crate_viking"},{"type":"single","resource":"crates/toffy_crate_viking"},{"type":"single","resource":"crates/toffy_key_black"},{"type":"single","resource":"crates/toffy_key_black"},{"type":"single","resource":"crates/toffy_key_blue"},{"type":"single","resource":"crates/toffy_key_blue"},{"type":"single","resource":"crates/toffy_key_viking"},{"type":"single","resource":"crates/toffy_key_viking"},{"type":"single","resource":"crates/toffy_crate_cinder"},{"type":"single","resource":"crates/toffy_crate_cinder"},{"type":"single","resource":"clockwork/spawner_key"},{"type":"single","resource":"clockwork/spawner_key"},{"type":"single","resource":"clockwork/clockwork_stream"},{"type":"single","resource":"clockwork/clockwork_stream"},{"type":"single","resource":"clockwork/colors"},{"type":"single","resource":"clockwork/colors"},{"type":"single","resource":"clockwork/rare_key"},{"type":"single","resource":"clockwork/rare_key"},{"type":"single","resource":"clockwork/legendary_key"},{"type":"single","resource":"clockwork/legendary_key"},{"type":"single","resource":"clockwork/clockwork_paint"},{"type":"single","resource":"clockwork/clockwork_paint"},{"type":"single","resource":"clockwork/blade_of_traxis"},{"type":"single","resource":"clockwork/blade_of_traxis"},{"type":"single","resource":"clockwork/heart_key"},{"type":"single","resource":"clockwork/heart_key"},{"type":"single","resource":"default/grape1"},{"type":"single","resource":"default/grape2"},{"type":"single","resource":"default/grape1"},{"type":"single","resource":"default/grape0"},{"type":"single","resource":"default/grape3"},{"type":"single","resource":"default/grape1"},{"type":"single","resource":"default/grape2"},{"type":"single","resource":"default/grape1"},{"type":"single","resource":"default/weed/harvest"},{"type":"single","resource":"default/weed/seedling"},{"type":"single","resource":"default/weed/flowering"},{"type":"single","resource":"default/weed/vegatative"},{"type":"single","resource":"item/chainmail_helmet"},{"type":"single","resource":"item/chainmail_chestplate"},{"type":"single","resource":"item/chainmail_leggings"},{"type":"single","resource":"item/chainmail_boots"},{"type":"single","resource":"item/paper"},{"type":"single","resource":"item/leather_horse_armor"},{"type":"single","resource":"item/netherite_axe"},{"type":"single","resource":"item/netherite_hoe"},{"type":"single","resource":"item/netherite_pickaxe"},{"type":"single","resource":"item/netherite_shovel"},{"type":"single","resource":"item/netherite_sword"},{"type":"single","resource":"block/dark_oak_planks"},{"type":"single","resource":"item/gold_nugget"},{"type":"single","resource":"item/book"},{"type":"single","resource":"item/crossbow_standby"},{"type":"single","resource":"item/bow"},{"type":"single","resource":"item/trident"},{"type":"single","resource":"item/iron_sword"},{"type":"single","resource":"item/potion_overlay"},{"type":"single","resource":"item/potion"},{"type":"single","resource":"item/diamond_sword"},{"type":"single","resource":"item/fishing_rod"},{"type":"single","resource":"nexo:item/nexo_armor/forest_chestplate"},{"type":"single","resource":"nexo:item/nexo_armor/forest_leggings"},{"type":"single","resource":"nexo:item/nexo_armor/forest_boots"},{"type":"single","resource":"required/arrow_next_icon"},{"type":"single","resource":"required/arrow_previous_icon"},{"type":"single","resource":"required/cancel_icon"},{"type":"single","resource":"advancedenchantments/simple_book"},{"type":"single","resource":"advancedenchantments/unique_book"},{"type":"single","resource":"advancedenchantments/elite_book"},{"type":"single","resource":"advancedenchantments/ultimate_book"},{"type":"single","resource":"advancedenchantments/legend_book"},{"type":"single","resource":"advancedenchantments/fabled_book"},{"type":"single","resource":"nexus/nexus_helmet"},{"type":"single","resource":"nexus/nexus_helmet"},{"type":"single","resource":"nexus/nexus_leggings"},{"type":"single","resource":"nexus/nexus_leggings"},{"type":"single","resource":"nexus/nexus_chestplate"},{"type":"single","resource":"nexus/nexus_chestplate"},{"type":"single","resource":"nexus/nexus_boots"},{"type":"single","resource":"nexus/nexus_boots"},{"type":"single","resource":"default/armors/emerald_helmet"},{"type":"single","resource":"default/armors/emerald_helmet"},{"type":"single","resource":"default/armors/emerald_chestplate"},{"type":"single","resource":"default/armors/emerald_chestplate"},{"type":"single","resource":"default/armors/emerald_leggings"},{"type":"single","resource":"default/armors/emerald_leggings"},{"type":"single","resource":"default/armors/emerald_boots"},{"type":"single","resource":"default/armors/emerald_boots"},{"type":"single","resource":"default/armors/obsidian_helmet"},{"type":"single","resource":"default/armors/obsidian_helmet"},{"type":"single","resource":"default/armors/obsidian_chestplate"},{"type":"single","resource":"default/armors/obsidian_chestplate"},{"type":"single","resource":"default/armors/obsidian_leggings"},{"type":"single","resource":"default/armors/obsidian_leggings"},{"type":"single","resource":"default/armors/obsidian_boots"},{"type":"single","resource":"default/armors/obsidian_boots"},{"type":"single","resource":"default/armors/ruby_helmet"},{"type":"single","resource":"default/armors/ruby_helmet"},{"type":"single","resource":"default/armors/ruby_chestplate"},{"type":"single","resource":"default/armors/ruby_chestplate"},{"type":"single","resource":"default/armors/ruby_leggings"},{"type":"single","resource":"default/armors/ruby_leggings"},{"type":"single","resource":"default/armors/ruby_boots"},{"type":"single","resource":"default/armors/ruby_boots"},{"type":"single","resource":"hearts/heart"},{"type":"single","resource":"shadow_bat_pack/armors/shadowbat_helmet"},{"type":"single","resource":"shadow_bat_pack/armors/shadowbat_helmet"},{"type":"single","resource":"shadow_bat_pack/armors/shadowbat_chestplate"},{"type":"single","resource":"shadow_bat_pack/armors/shadowbat_chestplate"},{"type":"single","resource":"shadow_bat_pack/armors/shadowbat_leggings"},{"type":"single","resource":"shadow_bat_pack/armors/shadowbat_leggings"},{"type":"single","resource":"shadow_bat_pack/armors/shadowbat_boots"},{"type":"single","resource":"shadow_bat_pack/armors/shadowbat_boots"},{"type":"single","resource":"starlight/armors/starlight_helmet"},{"type":"single","resource":"starlight/armors/starlight_helmet"},{"type":"single","resource":"starlight/armors/starlight_chestplate"},{"type":"single","resource":"starlight/armors/starlight_chestplate"},{"type":"single","resource":"starlight/armors/starlight_leggings"},{"type":"single","resource":"starlight/armors/starlight_leggings"},{"type":"single","resource":"starlight/armors/starlight_boots"},{"type":"single","resource":"starlight/armors/starlight_boots"}]}