{"sources":[{"type":"directory","source":"entity","prefix":"entity/"},{"type":"filter","pattern":{"namespace":"minecraft","path":"entity/fishing_hook"}},{"type":"single","resource":"008573da-b0ff-4fc6-a821-916a27792d5b"},{"type":"single","resource":"12ce7051-f9ba-4f59-ba9a-87d448536193"},{"type":"single","resource":"efae66a8-4fca-4f41-85bf-327b212ff5c1"},{"type":"single","resource":"e56918ac-3e72-4d4a-a822-2504f752a76b"},{"type":"single","resource":"3ba2b20b-eb79-466d-ab11-b4e72e6067e8"},{"type":"single","resource":"4eb77e80-f45a-4259-a70d-563ab5352a42"},{"type":"single","resource":"f22b8d49-b1a4-4d87-ac14-7e06c3792ba7"},{"type":"single","resource":"6ea6f71b-4d26-45bb-970d-bfb9266e7683"},{"type":"single","resource":"59f792a4-5ca7-4ec4-846f-ab427a03fe11"},{"type":"single","resource":"f4681329-bf7d-4953-ad0c-7cb8c0f50787"},{"type":"single","resource":"127813a9-95e2-4ef4-b81b-f07e23026a06"},{"type":"single","resource":"block/dark_oak_planks"},{"type":"single","resource":"a729cae4-f509-4246-b842-5c919b0c81bd"},{"type":"single","resource":"a729cae4-f509-4246-b842-5c919b0c81bd"},{"type":"single","resource":"a3bd6b5d-8ebd-4e00-b431-31a329b0a5ce"},{"type":"single","resource":"a3bd6b5d-8ebd-4e00-b431-31a329b0a5ce"},{"type":"single","resource":"76d8e8e9-c7af-4879-9e13-0fc2f5bd1418"},{"type":"single","resource":"76d8e8e9-c7af-4879-9e13-0fc2f5bd1418"},{"type":"single","resource":"38a8fab3-b31f-4fc6-8b04-343c510bb86b"},{"type":"single","resource":"38a8fab3-b31f-4fc6-8b04-343c510bb86b"},{"type":"single","resource":"8496dc26-4e9e-4280-9121-d5151b888a68"},{"type":"single","resource":"8496dc26-4e9e-4280-9121-d5151b888a68"},{"type":"single","resource":"a2a511c9-9883-4a4c-985e-37000057243c"},{"type":"single","resource":"a2a511c9-9883-4a4c-985e-37000057243c"},{"type":"single","resource":"9cc6923a-7c52-43b9-a725-a3a13899f247"},{"type":"single","resource":"9cc6923a-7c52-43b9-a725-a3a13899f247"},{"type":"single","resource":"ef23257c-069d-48ec-8b4c-1a77b6d3cb96"},{"type":"single","resource":"ef23257c-069d-48ec-8b4c-1a77b6d3cb96"},{"type":"single","resource":"9e537508-ed86-4ed2-a5f7-0442093c0514"},{"type":"single","resource":"9e537508-ed86-4ed2-a5f7-0442093c0514"},{"type":"single","resource":"be68c872-9548-41f2-822d-7ceb407dfa61"},{"type":"single","resource":"be68c872-9548-41f2-822d-7ceb407dfa61"},{"type":"single","resource":"3dc2efcb-7c20-4383-b4ea-2cbbc1dedebb"},{"type":"single","resource":"3dc2efcb-7c20-4383-b4ea-2cbbc1dedebb"},{"type":"single","resource":"eeacd445-a131-4089-8ace-a5c988cd50b2"},{"type":"single","resource":"eeacd445-a131-4089-8ace-a5c988cd50b2"},{"type":"single","resource":"5cddac77-61cb-48b7-acb2-6ce8069bcb48"},{"type":"single","resource":"5cddac77-61cb-48b7-acb2-6ce8069bcb48"},{"type":"single","resource":"b75fff52-a6a9-49d2-809f-d69b2eccb773"},{"type":"single","resource":"b75fff52-a6a9-49d2-809f-d69b2eccb773"},{"type":"single","resource":"6f929fcd-6ccd-4edc-aaa6-b7fd95bfbe25"},{"type":"single","resource":"6f929fcd-6ccd-4edc-aaa6-b7fd95bfbe25"},{"type":"single","resource":"3438bca3-1944-4901-8397-5a0c65599840"},{"type":"single","resource":"3438bca3-1944-4901-8397-5a0c65599840"},{"type":"single","resource":"c3f3bd78-01e9-4be8-a130-e4e9b9232356"},{"type":"single","resource":"c3f3bd78-01e9-4be8-a130-e4e9b9232356"},{"type":"single","resource":"d390dc80-479d-4670-a946-b59f5c6f090a"},{"type":"single","resource":"d390dc80-479d-4670-a946-b59f5c6f090a"},{"type":"single","resource":"54376d1a-9ca3-4364-9825-6b57de7a9704"},{"type":"single","resource":"54376d1a-9ca3-4364-9825-6b57de7a9704"},{"type":"single","resource":"3e3face7-de8c-45df-9a29-78f674bc4e61"},{"type":"single","resource":"3e3face7-de8c-45df-9a29-78f674bc4e61"},{"type":"single","resource":"d48a1627-bb97-4535-9c88-e8a8d11ad044"},{"type":"single","resource":"d48a1627-bb97-4535-9c88-e8a8d11ad044"},{"type":"single","resource":"dd6f0158-abd1-46e1-9291-b072b1392007"},{"type":"single","resource":"dd6f0158-abd1-46e1-9291-b072b1392007"},{"type":"single","resource":"76dafe5f-88d7-4c99-a954-452073764170"},{"type":"single","resource":"94c6e173-d6b7-465e-a8b6-fa6431748f2e"},{"type":"single","resource":"755d6e65-9826-408b-b147-9319083983bf"},{"type":"single","resource":"755d6e65-9826-408b-b147-9319083983bf"},{"type":"single","resource":"972c7af9-5e6e-43a3-b49b-5f13af4e70bc"},{"type":"single","resource":"972c7af9-5e6e-43a3-b49b-5f13af4e70bc"},{"type":"single","resource":"f8d33b3b-7395-4d71-bbcd-0bdfface6e61"},{"type":"single","resource":"f8d33b3b-7395-4d71-bbcd-0bdfface6e61"},{"type":"single","resource":"77689d6a-3958-4198-9fc4-79578f534176"},{"type":"single","resource":"77689d6a-3958-4198-9fc4-79578f534176"},{"type":"single","resource":"2c13f66b-e163-4ff6-ba2c-c1d3ff9ac553"},{"type":"single","resource":"2c13f66b-e163-4ff6-ba2c-c1d3ff9ac553"},{"type":"single","resource":"f7a0ebae-0dc2-48a9-a422-5ef7f7810603"},{"type":"single","resource":"f7a0ebae-0dc2-48a9-a422-5ef7f7810603"},{"type":"single","resource":"5345c1b2-3d2f-4bf9-8165-78bb118fb116"},{"type":"single","resource":"5345c1b2-3d2f-4bf9-8165-78bb118fb116"},{"type":"single","resource":"01358f1b-50a0-4142-acd0-662dc139b748"},{"type":"single","resource":"01358f1b-50a0-4142-acd0-662dc139b748"},{"type":"single","resource":"5736784e-ed9f-4be3-bef7-6d83094d1ef7"},{"type":"single","resource":"5736784e-ed9f-4be3-bef7-6d83094d1ef7"},{"type":"single","resource":"1b98764b-fa84-4a9e-88d0-cb4b21f0772f"},{"type":"single","resource":"1b98764b-fa84-4a9e-88d0-cb4b21f0772f"},{"type":"single","resource":"6b110bad-1b84-49a2-ab84-0cbc67fa2a60"},{"type":"single","resource":"6b110bad-1b84-49a2-ab84-0cbc67fa2a60"},{"type":"single","resource":"d9ae9b30-a802-4432-83a6-eb51ee05f0bd"},{"type":"single","resource":"d9ae9b30-a802-4432-83a6-eb51ee05f0bd"},{"type":"single","resource":"7486e16d-d8c2-4b5a-9574-b7a977ab5249"},{"type":"single","resource":"934ac75f-aab4-44f5-ae8d-e4f3e8c95fe9"},{"type":"single","resource":"2ffe234d-6ad3-4c8e-8f37-22de4742eff3"},{"type":"single","resource":"aa80d702-d702-44b4-b2c6-3fa5837e4d72"},{"type":"single","resource":"4067baac-1b0a-45a4-be30-ad8760cc4419"},{"type":"single","resource":"f75b3060-469e-41e8-9630-960ea17f0463"},{"type":"single","resource":"1dd9873b-c7cc-4bc4-8694-edb2207d26e6"},{"type":"single","resource":"bb5c98a0-180e-4fa7-820f-19810f3ad5cb"},{"type":"single","resource":"bb5c98a0-180e-4fa7-820f-19810f3ad5cb"},{"type":"single","resource":"9c957fbe-db9b-40e9-93c8-f09e45277dbd"},{"type":"single","resource":"4ed4214f-efba-43c0-b76e-0b308dcf13ed"},{"type":"single","resource":"bb94f076-b0c4-4569-ac8f-a1883084ad1e"},{"type":"single","resource":"bb94f076-b0c4-4569-ac8f-a1883084ad1e"},{"type":"single","resource":"bb94f076-b0c4-4569-ac8f-a1883084ad1e"},{"type":"single","resource":"bb94f076-b0c4-4569-ac8f-a1883084ad1e"},{"type":"single","resource":"a1d327b4-f54a-412b-8881-d9cff9d04b9d"},{"type":"single","resource":"d77369d1-2d1b-4078-9dbb-f931cfc0202a"},{"type":"single","resource":"cae9a845-00f5-4e6c-8e1b-11cc803f2858"},{"type":"single","resource":"c727f060-1fa0-4f66-be44-0286c204883d"},{"type":"single","resource":"477cde22-9fa9-477d-b031-db78758b3f02"},{"type":"single","resource":"bfc418bd-1307-41fb-a6ed-366229334946"},{"type":"single","resource":"bfc418bd-1307-41fb-a6ed-366229334946"},{"type":"single","resource":"bb3d43f1-578f-4f7a-b74e-05d0198e8667"},{"type":"single","resource":"e09d1163-b020-4137-86b5-57e61673ac26"},{"type":"single","resource":"dedeca3e-b77b-4377-9111-f81173c3c271"},{"type":"single","resource":"245addb6-52c2-4d55-a89a-4149053866ed"},{"type":"single","resource":"78afc98c-45bc-49ec-afee-45262286d376"},{"type":"single","resource":"bd655403-e5f7-4595-9e25-bbeff93e5bcc"},{"type":"single","resource":"cbd8ef87-7d98-46aa-8e36-e84ed49c326c"},{"type":"single","resource":"baecf164-d1a1-4763-b9b7-ca4c956ccca0"},{"type":"single","resource":"87281c49-a4e5-4b2d-8229-0d97571cdf3b"},{"type":"single","resource":"87281c49-a4e5-4b2d-8229-0d97571cdf3b"},{"type":"single","resource":"87281c49-a4e5-4b2d-8229-0d97571cdf3b"},{"type":"single","resource":"87281c49-a4e5-4b2d-8229-0d97571cdf3b"},{"type":"single","resource":"a98af0e1-f8ed-42d2-bf92-b01cd3a90ceb"},{"type":"single","resource":"a98af0e1-f8ed-42d2-bf92-b01cd3a90ceb"},{"type":"single","resource":"aac3e13e-29c0-4a74-bd02-1596880eb181"},{"type":"single","resource":"b34d2e04-1629-4c0e-8643-4508dc24668e"},{"type":"single","resource":"e458c5b8-72d3-4283-8a24-bdd80e655b44"},{"type":"single","resource":"2909b494-5d6c-4ac2-b220-5190d408b759"},{"type":"single","resource":"3e7a7784-b0b7-4346-be9c-6105348f2da3"},{"type":"single","resource":"abc1740a-9659-4eae-9e8e-9d0fb49a9c21"},{"type":"single","resource":"52326ab9-f574-467f-b285-87bab1b453c6"},{"type":"single","resource":"c68210e5-4791-4b57-96c3-e7e1e1042e09"},{"type":"single","resource":"acc42240-447b-41de-a1b2-5fe337164abf"},{"type":"single","resource":"ee57f81c-ab1f-447a-be9e-96c9c060d451"},{"type":"single","resource":"8ed6d869-519c-4652-b085-170c83a94da2"},{"type":"single","resource":"80ce1516-bc02-4858-9b7c-01c1a397a85e"},{"type":"single","resource":"c555bd30-429c-4f8b-995b-273ef1cc3e97"},{"type":"single","resource":"09e88e89-3d2f-4343-a63b-01e845372d3c"},{"type":"single","resource":"da8efe6d-bccc-468f-8add-aa694b62a069"},{"type":"single","resource":"a4c354cb-7758-462e-98e3-8a32fa16a3c8"},{"type":"single","resource":"a4c354cb-7758-462e-98e3-8a32fa16a3c8"},{"type":"single","resource":"de6a5e4c-b7c1-4075-bf39-768fda94e773"},{"type":"single","resource":"9c6c31ac-80a3-4379-aa21-c9a7b17bde2d"},{"type":"single","resource":"ebc69538-1dc3-479b-8c42-a5147c208fd4"},{"type":"single","resource":"622638a8-2ea8-484e-b733-7a4588ec4700"},{"type":"single","resource":"86c48639-8b9d-43c0-97ce-484edb82c5c4"},{"type":"single","resource":"88c69fb8-c2e1-4896-b902-889df9fc1d30"},{"type":"single","resource":"b7b3c43a-efcc-4df4-9a41-2d223889f097"},{"type":"single","resource":"f92b3651-435b-497f-a0e4-f7d5e4aa7496"},{"type":"single","resource":"87d41748-b4b1-465b-b43a-a067b2901d11"},{"type":"single","resource":"91c1cf0c-4445-4498-a635-cd80a04ef846"},{"type":"single","resource":"6789da3f-9186-4e4a-b941-73a1dbfa88e0"},{"type":"single","resource":"4d43b660-8636-40a7-b061-f2cede619b11"},{"type":"single","resource":"2098e08a-26d0-406a-b3d6-a82b3f4a9272"},{"type":"single","resource":"739c1d6e-26cc-4fea-9267-348a3c6fffb8"},{"type":"single","resource":"303c8842-6a3a-4392-a70e-29b599bf4bb9"},{"type":"single","resource":"cbb0d75e-bbdd-43e2-8c2a-ece8d0611b33"},{"type":"single","resource":"modelengine:272a9ee3-b415-4caa-a388-6635dd9e7b52"},{"type":"single","resource":"modelengine:272a9ee3-b415-4caa-a388-6635dd9e7b52"},{"type":"single","resource":"modelengine:272a9ee3-b415-4caa-a388-6635dd9e7b52"},{"type":"single","resource":"modelengine:272a9ee3-b415-4caa-a388-6635dd9e7b52"},{"type":"single","resource":"modelengine:272a9ee3-b415-4caa-a388-6635dd9e7b52"},{"type":"single","resource":"modelengine:272a9ee3-b415-4caa-a388-6635dd9e7b52"},{"type":"single","resource":"modelengine:272a9ee3-b415-4caa-a388-6635dd9e7b52"},{"type":"single","resource":"modelengine:272a9ee3-b415-4caa-a388-6635dd9e7b52"},{"type":"single","resource":"modelengine:272a9ee3-b415-4caa-a388-6635dd9e7b52"},{"type":"single","resource":"modelengine:272a9ee3-b415-4caa-a388-6635dd9e7b52"},{"type":"single","resource":"modelengine:272a9ee3-b415-4caa-a388-6635dd9e7b52"},{"type":"single","resource":"modelengine:272a9ee3-b415-4caa-a388-6635dd9e7b52"},{"type":"single","resource":"modelengine:272a9ee3-b415-4caa-a388-6635dd9e7b52"},{"type":"single","resource":"modelengine:272a9ee3-b415-4caa-a388-6635dd9e7b52"},{"type":"single","resource":"modelengine:272a9ee3-b415-4caa-a388-6635dd9e7b52"},{"type":"single","resource":"entity/illager/illusioner"},{"type":"single","resource":"entity/illager/vindicator"},{"type":"single","resource":"modelengine:93da75e2-630b-4144-b155-3733eb7ca0b4"},{"type":"single","resource":"modelengine:93da75e2-630b-4144-b155-3733eb7ca0b4"},{"type":"single","resource":"modelengine:93da75e2-630b-4144-b155-3733eb7ca0b4"},{"type":"single","resource":"modelengine:93da75e2-630b-4144-b155-3733eb7ca0b4"},{"type":"single","resource":"modelengine:93da75e2-630b-4144-b155-3733eb7ca0b4"},{"type":"single","resource":"modelengine:93da75e2-630b-4144-b155-3733eb7ca0b4"},{"type":"single","resource":"modelengine:93da75e2-630b-4144-b155-3733eb7ca0b4"},{"type":"single","resource":"modelengine:93da75e2-630b-4144-b155-3733eb7ca0b4"},{"type":"single","resource":"modelengine:93da75e2-630b-4144-b155-3733eb7ca0b4"},{"type":"single","resource":"modelengine:5c8b429f-4760-4d09-a7e1-d2517dfe3262"},{"type":"single","resource":"modelengine:5c8b429f-4760-4d09-a7e1-d2517dfe3262"},{"type":"single","resource":"modelengine:5c8b429f-4760-4d09-a7e1-d2517dfe3262"},{"type":"single","resource":"modelengine:5c8b429f-4760-4d09-a7e1-d2517dfe3262"},{"type":"single","resource":"modelengine:5c8b429f-4760-4d09-a7e1-d2517dfe3262"},{"type":"single","resource":"modelengine:5c8b429f-4760-4d09-a7e1-d2517dfe3262"},{"type":"single","resource":"modelengine:5c8b429f-4760-4d09-a7e1-d2517dfe3262"},{"type":"single","resource":"entity/villager/profession/armorer"},{"type":"single","resource":"entity/villager/profession/butcher"},{"type":"single","resource":"entity/villager/profession/cartographer"},{"type":"single","resource":"entity/villager/profession/cleric"},{"type":"single","resource":"entity/villager/profession/farmer"},{"type":"single","resource":"entity/villager/profession/fisherman"},{"type":"single","resource":"entity/villager/profession/fletcher"},{"type":"single","resource":"entity/villager/profession/librarian"},{"type":"single","resource":"entity/villager/profession/shepherd"},{"type":"single","resource":"entity/villager/profession/weaponsmith"},{"type":"single","resource":"entity/villager/type/desert"},{"type":"single","resource":"entity/villager/type/desert"},{"type":"single","resource":"entity/villager/type/savanna"},{"type":"single","resource":"entity/villager/type/snow"},{"type":"single","resource":"entity/villager/type/swamp"},{"type":"single","resource":"b2b48060-2599-4106-bebc-53ee2ef4313e"},{"type":"single","resource":"b2b48060-2599-4106-bebc-53ee2ef4313e"},{"type":"single","resource":"6403c6a6-24d6-4622-ba83-be5324411e64"},{"type":"single","resource":"eaea7ed6-7e64-47e9-900b-f6f555f58a14"},{"type":"single","resource":"eaea7ed6-7e64-47e9-900b-f6f555f58a14"},{"type":"single","resource":"item/book"},{"type":"single","resource":"item/bow"},{"type":"single","resource":"item/chainmail_boots"},{"type":"single","resource":"item/chainmail_chestplate"},{"type":"single","resource":"item/chainmail_helmet"},{"type":"single","resource":"item/chainmail_leggings"},{"type":"single","resource":"item/crossbow_standby"},{"type":"single","resource":"item/diamond_sword"},{"type":"single","resource":"item/fishing_rod"},{"type":"single","resource":"item/gold_nugget"},{"type":"single","resource":"item/iron_sword"},{"type":"single","resource":"item/leather_boots"},{"type":"single","resource":"item/leather_boots_overlay"},{"type":"single","resource":"item/leather_chestplate"},{"type":"single","resource":"item/leather_chestplate_overlay"},{"type":"single","resource":"item/leather_helmet"},{"type":"single","resource":"item/leather_helmet_overlay"},{"type":"single","resource":"item/leather_horse_armor"},{"type":"single","resource":"item/leather_leggings"},{"type":"single","resource":"item/leather_leggings_overlay"},{"type":"single","resource":"item/netherite_axe"},{"type":"single","resource":"item/netherite_hoe"},{"type":"single","resource":"item/netherite_pickaxe"},{"type":"single","resource":"item/netherite_shovel"},{"type":"single","resource":"item/netherite_sword"},{"type":"single","resource":"nexo:668d2059-7bec-4241-ae6d-8bccf630ade9"},{"type":"single","resource":"nexo:89ee63ad-6ade-4c19-939f-c78de02f947f"},{"type":"single","resource":"nexo:f323ca3f-e775-48a5-92eb-f4c2eecdf698"},{"type":"single","resource":"nexo:429046ad-687c-4b2a-95c8-47cc397e02a6"},{"type":"single","resource":"nexo:466e8944-b64f-4b30-ada3-d0a8f68f351d"},{"type":"single","resource":"nexo:f615c45f-a25f-4ba6-95a1-dca49b344d0b"},{"type":"single","resource":"nexo:8e3bf067-fd33-4ce5-9cb7-179aac18878b"},{"type":"single","resource":"nexo:b1a26805-8cca-4216-b074-5577ad73328d"},{"type":"single","resource":"nexo:fd60ec8b-0302-476a-901c-002843b99fc7"},{"type":"single","resource":"nexo:fd60ec8b-0302-476a-901c-002843b99fc7"},{"type":"single","resource":"nexo:7f595a38-811d-4f4c-be7f-149c156f9089"},{"type":"single","resource":"nexo:2c2b8166-d016-4e2a-a69a-e20e0631f518"},{"type":"single","resource":"nexo:98f2d665-45a5-474c-9ec9-d4757013a1e4"},{"type":"single","resource":"nexo:980071be-0d96-4dba-9d31-682d665b143b"},{"type":"single","resource":"nexo:980071be-0d96-4dba-9d31-682d665b143b"},{"type":"single","resource":"nexo:c6af1d4b-4652-45da-83ef-fff55530b61a"},{"type":"single","resource":"nexo:c6af1d4b-4652-45da-83ef-fff55530b61a"},{"type":"single","resource":"nexo:1be24770-314a-4457-b13a-a33b3da8e12d"},{"type":"single","resource":"nexo:1be24770-314a-4457-b13a-a33b3da8e12d"},{"type":"single","resource":"nexo:0604223a-2b99-4797-a58d-4ae69263efe7"},{"type":"single","resource":"nexo:c76f473f-4d3d-46fc-a002-71548b30581f"},{"type":"single","resource":"nexo:140289ed-38be-4d1f-b671-ad9220b9c532"},{"type":"single","resource":"nexo:140289ed-38be-4d1f-b671-ad9220b9c532"},{"type":"single","resource":"nexo:44e746e7-fb73-4667-99f5-ef69096d5e73"},{"type":"single","resource":"nexo:4afa8e8b-4899-48ed-81b3-802ece7ebf68"},{"type":"single","resource":"item/paper"},{"type":"single","resource":"item/potion"},{"type":"single","resource":"item/potion_overlay"},{"type":"single","resource":"item/trident"},{"type":"single","resource":"75941faa-5ba9-4f02-a54f-101ab74224cc"},{"type":"single","resource":"75941faa-5ba9-4f02-a54f-101ab74224cc"},{"type":"single","resource":"5605ac16-fb5d-4cc0-8b91-e26693c0ec36"},{"type":"single","resource":"5605ac16-fb5d-4cc0-8b91-e26693c0ec36"},{"type":"single","resource":"5605ac16-fb5d-4cc0-8b91-e26693c0ec36"},{"type":"single","resource":"5605ac16-fb5d-4cc0-8b91-e26693c0ec36"},{"type":"single","resource":"5605ac16-fb5d-4cc0-8b91-e26693c0ec36"},{"type":"single","resource":"5605ac16-fb5d-4cc0-8b91-e26693c0ec36"},{"type":"single","resource":"5605ac16-fb5d-4cc0-8b91-e26693c0ec36"},{"type":"single","resource":"5605ac16-fb5d-4cc0-8b91-e26693c0ec36"},{"type":"single","resource":"3e447184-b80b-467d-8841-6d22a40bb9da"},{"type":"single","resource":"f603557f-bf6d-44ea-9392-8aa3cf2f33b3"},{"type":"single","resource":"f603557f-bf6d-44ea-9392-8aa3cf2f33b3"},{"type":"single","resource":"cfabb5ab-e493-46f1-945f-4f5f9388ae93"},{"type":"single","resource":"71ce3e06-585c-4bc3-9d30-0a1a9c3d8455"},{"type":"single","resource":"71ce3e06-585c-4bc3-9d30-0a1a9c3d8455"},{"type":"single","resource":"1525cd53-65f3-4c2c-ada6-3a25575d7ccb"},{"type":"single","resource":"1525cd53-65f3-4c2c-ada6-3a25575d7ccb"},{"type":"single","resource":"1525cd53-65f3-4c2c-ada6-3a25575d7ccb"},{"type":"single","resource":"1525cd53-65f3-4c2c-ada6-3a25575d7ccb"},{"type":"single","resource":"1525cd53-65f3-4c2c-ada6-3a25575d7ccb"},{"type":"single","resource":"1525cd53-65f3-4c2c-ada6-3a25575d7ccb"},{"type":"single","resource":"1525cd53-65f3-4c2c-ada6-3a25575d7ccb"},{"type":"single","resource":"1525cd53-65f3-4c2c-ada6-3a25575d7ccb"},{"type":"single","resource":"1525cd53-65f3-4c2c-ada6-3a25575d7ccb"},{"type":"single","resource":"1525cd53-65f3-4c2c-ada6-3a25575d7ccb"},{"type":"single","resource":"1525cd53-65f3-4c2c-ada6-3a25575d7ccb"},{"type":"single","resource":"1525cd53-65f3-4c2c-ada6-3a25575d7ccb"},{"type":"single","resource":"1525cd53-65f3-4c2c-ada6-3a25575d7ccb"},{"type":"single","resource":"1525cd53-65f3-4c2c-ada6-3a25575d7ccb"},{"type":"single","resource":"1525cd53-65f3-4c2c-ada6-3a25575d7ccb"},{"type":"single","resource":"1525cd53-65f3-4c2c-ada6-3a25575d7ccb"},{"type":"single","resource":"1525cd53-65f3-4c2c-ada6-3a25575d7ccb"},{"type":"single","resource":"1525cd53-65f3-4c2c-ada6-3a25575d7ccb"},{"type":"single","resource":"1525cd53-65f3-4c2c-ada6-3a25575d7ccb"},{"type":"single","resource":"1525cd53-65f3-4c2c-ada6-3a25575d7ccb"},{"type":"single","resource":"1525cd53-65f3-4c2c-ada6-3a25575d7ccb"},{"type":"single","resource":"1525cd53-65f3-4c2c-ada6-3a25575d7ccb"},{"type":"single","resource":"1525cd53-65f3-4c2c-ada6-3a25575d7ccb"},{"type":"single","resource":"1525cd53-65f3-4c2c-ada6-3a25575d7ccb"},{"type":"single","resource":"1525cd53-65f3-4c2c-ada6-3a25575d7ccb"},{"type":"single","resource":"1525cd53-65f3-4c2c-ada6-3a25575d7ccb"},{"type":"single","resource":"1525cd53-65f3-4c2c-ada6-3a25575d7ccb"},{"type":"single","resource":"1525cd53-65f3-4c2c-ada6-3a25575d7ccb"},{"type":"single","resource":"1525cd53-65f3-4c2c-ada6-3a25575d7ccb"},{"type":"single","resource":"a6eb46c0-48ee-48bf-8fdb-40f81929f3cf"},{"type":"single","resource":"a6eb46c0-48ee-48bf-8fdb-40f81929f3cf"},{"type":"single","resource":"a6eb46c0-48ee-48bf-8fdb-40f81929f3cf"},{"type":"single","resource":"a6eb46c0-48ee-48bf-8fdb-40f81929f3cf"},{"type":"single","resource":"a6eb46c0-48ee-48bf-8fdb-40f81929f3cf"},{"type":"single","resource":"a6eb46c0-48ee-48bf-8fdb-40f81929f3cf"},{"type":"single","resource":"a6eb46c0-48ee-48bf-8fdb-40f81929f3cf"},{"type":"single","resource":"a6eb46c0-48ee-48bf-8fdb-40f81929f3cf"},{"type":"single","resource":"a6eb46c0-48ee-48bf-8fdb-40f81929f3cf"},{"type":"single","resource":"a6eb46c0-48ee-48bf-8fdb-40f81929f3cf"},{"type":"single","resource":"a6eb46c0-48ee-48bf-8fdb-40f81929f3cf"},{"type":"single","resource":"a6eb46c0-48ee-48bf-8fdb-40f81929f3cf"},{"type":"single","resource":"a6eb46c0-48ee-48bf-8fdb-40f81929f3cf"},{"type":"single","resource":"a6eb46c0-48ee-48bf-8fdb-40f81929f3cf"},{"type":"single","resource":"a6eb46c0-48ee-48bf-8fdb-40f81929f3cf"},{"type":"single","resource":"a6eb46c0-48ee-48bf-8fdb-40f81929f3cf"},{"type":"single","resource":"a6eb46c0-48ee-48bf-8fdb-40f81929f3cf"},{"type":"single","resource":"a6eb46c0-48ee-48bf-8fdb-40f81929f3cf"},{"type":"single","resource":"a6eb46c0-48ee-48bf-8fdb-40f81929f3cf"},{"type":"single","resource":"a6eb46c0-48ee-48bf-8fdb-40f81929f3cf"},{"type":"single","resource":"a6eb46c0-48ee-48bf-8fdb-40f81929f3cf"},{"type":"single","resource":"a6eb46c0-48ee-48bf-8fdb-40f81929f3cf"},{"type":"single","resource":"a6eb46c0-48ee-48bf-8fdb-40f81929f3cf"},{"type":"single","resource":"a6eb46c0-48ee-48bf-8fdb-40f81929f3cf"},{"type":"single","resource":"a6eb46c0-48ee-48bf-8fdb-40f81929f3cf"},{"type":"single","resource":"a6eb46c0-48ee-48bf-8fdb-40f81929f3cf"},{"type":"single","resource":"a6eb46c0-48ee-48bf-8fdb-40f81929f3cf"},{"type":"single","resource":"a6eb46c0-48ee-48bf-8fdb-40f81929f3cf"},{"type":"single","resource":"7b9831f5-0395-453e-b062-bd14bf49c578"},{"type":"single","resource":"50067de8-0abd-4506-bbe8-6b8ccf43081c"},{"type":"single","resource":"50067de8-0abd-4506-bbe8-6b8ccf43081c"},{"type":"single","resource":"50067de8-0abd-4506-bbe8-6b8ccf43081c"},{"type":"single","resource":"50067de8-0abd-4506-bbe8-6b8ccf43081c"},{"type":"single","resource":"5336f78d-efce-40e9-b6a2-74157a658981"},{"type":"single","resource":"5336f78d-efce-40e9-b6a2-74157a658981"},{"type":"single","resource":"c5779ebb-0a72-4deb-a7ce-5898ff1e6f18"},{"type":"single","resource":"c5779ebb-0a72-4deb-a7ce-5898ff1e6f18"},{"type":"single","resource":"631afc19-efb5-49e9-a176-dd7e80791380"},{"type":"single","resource":"631afc19-efb5-49e9-a176-dd7e80791380"},{"type":"single","resource":"631afc19-efb5-49e9-a176-dd7e80791380"},{"type":"single","resource":"631afc19-efb5-49e9-a176-dd7e80791380"},{"type":"single","resource":"5917fdf1-8fd8-4ef3-a467-110aaff6e794"},{"type":"single","resource":"5917fdf1-8fd8-4ef3-a467-110aaff6e794"},{"type":"single","resource":"e1762083-908e-43ce-ad3d-e6005b46b58c"},{"type":"single","resource":"9c5dda5d-62ae-4a49-8a45-7f09ea813dcf"},{"type":"single","resource":"9c5dda5d-62ae-4a49-8a45-7f09ea813dcf"},{"type":"single","resource":"16a0759b-c39e-4937-ade0-58e40fb661b3"},{"type":"single","resource":"726c0a96-9ec6-4764-9934-c012651f2a3d"},{"type":"single","resource":"c0402d01-880c-4fd6-934a-bf1c7dd09a44"},{"type":"single","resource":"c0402d01-880c-4fd6-934a-bf1c7dd09a44"},{"type":"single","resource":"d6ad214c-a2a6-4ed6-b37e-f5eeb8c564c7"},{"type":"single","resource":"57a2b108-e7c5-45bd-9710-6a1aaa5aa198"},{"type":"single","resource":"054c5c4e-b00a-4651-8fcb-f1c8aab863e8"},{"type":"single","resource":"054c5c4e-b00a-4651-8fcb-f1c8aab863e8"},{"type":"single","resource":"65566e77-9bba-46b6-850d-4b4743f07506"},{"type":"single","resource":"65566e77-9bba-46b6-850d-4b4743f07506"},{"type":"single","resource":"62588645-c1a7-4be4-9f19-a0bf39b12ad2"},{"type":"single","resource":"62588645-c1a7-4be4-9f19-a0bf39b12ad2"},{"type":"single","resource":"cf59c9d1-11f7-4e15-a8e1-c639d759027e"},{"type":"single","resource":"cf59c9d1-11f7-4e15-a8e1-c639d759027e"},{"type":"single","resource":"cf59c9d1-11f7-4e15-a8e1-c639d759027e"},{"type":"single","resource":"64cc75a9-9a58-4ea4-8ed3-30ba0d198765"},{"type":"single","resource":"64cc75a9-9a58-4ea4-8ed3-30ba0d198765"},{"type":"single","resource":"1fa6c134-5c54-483e-bab1-c1e54f278c51"},{"type":"single","resource":"1fa6c134-5c54-483e-bab1-c1e54f278c51"},{"type":"single","resource":"398e54cd-3be2-4c5d-8fc9-756f6692ca5f"},{"type":"single","resource":"398e54cd-3be2-4c5d-8fc9-756f6692ca5f"},{"type":"single","resource":"d24e2280-908a-47b5-8a07-a23d50a2fc96"},{"type":"single","resource":"d24e2280-908a-47b5-8a07-a23d50a2fc96"},{"type":"single","resource":"a6df99fd-30ee-4855-84c7-9fafc1da4aae"},{"type":"single","resource":"f99973be-c725-4ac0-9ff5-7c6bb5d63cfa"},{"type":"single","resource":"3e099070-9f5f-4f84-be67-ca079fd9356d"},{"type":"single","resource":"f56c959c-a192-4733-880c-be3650dd322c"},{"type":"single","resource":"f56c959c-a192-4733-880c-be3650dd322c"},{"type":"single","resource":"f56c959c-a192-4733-880c-be3650dd322c"},{"type":"single","resource":"012139e3-22a9-488e-802e-5ec4db1f905c"},{"type":"single","resource":"012139e3-22a9-488e-802e-5ec4db1f905c"},{"type":"single","resource":"0e8bca83-2221-4185-9797-e4b9017f05c9"},{"type":"single","resource":"0e8bca83-2221-4185-9797-e4b9017f05c9"},{"type":"single","resource":"c6d7158b-b065-48c4-a74d-2720ad304d12"},{"type":"single","resource":"c6d7158b-b065-48c4-a74d-2720ad304d12"},{"type":"single","resource":"abd1781d-46c9-4552-be91-3a8aae6f09c0"},{"type":"single","resource":"f5fb1e3d-e213-4992-a655-40474be548da"},{"type":"single","resource":"49b42b96-45cd-451b-9fe5-e7feebc456ce"},{"type":"single","resource":"b35da047-993c-4021-bd1e-8728389335cf"},{"type":"single","resource":"b35da047-993c-4021-bd1e-8728389335cf"},{"type":"single","resource":"d2a10946-b20e-4bcd-ad9b-f29932bedbee"},{"type":"single","resource":"9b178513-3ed5-46b5-8ae6-92f0499a7cf4"},{"type":"single","resource":"49051d26-b56e-45d3-9f9e-814ad0711861"},{"type":"single","resource":"49051d26-b56e-45d3-9f9e-814ad0711861"},{"type":"single","resource":"9df38bae-7bfb-4d92-965f-0180bb827659"},{"type":"single","resource":"9df38bae-7bfb-4d92-965f-0180bb827659"},{"type":"single","resource":"53c81977-2549-41f7-98eb-6548ec98f8dd"},{"type":"single","resource":"3b75be1d-3749-4bfc-ac31-86767f0c7174"},{"type":"single","resource":"f43aa237-6fea-4d83-8309-e8a021ebca37"},{"type":"single","resource":"628ff8d1-97f1-4414-9757-5953c92cacef"},{"type":"single","resource":"50a831fa-b2fa-4cc0-93b9-d7fd9f1a91a4"},{"type":"single","resource":"50a831fa-b2fa-4cc0-93b9-d7fd9f1a91a4"},{"type":"single","resource":"dcbbec9b-fdb4-49c4-b5ad-b86629f45403"},{"type":"single","resource":"dcbbec9b-fdb4-49c4-b5ad-b86629f45403"},{"type":"single","resource":"54f4b534-fd10-4c27-ac89-7eb6a89f69a4"},{"type":"single","resource":"54f4b534-fd10-4c27-ac89-7eb6a89f69a4"},{"type":"single","resource":"5c16fff3-100f-4c96-adf6-a384bf856525"},{"type":"single","resource":"5c16fff3-100f-4c96-adf6-a384bf856525"},{"type":"single","resource":"f60b1a8d-46db-4c7e-90b1-30561726cd85"},{"type":"single","resource":"3bf3fb6d-279c-4134-b364-7f9c1419b726"},{"type":"single","resource":"8213c431-7a5b-4161-bab9-af69852bb5b6"},{"type":"single","resource":"8213c431-7a5b-4161-bab9-af69852bb5b6"},{"type":"single","resource":"8213c431-7a5b-4161-bab9-af69852bb5b6"},{"type":"single","resource":"8213c431-7a5b-4161-bab9-af69852bb5b6"},{"type":"single","resource":"8213c431-7a5b-4161-bab9-af69852bb5b6"},{"type":"single","resource":"8213c431-7a5b-4161-bab9-af69852bb5b6"},{"type":"single","resource":"8213c431-7a5b-4161-bab9-af69852bb5b6"},{"type":"single","resource":"8213c431-7a5b-4161-bab9-af69852bb5b6"},{"type":"single","resource":"8213c431-7a5b-4161-bab9-af69852bb5b6"},{"type":"single","resource":"8213c431-7a5b-4161-bab9-af69852bb5b6"},{"type":"single","resource":"8213c431-7a5b-4161-bab9-af69852bb5b6"},{"type":"single","resource":"8213c431-7a5b-4161-bab9-af69852bb5b6"},{"type":"single","resource":"8213c431-7a5b-4161-bab9-af69852bb5b6"},{"type":"single","resource":"8213c431-7a5b-4161-bab9-af69852bb5b6"},{"type":"single","resource":"8213c431-7a5b-4161-bab9-af69852bb5b6"},{"type":"single","resource":"8213c431-7a5b-4161-bab9-af69852bb5b6"},{"type":"single","resource":"8213c431-7a5b-4161-bab9-af69852bb5b6"},{"type":"single","resource":"8213c431-7a5b-4161-bab9-af69852bb5b6"},{"type":"single","resource":"8213c431-7a5b-4161-bab9-af69852bb5b6"},{"type":"single","resource":"8213c431-7a5b-4161-bab9-af69852bb5b6"},{"type":"single","resource":"8213c431-7a5b-4161-bab9-af69852bb5b6"},{"type":"single","resource":"8213c431-7a5b-4161-bab9-af69852bb5b6"},{"type":"single","resource":"8213c431-7a5b-4161-bab9-af69852bb5b6"},{"type":"single","resource":"8213c431-7a5b-4161-bab9-af69852bb5b6"},{"type":"single","resource":"8213c431-7a5b-4161-bab9-af69852bb5b6"},{"type":"single","resource":"8213c431-7a5b-4161-bab9-af69852bb5b6"},{"type":"single","resource":"8213c431-7a5b-4161-bab9-af69852bb5b6"},{"type":"single","resource":"8213c431-7a5b-4161-bab9-af69852bb5b6"},{"type":"single","resource":"8213c431-7a5b-4161-bab9-af69852bb5b6"},{"type":"single","resource":"8213c431-7a5b-4161-bab9-af69852bb5b6"},{"type":"single","resource":"8213c431-7a5b-4161-bab9-af69852bb5b6"},{"type":"single","resource":"8213c431-7a5b-4161-bab9-af69852bb5b6"},{"type":"single","resource":"8213c431-7a5b-4161-bab9-af69852bb5b6"},{"type":"single","resource":"8213c431-7a5b-4161-bab9-af69852bb5b6"},{"type":"single","resource":"8213c431-7a5b-4161-bab9-af69852bb5b6"},{"type":"single","resource":"8213c431-7a5b-4161-bab9-af69852bb5b6"},{"type":"single","resource":"8213c431-7a5b-4161-bab9-af69852bb5b6"},{"type":"single","resource":"8213c431-7a5b-4161-bab9-af69852bb5b6"},{"type":"single","resource":"5fe7ee98-9d52-443f-af5a-59b9d65303d8"},{"type":"single","resource":"5fe7ee98-9d52-443f-af5a-59b9d65303d8"},{"type":"single","resource":"5fe7ee98-9d52-443f-af5a-59b9d65303d8"},{"type":"single","resource":"5fe7ee98-9d52-443f-af5a-59b9d65303d8"},{"type":"single","resource":"5fe7ee98-9d52-443f-af5a-59b9d65303d8"},{"type":"single","resource":"5fe7ee98-9d52-443f-af5a-59b9d65303d8"},{"type":"single","resource":"5fe7ee98-9d52-443f-af5a-59b9d65303d8"},{"type":"single","resource":"5fe7ee98-9d52-443f-af5a-59b9d65303d8"},{"type":"single","resource":"5fe7ee98-9d52-443f-af5a-59b9d65303d8"},{"type":"single","resource":"5fe7ee98-9d52-443f-af5a-59b9d65303d8"},{"type":"single","resource":"5fe7ee98-9d52-443f-af5a-59b9d65303d8"},{"type":"single","resource":"5fe7ee98-9d52-443f-af5a-59b9d65303d8"},{"type":"single","resource":"5fe7ee98-9d52-443f-af5a-59b9d65303d8"},{"type":"single","resource":"5fe7ee98-9d52-443f-af5a-59b9d65303d8"},{"type":"single","resource":"5fe7ee98-9d52-443f-af5a-59b9d65303d8"},{"type":"single","resource":"5fe7ee98-9d52-443f-af5a-59b9d65303d8"},{"type":"single","resource":"5fe7ee98-9d52-443f-af5a-59b9d65303d8"},{"type":"single","resource":"5fe7ee98-9d52-443f-af5a-59b9d65303d8"},{"type":"single","resource":"5fe7ee98-9d52-443f-af5a-59b9d65303d8"},{"type":"single","resource":"5fe7ee98-9d52-443f-af5a-59b9d65303d8"},{"type":"single","resource":"5fe7ee98-9d52-443f-af5a-59b9d65303d8"},{"type":"single","resource":"5fe7ee98-9d52-443f-af5a-59b9d65303d8"},{"type":"single","resource":"5fe7ee98-9d52-443f-af5a-59b9d65303d8"},{"type":"single","resource":"5fe7ee98-9d52-443f-af5a-59b9d65303d8"},{"type":"single","resource":"5fe7ee98-9d52-443f-af5a-59b9d65303d8"},{"type":"single","resource":"5fe7ee98-9d52-443f-af5a-59b9d65303d8"},{"type":"single","resource":"5fe7ee98-9d52-443f-af5a-59b9d65303d8"},{"type":"single","resource":"5fe7ee98-9d52-443f-af5a-59b9d65303d8"},{"type":"single","resource":"5b688550-0f61-4da1-8af8-6a0da3ca5878"},{"type":"single","resource":"5b688550-0f61-4da1-8af8-6a0da3ca5878"},{"type":"single","resource":"5b688550-0f61-4da1-8af8-6a0da3ca5878"},{"type":"single","resource":"5b688550-0f61-4da1-8af8-6a0da3ca5878"},{"type":"single","resource":"5b688550-0f61-4da1-8af8-6a0da3ca5878"},{"type":"single","resource":"5b688550-0f61-4da1-8af8-6a0da3ca5878"},{"type":"single","resource":"13f655a6-d352-4401-8b40-f0389582dbe8"},{"type":"single","resource":"13f655a6-d352-4401-8b40-f0389582dbe8"},{"type":"single","resource":"13f655a6-d352-4401-8b40-f0389582dbe8"},{"type":"single","resource":"13f655a6-d352-4401-8b40-f0389582dbe8"},{"type":"single","resource":"13f655a6-d352-4401-8b40-f0389582dbe8"},{"type":"single","resource":"13f655a6-d352-4401-8b40-f0389582dbe8"},{"type":"single","resource":"13f655a6-d352-4401-8b40-f0389582dbe8"},{"type":"single","resource":"13f655a6-d352-4401-8b40-f0389582dbe8"},{"type":"single","resource":"13f655a6-d352-4401-8b40-f0389582dbe8"},{"type":"single","resource":"13f655a6-d352-4401-8b40-f0389582dbe8"},{"type":"single","resource":"13f655a6-d352-4401-8b40-f0389582dbe8"},{"type":"single","resource":"13f655a6-d352-4401-8b40-f0389582dbe8"},{"type":"single","resource":"13f655a6-d352-4401-8b40-f0389582dbe8"},{"type":"single","resource":"13f655a6-d352-4401-8b40-f0389582dbe8"},{"type":"single","resource":"13f655a6-d352-4401-8b40-f0389582dbe8"},{"type":"single","resource":"13f655a6-d352-4401-8b40-f0389582dbe8"},{"type":"single","resource":"13f655a6-d352-4401-8b40-f0389582dbe8"},{"type":"single","resource":"13f655a6-d352-4401-8b40-f0389582dbe8"},{"type":"single","resource":"13f655a6-d352-4401-8b40-f0389582dbe8"},{"type":"single","resource":"13f655a6-d352-4401-8b40-f0389582dbe8"},{"type":"single","resource":"13f655a6-d352-4401-8b40-f0389582dbe8"},{"type":"single","resource":"13f655a6-d352-4401-8b40-f0389582dbe8"},{"type":"single","resource":"13f655a6-d352-4401-8b40-f0389582dbe8"},{"type":"single","resource":"13f655a6-d352-4401-8b40-f0389582dbe8"},{"type":"single","resource":"13f655a6-d352-4401-8b40-f0389582dbe8"},{"type":"single","resource":"13f655a6-d352-4401-8b40-f0389582dbe8"},{"type":"single","resource":"13f655a6-d352-4401-8b40-f0389582dbe8"},{"type":"single","resource":"13f655a6-d352-4401-8b40-f0389582dbe8"},{"type":"single","resource":"e75ae453-0a91-4499-b967-c3e8711f133a"},{"type":"single","resource":"e75ae453-0a91-4499-b967-c3e8711f133a"},{"type":"single","resource":"e75ae453-0a91-4499-b967-c3e8711f133a"},{"type":"single","resource":"e75ae453-0a91-4499-b967-c3e8711f133a"},{"type":"single","resource":"e75ae453-0a91-4499-b967-c3e8711f133a"},{"type":"single","resource":"e75ae453-0a91-4499-b967-c3e8711f133a"},{"type":"single","resource":"e75ae453-0a91-4499-b967-c3e8711f133a"},{"type":"single","resource":"e75ae453-0a91-4499-b967-c3e8711f133a"},{"type":"single","resource":"e75ae453-0a91-4499-b967-c3e8711f133a"},{"type":"single","resource":"e75ae453-0a91-4499-b967-c3e8711f133a"},{"type":"single","resource":"e75ae453-0a91-4499-b967-c3e8711f133a"},{"type":"single","resource":"e75ae453-0a91-4499-b967-c3e8711f133a"},{"type":"single","resource":"e75ae453-0a91-4499-b967-c3e8711f133a"},{"type":"single","resource":"e75ae453-0a91-4499-b967-c3e8711f133a"},{"type":"single","resource":"e75ae453-0a91-4499-b967-c3e8711f133a"},{"type":"single","resource":"e75ae453-0a91-4499-b967-c3e8711f133a"},{"type":"single","resource":"e75ae453-0a91-4499-b967-c3e8711f133a"},{"type":"single","resource":"e75ae453-0a91-4499-b967-c3e8711f133a"},{"type":"single","resource":"e75ae453-0a91-4499-b967-c3e8711f133a"},{"type":"single","resource":"e75ae453-0a91-4499-b967-c3e8711f133a"},{"type":"single","resource":"e75ae453-0a91-4499-b967-c3e8711f133a"},{"type":"single","resource":"e75ae453-0a91-4499-b967-c3e8711f133a"},{"type":"single","resource":"e75ae453-0a91-4499-b967-c3e8711f133a"},{"type":"single","resource":"e75ae453-0a91-4499-b967-c3e8711f133a"},{"type":"single","resource":"e75ae453-0a91-4499-b967-c3e8711f133a"},{"type":"single","resource":"e75ae453-0a91-4499-b967-c3e8711f133a"},{"type":"single","resource":"e75ae453-0a91-4499-b967-c3e8711f133a"},{"type":"single","resource":"e75ae453-0a91-4499-b967-c3e8711f133a"},{"type":"single","resource":"5da544b7-4c16-474a-8435-179d649d81a6"},{"type":"single","resource":"5da544b7-4c16-474a-8435-179d649d81a6"},{"type":"single","resource":"5da544b7-4c16-474a-8435-179d649d81a6"},{"type":"single","resource":"5da544b7-4c16-474a-8435-179d649d81a6"},{"type":"single","resource":"5da544b7-4c16-474a-8435-179d649d81a6"},{"type":"single","resource":"5da544b7-4c16-474a-8435-179d649d81a6"},{"type":"single","resource":"5da544b7-4c16-474a-8435-179d649d81a6"},{"type":"single","resource":"5da544b7-4c16-474a-8435-179d649d81a6"},{"type":"single","resource":"5da544b7-4c16-474a-8435-179d649d81a6"},{"type":"single","resource":"5da544b7-4c16-474a-8435-179d649d81a6"},{"type":"single","resource":"5da544b7-4c16-474a-8435-179d649d81a6"},{"type":"single","resource":"5da544b7-4c16-474a-8435-179d649d81a6"},{"type":"single","resource":"5da544b7-4c16-474a-8435-179d649d81a6"},{"type":"single","resource":"5da544b7-4c16-474a-8435-179d649d81a6"},{"type":"single","resource":"5da544b7-4c16-474a-8435-179d649d81a6"},{"type":"single","resource":"5da544b7-4c16-474a-8435-179d649d81a6"},{"type":"single","resource":"5da544b7-4c16-474a-8435-179d649d81a6"},{"type":"single","resource":"5da544b7-4c16-474a-8435-179d649d81a6"},{"type":"single","resource":"5da544b7-4c16-474a-8435-179d649d81a6"},{"type":"single","resource":"5da544b7-4c16-474a-8435-179d649d81a6"},{"type":"single","resource":"5da544b7-4c16-474a-8435-179d649d81a6"},{"type":"single","resource":"5da544b7-4c16-474a-8435-179d649d81a6"},{"type":"single","resource":"5da544b7-4c16-474a-8435-179d649d81a6"},{"type":"single","resource":"5da544b7-4c16-474a-8435-179d649d81a6"},{"type":"single","resource":"5da544b7-4c16-474a-8435-179d649d81a6"},{"type":"single","resource":"5da544b7-4c16-474a-8435-179d649d81a6"},{"type":"single","resource":"5da544b7-4c16-474a-8435-179d649d81a6"},{"type":"single","resource":"5da544b7-4c16-474a-8435-179d649d81a6"},{"type":"single","resource":"5da544b7-4c16-474a-8435-179d649d81a6"},{"type":"single","resource":"fa06f850-f6f1-41ee-8e1c-5f4b0649469c"},{"type":"single","resource":"fa06f850-f6f1-41ee-8e1c-5f4b0649469c"},{"type":"single","resource":"fa06f850-f6f1-41ee-8e1c-5f4b0649469c"},{"type":"single","resource":"fa06f850-f6f1-41ee-8e1c-5f4b0649469c"},{"type":"single","resource":"fa06f850-f6f1-41ee-8e1c-5f4b0649469c"},{"type":"single","resource":"146ded6b-0f47-4ce1-93a4-b17df02108f8"},{"type":"single","resource":"146ded6b-0f47-4ce1-93a4-b17df02108f8"},{"type":"single","resource":"146ded6b-0f47-4ce1-93a4-b17df02108f8"},{"type":"single","resource":"146ded6b-0f47-4ce1-93a4-b17df02108f8"},{"type":"single","resource":"146ded6b-0f47-4ce1-93a4-b17df02108f8"},{"type":"single","resource":"146ded6b-0f47-4ce1-93a4-b17df02108f8"},{"type":"single","resource":"146ded6b-0f47-4ce1-93a4-b17df02108f8"},{"type":"single","resource":"146ded6b-0f47-4ce1-93a4-b17df02108f8"},{"type":"single","resource":"146ded6b-0f47-4ce1-93a4-b17df02108f8"},{"type":"single","resource":"146ded6b-0f47-4ce1-93a4-b17df02108f8"},{"type":"single","resource":"146ded6b-0f47-4ce1-93a4-b17df02108f8"},{"type":"single","resource":"146ded6b-0f47-4ce1-93a4-b17df02108f8"},{"type":"single","resource":"146ded6b-0f47-4ce1-93a4-b17df02108f8"},{"type":"single","resource":"146ded6b-0f47-4ce1-93a4-b17df02108f8"},{"type":"single","resource":"146ded6b-0f47-4ce1-93a4-b17df02108f8"},{"type":"single","resource":"146ded6b-0f47-4ce1-93a4-b17df02108f8"},{"type":"single","resource":"146ded6b-0f47-4ce1-93a4-b17df02108f8"},{"type":"single","resource":"146ded6b-0f47-4ce1-93a4-b17df02108f8"},{"type":"single","resource":"146ded6b-0f47-4ce1-93a4-b17df02108f8"},{"type":"single","resource":"146ded6b-0f47-4ce1-93a4-b17df02108f8"},{"type":"single","resource":"146ded6b-0f47-4ce1-93a4-b17df02108f8"},{"type":"single","resource":"146ded6b-0f47-4ce1-93a4-b17df02108f8"},{"type":"single","resource":"146ded6b-0f47-4ce1-93a4-b17df02108f8"},{"type":"single","resource":"bee10772-cb36-4b29-b8e3-6e723414b5a5"},{"type":"single","resource":"bee10772-cb36-4b29-b8e3-6e723414b5a5"},{"type":"single","resource":"d0df6fb0-dc85-464f-9c9a-81b5d354c764"},{"type":"single","resource":"d0df6fb0-dc85-464f-9c9a-81b5d354c764"},{"type":"single","resource":"831d8feb-cf6e-479a-9d87-ded70e93a217"},{"type":"single","resource":"831d8feb-cf6e-479a-9d87-ded70e93a217"},{"type":"single","resource":"1bfd1171-5eb6-47f1-ac0b-4cbdd7d1fc39"},{"type":"single","resource":"1bfd1171-5eb6-47f1-ac0b-4cbdd7d1fc39"},{"type":"single","resource":"406660d1-9e9f-4cb6-8b59-5f757f4e0051"},{"type":"single","resource":"52e793ea-d451-4c54-adef-972d4f05880d"},{"type":"single","resource":"3e54ac80-28f9-4317-a70d-dff54eecfa5d"},{"type":"single","resource":"3e54ac80-28f9-4317-a70d-dff54eecfa5d"},{"type":"single","resource":"3e54ac80-28f9-4317-a70d-dff54eecfa5d"},{"type":"single","resource":"3e54ac80-28f9-4317-a70d-dff54eecfa5d"},{"type":"single","resource":"3e54ac80-28f9-4317-a70d-dff54eecfa5d"},{"type":"single","resource":"3e54ac80-28f9-4317-a70d-dff54eecfa5d"},{"type":"single","resource":"3e54ac80-28f9-4317-a70d-dff54eecfa5d"},{"type":"single","resource":"3e54ac80-28f9-4317-a70d-dff54eecfa5d"},{"type":"single","resource":"3e54ac80-28f9-4317-a70d-dff54eecfa5d"},{"type":"single","resource":"3e54ac80-28f9-4317-a70d-dff54eecfa5d"},{"type":"single","resource":"19cdb529-1fa1-47bd-bca4-60338cb52bc9"},{"type":"single","resource":"19cdb529-1fa1-47bd-bca4-60338cb52bc9"},{"type":"single","resource":"19cdb529-1fa1-47bd-bca4-60338cb52bc9"},{"type":"single","resource":"19cdb529-1fa1-47bd-bca4-60338cb52bc9"},{"type":"single","resource":"19cdb529-1fa1-47bd-bca4-60338cb52bc9"},{"type":"single","resource":"19cdb529-1fa1-47bd-bca4-60338cb52bc9"},{"type":"single","resource":"19cdb529-1fa1-47bd-bca4-60338cb52bc9"},{"type":"single","resource":"19cdb529-1fa1-47bd-bca4-60338cb52bc9"},{"type":"single","resource":"19cdb529-1fa1-47bd-bca4-60338cb52bc9"},{"type":"single","resource":"19cdb529-1fa1-47bd-bca4-60338cb52bc9"},{"type":"single","resource":"19cdb529-1fa1-47bd-bca4-60338cb52bc9"},{"type":"single","resource":"19cdb529-1fa1-47bd-bca4-60338cb52bc9"},{"type":"single","resource":"19cdb529-1fa1-47bd-bca4-60338cb52bc9"},{"type":"single","resource":"19cdb529-1fa1-47bd-bca4-60338cb52bc9"},{"type":"single","resource":"19cdb529-1fa1-47bd-bca4-60338cb52bc9"},{"type":"single","resource":"19cdb529-1fa1-47bd-bca4-60338cb52bc9"},{"type":"single","resource":"19cdb529-1fa1-47bd-bca4-60338cb52bc9"},{"type":"single","resource":"19cdb529-1fa1-47bd-bca4-60338cb52bc9"},{"type":"single","resource":"19cdb529-1fa1-47bd-bca4-60338cb52bc9"},{"type":"single","resource":"19cdb529-1fa1-47bd-bca4-60338cb52bc9"},{"type":"single","resource":"19cdb529-1fa1-47bd-bca4-60338cb52bc9"},{"type":"single","resource":"19cdb529-1fa1-47bd-bca4-60338cb52bc9"},{"type":"single","resource":"19cdb529-1fa1-47bd-bca4-60338cb52bc9"},{"type":"single","resource":"302dda46-b5eb-4ee3-9e42-889cc7709dec"},{"type":"single","resource":"302dda46-b5eb-4ee3-9e42-889cc7709dec"},{"type":"single","resource":"302dda46-b5eb-4ee3-9e42-889cc7709dec"},{"type":"single","resource":"302dda46-b5eb-4ee3-9e42-889cc7709dec"},{"type":"single","resource":"302dda46-b5eb-4ee3-9e42-889cc7709dec"},{"type":"single","resource":"302dda46-b5eb-4ee3-9e42-889cc7709dec"},{"type":"single","resource":"302dda46-b5eb-4ee3-9e42-889cc7709dec"},{"type":"single","resource":"302dda46-b5eb-4ee3-9e42-889cc7709dec"},{"type":"single","resource":"302dda46-b5eb-4ee3-9e42-889cc7709dec"},{"type":"single","resource":"302dda46-b5eb-4ee3-9e42-889cc7709dec"},{"type":"single","resource":"302dda46-b5eb-4ee3-9e42-889cc7709dec"},{"type":"single","resource":"302dda46-b5eb-4ee3-9e42-889cc7709dec"},{"type":"single","resource":"302dda46-b5eb-4ee3-9e42-889cc7709dec"},{"type":"single","resource":"302dda46-b5eb-4ee3-9e42-889cc7709dec"},{"type":"single","resource":"302dda46-b5eb-4ee3-9e42-889cc7709dec"},{"type":"single","resource":"302dda46-b5eb-4ee3-9e42-889cc7709dec"},{"type":"single","resource":"302dda46-b5eb-4ee3-9e42-889cc7709dec"},{"type":"single","resource":"302dda46-b5eb-4ee3-9e42-889cc7709dec"},{"type":"single","resource":"302dda46-b5eb-4ee3-9e42-889cc7709dec"},{"type":"single","resource":"302dda46-b5eb-4ee3-9e42-889cc7709dec"},{"type":"single","resource":"302dda46-b5eb-4ee3-9e42-889cc7709dec"},{"type":"single","resource":"302dda46-b5eb-4ee3-9e42-889cc7709dec"},{"type":"single","resource":"302dda46-b5eb-4ee3-9e42-889cc7709dec"},{"type":"single","resource":"302dda46-b5eb-4ee3-9e42-889cc7709dec"},{"type":"single","resource":"302dda46-b5eb-4ee3-9e42-889cc7709dec"},{"type":"single","resource":"302dda46-b5eb-4ee3-9e42-889cc7709dec"},{"type":"single","resource":"302dda46-b5eb-4ee3-9e42-889cc7709dec"},{"type":"single","resource":"302dda46-b5eb-4ee3-9e42-889cc7709dec"},{"type":"single","resource":"302dda46-b5eb-4ee3-9e42-889cc7709dec"},{"type":"single","resource":"302dda46-b5eb-4ee3-9e42-889cc7709dec"},{"type":"single","resource":"302dda46-b5eb-4ee3-9e42-889cc7709dec"},{"type":"single","resource":"302dda46-b5eb-4ee3-9e42-889cc7709dec"},{"type":"single","resource":"302dda46-b5eb-4ee3-9e42-889cc7709dec"},{"type":"single","resource":"302dda46-b5eb-4ee3-9e42-889cc7709dec"},{"type":"single","resource":"302dda46-b5eb-4ee3-9e42-889cc7709dec"},{"type":"single","resource":"302dda46-b5eb-4ee3-9e42-889cc7709dec"},{"type":"single","resource":"90d91756-e687-4de6-9c9c-bcc0d4b3f412"},{"type":"single","resource":"90d91756-e687-4de6-9c9c-bcc0d4b3f412"},{"type":"single","resource":"90d91756-e687-4de6-9c9c-bcc0d4b3f412"},{"type":"single","resource":"90d91756-e687-4de6-9c9c-bcc0d4b3f412"},{"type":"single","resource":"90d91756-e687-4de6-9c9c-bcc0d4b3f412"},{"type":"single","resource":"90d91756-e687-4de6-9c9c-bcc0d4b3f412"},{"type":"single","resource":"90d91756-e687-4de6-9c9c-bcc0d4b3f412"},{"type":"single","resource":"90d91756-e687-4de6-9c9c-bcc0d4b3f412"},{"type":"single","resource":"90d91756-e687-4de6-9c9c-bcc0d4b3f412"},{"type":"single","resource":"90d91756-e687-4de6-9c9c-bcc0d4b3f412"},{"type":"single","resource":"90d91756-e687-4de6-9c9c-bcc0d4b3f412"},{"type":"single","resource":"90d91756-e687-4de6-9c9c-bcc0d4b3f412"},{"type":"single","resource":"90d91756-e687-4de6-9c9c-bcc0d4b3f412"},{"type":"single","resource":"90d91756-e687-4de6-9c9c-bcc0d4b3f412"},{"type":"single","resource":"d08ef939-6cda-4a38-80b5-3a29d18a070c"},{"type":"single","resource":"d08ef939-6cda-4a38-80b5-3a29d18a070c"},{"type":"single","resource":"d08ef939-6cda-4a38-80b5-3a29d18a070c"},{"type":"single","resource":"d08ef939-6cda-4a38-80b5-3a29d18a070c"},{"type":"single","resource":"d08ef939-6cda-4a38-80b5-3a29d18a070c"},{"type":"single","resource":"d08ef939-6cda-4a38-80b5-3a29d18a070c"},{"type":"single","resource":"d08ef939-6cda-4a38-80b5-3a29d18a070c"},{"type":"single","resource":"d08ef939-6cda-4a38-80b5-3a29d18a070c"},{"type":"single","resource":"d08ef939-6cda-4a38-80b5-3a29d18a070c"},{"type":"single","resource":"d08ef939-6cda-4a38-80b5-3a29d18a070c"},{"type":"single","resource":"d08ef939-6cda-4a38-80b5-3a29d18a070c"},{"type":"single","resource":"d08ef939-6cda-4a38-80b5-3a29d18a070c"},{"type":"single","resource":"de80aa1e-f1f1-4d23-9729-49958b832351"},{"type":"single","resource":"de80aa1e-f1f1-4d23-9729-49958b832351"},{"type":"single","resource":"de80aa1e-f1f1-4d23-9729-49958b832351"},{"type":"single","resource":"de80aa1e-f1f1-4d23-9729-49958b832351"},{"type":"single","resource":"de80aa1e-f1f1-4d23-9729-49958b832351"},{"type":"single","resource":"de80aa1e-f1f1-4d23-9729-49958b832351"}]}