{"display":{"thirdperson_righthand":{"translation":[0.5,-1.75,1.5],"scale":[0.94922,0.94922,0.94922]},"thirdperson_lefthand":{"translation":[0.5,-1.75,1.5],"scale":[0.94922,0.94922,0.94922]},"firstperson_righthand":{"rotation":[19.54,31.43,-0.16],"translation":[1.25,3.5,0.0],"scale":[0.57617,0.57617,0.57617]},"firstperson_lefthand":{"rotation":[19.54,31.43,-0.16],"translation":[1.25,3.5,0.0],"scale":[0.57617,0.57617,0.57617]},"ground":{"rotation":[0.0,0.0,-80.0],"translation":[-0.25,-1.0,-0.25],"scale":[0.68164,0.68164,0.68164]},"gui":{"rotation":[90.0,50.25,-90.0],"translation":[-1.0,0.75,0.0],"scale":[0.60352,0.60352,0.60352]},"head":{"rotation":[-90.0,57.5,90.0],"translation":[-2.25,17.5,0.0],"scale":[0.89648,0.89648,0.89648]},"fixed":{"rotation":[0.0,90.0,0.0],"translation":[0.5,0.75,-2.0],"scale":[1.61523,1.61523,1.61523]}},"elements":[{"from":[7.75,8.0,12.11517],"to":[8.25,20.0,12.61517],"rotation":{"origin":[8.0,16.0,12.36517],"axis":"y","angle":0.0},"faces":{"north":{"uv":[0.0,0.0,0.25,6.0],"texture":"#0"},"east":{"uv":[0.0,0.0,0.25,6.0],"texture":"#0"},"south":{"uv":[0.0,0.0,0.25,6.0],"texture":"#0"},"west":{"uv":[0.0,0.0,0.25,6.0],"texture":"#0"},"up":{"uv":[0.0,0.0,0.25,6.0],"texture":"#0"},"down":{"uv":[0.0,0.0,0.25,6.0],"texture":"#0"}}},{"from":[7.75,-4.0,12.11517],"to":[8.25,8.0,12.61517],"rotation":{"origin":[8.0,0.0,12.36517],"axis":"y","angle":0.0},"faces":{"north":{"uv":[0.0,6.0,0.25,0.0],"texture":"#0"},"east":{"uv":[0.0,6.0,0.25,0.0],"texture":"#0"},"south":{"uv":[0.0,6.0,0.25,0.0],"texture":"#0"},"west":{"uv":[0.0,6.0,0.25,0.0],"texture":"#0"},"up":{"uv":[0.0,6.0,0.25,0.0],"texture":"#0"},"down":{"uv":[0.0,6.0,0.25,0.0],"texture":"#0"}}},{"from":[7.5,5.5,6.66516],"to":[8.5,10.5,7.66516],"rotation":{"origin":[8.0,8.0,8.0],"axis":"y","angle":0.0},"faces":{"north":{"uv":[7.0,2.5,7.5,5.0],"texture":"#0"},"east":{"uv":[7.0,5.0,7.5,7.5],"texture":"#0"},"south":{"uv":[7.5,0.0,8.0,2.5],"texture":"#0"},"west":{"uv":[7.0,0.0,7.5,2.5],"texture":"#0"},"up":{"uv":[7.0,8.5,6.5,8.0],"texture":"#0","rotation":270},"down":{"uv":[3.5,9.5,3.0,10.0],"texture":"#0","rotation":90}}},{"from":[7.4,8.531,3.49547],"to":[8.6,9.531,5.99547],"rotation":{"origin":[8.0,8.0,8.0],"axis":"x","angle":45.0},"faces":{"north":{"uv":[10.5,0.5,11.0,1.0],"texture":"#0"},"east":{"uv":[8.5,2.5,9.75,3.0],"texture":"#0"},"south":{"uv":[10.5,1.0,11.0,1.5],"texture":"#0"},"west":{"uv":[8.5,2.0,9.75,2.5],"texture":"#0"},"up":{"uv":[9.75,3.5,8.5,3.0],"texture":"#0","rotation":270},"down":{"uv":[9.75,3.5,8.5,4.0],"texture":"#0","rotation":90}}},{"from":[7.25,10.21439,4.04156],"to":[8.75,14.21439,5.54156],"rotation":{"origin":[8.0,8.0,8.0],"axis":"x","angle":22.5},"faces":{"north":{"uv":[4.0,2.0,4.75,4.0],"texture":"#0"},"east":{"uv":[4.0,4.0,4.75,6.0],"texture":"#0"},"south":{"uv":[5.0,0.0,5.75,2.0],"texture":"#0"},"west":{"uv":[4.0,0.0,4.75,2.0],"texture":"#0"},"up":{"uv":[9.25,5.75,8.5,5.0],"texture":"#0","rotation":270},"down":{"uv":[9.25,6.0,8.5,6.75],"texture":"#0","rotation":90}}},{"from":[7.5,9.20384,1.36435],"to":[8.5,10.70384,3.36435],"rotation":{"origin":[8.0,8.0,8.0],"axis":"x","angle":45.0},"faces":{"north":{"uv":[5.5,10.0,6.0,10.75],"texture":"#0"},"east":{"uv":[4.5,8.0,5.5,8.75],"texture":"#0"},"south":{"uv":[6.0,10.0,6.5,10.75],"texture":"#0"},"west":{"uv":[3.5,8.0,4.5,8.75],"texture":"#0"},"up":{"uv":[8.5,10.0,7.5,9.5],"texture":"#0","rotation":270},"down":{"uv":[10.5,8.0,9.5,8.5],"texture":"#0","rotation":90}}},{"from":[7.499,13.75162,14.40594],"to":[8.501,14.32565,15.79176],"rotation":{"origin":[8.0,8.0,8.0],"axis":"x","angle":-22.5},"faces":{"north":{"uv":[9.5,10.5,10.0,10.75],"texture":"#0"},"east":{"uv":[4.5,10.5,5.25,10.75],"texture":"#0"},"south":{"uv":[10.5,9.5,11.0,9.75],"texture":"#0"},"west":{"uv":[10.5,4.0,11.25,4.25],"texture":"#0"},"up":{"uv":[8.25,10.5,7.5,10.0],"texture":"#0","rotation":270},"down":{"uv":[9.25,10.0,8.5,10.5],"texture":"#0","rotation":90}}},{"from":[7.25,12.53526,12.22652],"to":[8.75,14.03526,16.22652],"rotation":{"origin":[8.0,8.0,8.0],"axis":"x","angle":-45.0},"faces":{"north":{"uv":[6.5,8.5,7.25,9.25],"texture":"#0"},"east":{"uv":[5.0,3.0,7.0,3.75],"texture":"#0"},"south":{"uv":[8.5,7.0,9.25,7.75],"texture":"#0"},"west":{"uv":[5.0,2.0,7.0,2.75],"texture":"#0"},"up":{"uv":[7.0,4.75,5.0,4.0],"texture":"#0","rotation":270},"down":{"uv":[7.0,5.0,5.0,5.75],"texture":"#0","rotation":90}}},{"from":[7.5,15.33819,12.36474],"to":[8.5,18.33819,13.86474],"rotation":{"origin":[8.0,8.0,8.0],"axis":"x","angle":-22.5},"faces":{"north":{"uv":[8.0,1.0,8.5,2.5],"texture":"#0"},"east":{"uv":[7.5,4.0,8.25,5.5],"texture":"#0"},"south":{"uv":[3.0,8.0,3.5,9.5],"texture":"#0"},"west":{"uv":[7.5,2.5,8.25,4.0],"texture":"#0"},"up":{"uv":[3.75,10.5,3.0,10.0],"texture":"#0","rotation":270},"down":{"uv":[10.75,3.0,10.0,3.5],"texture":"#0","rotation":90}}},{"from":[7.5,18.37457,0.69309],"to":[8.5,19.87457,3.19309],"rotation":{"origin":[8.0,8.0,8.0],"axis":"x","angle":45.0},"faces":{"north":{"uv":[10.0,3.5,10.5,4.25],"texture":"#0"},"east":{"uv":[8.0,0.0,9.25,0.75],"texture":"#0"},"south":{"uv":[4.0,10.0,4.5,10.75],"texture":"#0"},"west":{"uv":[7.0,7.5,8.25,8.25],"texture":"#0"},"up":{"uv":[9.75,4.5,8.5,4.0],"texture":"#0","rotation":270},"down":{"uv":[9.75,4.5,8.5,5.0],"texture":"#0","rotation":90}}},{"from":[7.5,16.29558,11.4976],"to":[8.5,19.79558,12.9976],"rotation":{"origin":[8.0,8.0,8.0],"axis":"z","angle":0.0},"faces":{"north":{"uv":[2.0,8.0,2.5,9.75],"texture":"#0"},"east":{"uv":[2.0,6.0,2.75,7.75],"texture":"#0"},"south":{"uv":[2.5,8.0,3.0,9.75],"texture":"#0"},"west":{"uv":[6.0,0.0,6.75,1.75],"texture":"#0"},"up":{"uv":[5.25,10.5,4.5,10.0],"texture":"#0","rotation":270},"down":{"uv":[10.75,4.5,10.0,5.0],"texture":"#0","rotation":90}}},{"from":[7.0,13.46439,3.79156],"to":[9.0,14.46439,5.79156],"rotation":{"origin":[8.0,8.0,8.0],"axis":"x","angle":22.5},"faces":{"north":{"uv":[2.0,10.0,3.0,10.5],"texture":"#0"},"east":{"uv":[10.0,2.0,11.0,2.5],"texture":"#0"},"south":{"uv":[10.0,2.5,11.0,3.0],"texture":"#0"},"west":{"uv":[9.5,9.5,10.5,10.0],"texture":"#0"},"up":{"uv":[8.5,6.5,7.5,5.5],"texture":"#0","rotation":270},"down":{"uv":[8.5,6.5,7.5,7.5],"texture":"#0","rotation":90}}},{"from":[7.25,16.3293,15.15123],"to":[8.75,17.3293,17.15123],"rotation":{"origin":[8.0,8.0,8.0],"axis":"x","angle":-22.5},"faces":{"north":{"uv":[9.5,10.0,10.25,10.5],"texture":"#0"},"east":{"uv":[9.5,9.0,10.5,9.5],"texture":"#0"},"south":{"uv":[10.5,0.0,11.25,0.5],"texture":"#0"},"west":{"uv":[9.5,8.5,10.5,9.0],"texture":"#0"},"up":{"uv":[6.5,8.75,5.5,8.0],"texture":"#0","rotation":270},"down":{"uv":[9.5,1.0,8.5,1.75],"texture":"#0","rotation":90}}},{"from":[7.25,11.99467,2.94193],"to":[8.75,12.5687,4.32775],"rotation":{"origin":[8.0,8.0,8.0],"axis":"z","angle":0.0},"faces":{"north":{"uv":[2.0,10.5,2.75,10.75],"texture":"#0"},"east":{"uv":[3.0,10.5,3.75,10.75],"texture":"#0"},"south":{"uv":[10.5,3.5,11.25,3.75],"texture":"#0"},"west":{"uv":[10.5,1.5,11.25,1.75],"texture":"#0"},"up":{"uv":[6.25,9.75,5.5,9.0],"texture":"#0","rotation":270},"down":{"uv":[9.25,9.0,8.5,9.75],"texture":"#0","rotation":90}}},{"from":[7.251,10.28528,1.57858],"to":[8.749,13.78528,3.07858],"rotation":{"origin":[8.0,8.0,8.0],"axis":"x","angle":22.5},"faces":{"north":{"uv":[4.0,6.0,4.75,7.75],"texture":"#0"},"east":{"uv":[5.0,6.0,5.75,7.75],"texture":"#0"},"south":{"uv":[6.0,6.0,6.75,7.75],"texture":"#0"},"west":{"uv":[3.0,6.0,3.75,7.75],"texture":"#0"},"up":{"uv":[4.25,9.75,3.5,9.0],"texture":"#0","rotation":270},"down":{"uv":[5.25,9.0,4.5,9.75],"texture":"#0","rotation":90}}},{"from":[7.25,15.22825,4.28131],"to":[8.75,15.80227,5.66713],"rotation":{"origin":[8.0,8.0,8.0],"axis":"z","angle":0.0},"faces":{"north":{"uv":[8.5,10.5,9.25,10.75],"texture":"#0"},"east":{"uv":[10.5,8.5,11.25,8.75],"texture":"#0"},"south":{"uv":[10.5,9.0,11.25,9.25],"texture":"#0"},"west":{"uv":[10.5,8.0,11.25,8.25],"texture":"#0"},"up":{"uv":[7.25,10.25,6.5,9.5],"texture":"#0","rotation":270},"down":{"uv":[10.25,7.0,9.5,7.75],"texture":"#0","rotation":90}}},{"from":[7.25,16.68557,2.30293],"to":[8.75,17.25959,3.68875],"rotation":{"origin":[8.0,8.0,8.0],"axis":"x","angle":22.5},"faces":{"north":{"uv":[10.5,7.0,11.25,7.25],"texture":"#0"},"east":{"uv":[7.5,10.5,8.25,10.75],"texture":"#0"},"south":{"uv":[10.5,7.5,11.25,7.75],"texture":"#0"},"west":{"uv":[10.5,6.5,11.25,6.75],"texture":"#0"},"up":{"uv":[10.25,5.75,9.5,5.0],"texture":"#0","rotation":270},"down":{"uv":[10.25,6.0,9.5,6.75],"texture":"#0","rotation":90}}},{"from":[7.251,14.37457,-0.80691],"to":[8.749,20.37457,0.69309],"rotation":{"origin":[8.0,8.0,8.0],"axis":"x","angle":45.0},"faces":{"north":{"uv":[3.0,0.0,3.75,3.0],"texture":"#0"},"east":{"uv":[2.0,3.0,2.75,6.0],"texture":"#0"},"south":{"uv":[3.0,3.0,3.75,6.0],"texture":"#0"},"west":{"uv":[2.0,0.0,2.75,3.0],"texture":"#0"},"up":{"uv":[8.25,9.25,7.5,8.5],"texture":"#0","rotation":270},"down":{"uv":[9.25,8.0,8.5,8.75],"texture":"#0","rotation":90}}},{"from":[7.25,22.22884,4.59903],"to":[8.75,22.80287,5.98485],"rotation":{"origin":[8.0,8.0,8.0],"axis":"x","angle":22.5},"faces":{"north":{"uv":[10.5,5.5,11.25,5.75],"texture":"#0"},"east":{"uv":[10.5,6.0,11.25,6.25],"texture":"#0"},"south":{"uv":[6.5,10.5,7.25,10.75],"texture":"#0"},"west":{"uv":[10.5,5.0,11.25,5.25],"texture":"#0"},"up":{"uv":[10.25,0.75,9.5,0.0],"texture":"#0","rotation":270},"down":{"uv":[10.25,1.0,9.5,1.75],"texture":"#0","rotation":90}}},{"from":[7.4,6.469,3.49547],"to":[8.6,7.469,5.99547],"rotation":{"origin":[8.0,8.0,8.0],"axis":"x","angle":-45.0},"faces":{"north":{"uv":[10.5,1.0,11.0,0.5],"texture":"#0"},"east":{"uv":[8.5,3.0,9.75,2.5],"texture":"#0"},"south":{"uv":[10.5,1.5,11.0,1.0],"texture":"#0"},"west":{"uv":[8.5,2.5,9.75,2.0],"texture":"#0"},"up":{"uv":[9.75,4.0,8.5,3.5],"texture":"#0","rotation":270},"down":{"uv":[9.75,3.0,8.5,3.5],"texture":"#0","rotation":90}}},{"from":[7.25,1.78561,4.04156],"to":[8.75,5.78561,5.54156],"rotation":{"origin":[8.0,8.0,8.0],"axis":"x","angle":-22.5},"faces":{"north":{"uv":[4.0,4.0,4.75,2.0],"texture":"#0"},"east":{"uv":[4.0,6.0,4.75,4.0],"texture":"#0"},"south":{"uv":[5.0,2.0,5.75,0.0],"texture":"#0"},"west":{"uv":[4.0,2.0,4.75,0.0],"texture":"#0"},"up":{"uv":[9.25,6.75,8.5,6.0],"texture":"#0","rotation":270},"down":{"uv":[9.25,5.0,8.5,5.75],"texture":"#0","rotation":90}}},{"from":[7.25,1.96474,12.22652],"to":[8.75,3.46474,16.22652],"rotation":{"origin":[8.0,8.0,8.0],"axis":"x","angle":45.0},"faces":{"north":{"uv":[6.5,9.25,7.25,8.5],"texture":"#0"},"east":{"uv":[5.0,3.75,7.0,3.0],"texture":"#0"},"south":{"uv":[8.5,7.75,9.25,7.0],"texture":"#0"},"west":{"uv":[5.0,2.75,7.0,2.0],"texture":"#0"},"up":{"uv":[7.0,5.75,5.0,5.0],"texture":"#0","rotation":270},"down":{"uv":[7.0,4.0,5.0,4.75],"texture":"#0","rotation":90}}},{"from":[7.5,-2.33819,12.36474],"to":[8.5,0.66181,13.86474],"rotation":{"origin":[8.0,8.0,8.0],"axis":"x","angle":22.5},"faces":{"north":{"uv":[8.0,2.5,8.5,1.0],"texture":"#0"},"east":{"uv":[7.5,5.5,8.25,4.0],"texture":"#0"},"south":{"uv":[3.0,9.5,3.5,8.0],"texture":"#0"},"west":{"uv":[7.5,4.0,8.25,2.5],"texture":"#0"},"up":{"uv":[10.75,3.5,10.0,3.0],"texture":"#0","rotation":270},"down":{"uv":[3.75,10.0,3.0,10.5],"texture":"#0","rotation":90}}},{"from":[7.5,-3.87457,0.69309],"to":[8.5,-2.37457,3.19309],"rotation":{"origin":[8.0,8.0,8.0],"axis":"x","angle":-45.0},"faces":{"north":{"uv":[10.0,4.25,10.5,3.5],"texture":"#0"},"east":{"uv":[8.0,0.75,9.25,0.0],"texture":"#0"},"south":{"uv":[4.0,10.75,4.5,10.0],"texture":"#0"},"west":{"uv":[7.0,8.25,8.25,7.5],"texture":"#0"},"up":{"uv":[9.75,5.0,8.5,4.5],"texture":"#0","rotation":270},"down":{"uv":[9.75,4.0,8.5,4.5],"texture":"#0","rotation":90}}},{"from":[7.251,-4.37457,-0.80691],"to":[8.749,1.62543,0.69309],"rotation":{"origin":[8.0,8.0,8.0],"axis":"x","angle":-45.0},"faces":{"north":{"uv":[3.0,3.0,3.75,0.0],"texture":"#0"},"east":{"uv":[2.0,6.0,2.75,3.0],"texture":"#0"},"south":{"uv":[3.0,6.0,3.75,3.0],"texture":"#0"},"west":{"uv":[2.0,3.0,2.75,0.0],"texture":"#0"},"up":{"uv":[9.25,8.75,8.5,8.0],"texture":"#0","rotation":270},"down":{"uv":[8.25,8.5,7.5,9.25],"texture":"#0","rotation":90}}},{"from":[7.5,-3.79558,11.4976],"to":[8.5,-0.29558,12.9976],"rotation":{"origin":[8.0,8.0,8.0],"axis":"z","angle":0.0},"faces":{"north":{"uv":[2.0,9.75,2.5,8.0],"texture":"#0"},"east":{"uv":[2.0,7.75,2.75,6.0],"texture":"#0"},"south":{"uv":[2.5,9.75,3.0,8.0],"texture":"#0"},"west":{"uv":[6.0,1.75,6.75,0.0],"texture":"#0"},"up":{"uv":[10.75,5.0,10.0,4.5],"texture":"#0","rotation":270},"down":{"uv":[5.25,10.0,4.5,10.5],"texture":"#0","rotation":90}}},{"from":[7.5,5.29616,1.36435],"to":[8.5,6.79616,3.36435],"rotation":{"origin":[8.0,8.0,8.0],"axis":"x","angle":-45.0},"faces":{"north":{"uv":[5.5,10.75,6.0,10.0],"texture":"#0"},"east":{"uv":[4.5,8.75,5.5,8.0],"texture":"#0"},"south":{"uv":[6.0,10.75,6.5,10.0],"texture":"#0"},"west":{"uv":[3.5,8.75,4.5,8.0],"texture":"#0"},"up":{"uv":[10.5,8.5,9.5,8.0],"texture":"#0","rotation":270},"down":{"uv":[8.5,9.5,7.5,10.0],"texture":"#0","rotation":90}}},{"from":[7.251,2.21472,1.57858],"to":[8.749,5.71472,3.07858],"rotation":{"origin":[8.0,8.0,8.0],"axis":"x","angle":-22.5},"faces":{"north":{"uv":[4.0,7.75,4.75,6.0],"texture":"#0"},"east":{"uv":[5.0,7.75,5.75,6.0],"texture":"#0"},"south":{"uv":[6.0,7.75,6.75,6.0],"texture":"#0"},"west":{"uv":[3.0,7.75,3.75,6.0],"texture":"#0"},"up":{"uv":[5.25,9.75,4.5,9.0],"texture":"#0","rotation":270},"down":{"uv":[4.25,9.0,3.5,9.75],"texture":"#0","rotation":90}}},{"from":[7.25,3.4313,2.94193],"to":[8.75,4.00533,4.32775],"rotation":{"origin":[8.0,8.0,8.0],"axis":"z","angle":0.0},"faces":{"north":{"uv":[2.0,10.75,2.75,10.5],"texture":"#0"},"east":{"uv":[3.0,10.75,3.75,10.5],"texture":"#0"},"south":{"uv":[10.5,3.75,11.25,3.5],"texture":"#0"},"west":{"uv":[10.5,1.75,11.25,1.5],"texture":"#0"},"up":{"uv":[9.25,9.75,8.5,9.0],"texture":"#0","rotation":270},"down":{"uv":[6.25,9.0,5.5,9.75],"texture":"#0","rotation":90}}},{"from":[7.499,1.67435,14.40594],"to":[8.501,2.24838,15.79176],"rotation":{"origin":[8.0,8.0,8.0],"axis":"x","angle":22.5},"faces":{"north":{"uv":[9.5,10.75,10.0,10.5],"texture":"#0"},"east":{"uv":[4.5,10.75,5.25,10.5],"texture":"#0"},"south":{"uv":[10.5,9.75,11.0,9.5],"texture":"#0"},"west":{"uv":[10.5,4.25,11.25,4.0],"texture":"#0"},"up":{"uv":[9.25,10.5,8.5,10.0],"texture":"#0","rotation":270},"down":{"uv":[8.25,10.0,7.5,10.5],"texture":"#0","rotation":90}}},{"from":[7.25,-6.80287,4.59903],"to":[8.75,-6.22884,5.98485],"rotation":{"origin":[8.0,8.0,8.0],"axis":"x","angle":-22.5},"faces":{"north":{"uv":[10.5,5.75,11.25,5.5],"texture":"#0"},"east":{"uv":[10.5,6.25,11.25,6.0],"texture":"#0"},"south":{"uv":[6.5,10.75,7.25,10.5],"texture":"#0"},"west":{"uv":[10.5,5.25,11.25,5.0],"texture":"#0"},"up":{"uv":[10.25,1.75,9.5,1.0],"texture":"#0","rotation":270},"down":{"uv":[10.25,0.0,9.5,0.75],"texture":"#0","rotation":90}}},{"from":[7.25,-1.25959,2.30293],"to":[8.75,-0.68557,3.68875],"rotation":{"origin":[8.0,8.0,8.0],"axis":"x","angle":-22.5},"faces":{"north":{"uv":[10.5,7.25,11.25,7.0],"texture":"#0"},"east":{"uv":[7.5,10.75,8.25,10.5],"texture":"#0"},"south":{"uv":[10.5,7.75,11.25,7.5],"texture":"#0"},"west":{"uv":[10.5,6.75,11.25,6.5],"texture":"#0"},"up":{"uv":[10.25,6.75,9.5,6.0],"texture":"#0","rotation":270},"down":{"uv":[10.25,5.0,9.5,5.75],"texture":"#0","rotation":90}}},{"from":[7.25,0.19773,4.28131],"to":[8.75,0.77175,5.66713],"rotation":{"origin":[8.0,8.0,8.0],"axis":"z","angle":0.0},"faces":{"north":{"uv":[8.5,10.75,9.25,10.5],"texture":"#0"},"east":{"uv":[10.5,8.75,11.25,8.5],"texture":"#0"},"south":{"uv":[10.5,9.25,11.25,9.0],"texture":"#0"},"west":{"uv":[10.5,8.25,11.25,8.0],"texture":"#0"},"up":{"uv":[10.25,7.75,9.5,7.0],"texture":"#0","rotation":270},"down":{"uv":[7.25,9.5,6.5,10.25],"texture":"#0","rotation":90}}},{"from":[7.25,-1.3293,15.15123],"to":[8.75,-0.3293,17.15123],"rotation":{"origin":[8.0,8.0,8.0],"axis":"x","angle":22.5},"faces":{"north":{"uv":[9.5,10.5,10.25,10.0],"texture":"#0"},"east":{"uv":[9.5,9.5,10.5,9.0],"texture":"#0"},"south":{"uv":[10.5,0.5,11.25,0.0],"texture":"#0"},"west":{"uv":[9.5,9.0,10.5,8.5],"texture":"#0"},"up":{"uv":[9.5,1.75,8.5,1.0],"texture":"#0","rotation":270},"down":{"uv":[6.5,8.0,5.5,8.75],"texture":"#0","rotation":90}}},{"from":[7.0,1.53561,3.79156],"to":[9.0,2.53561,5.79156],"rotation":{"origin":[8.0,8.0,8.0],"axis":"x","angle":-22.5},"faces":{"north":{"uv":[2.0,10.5,3.0,10.0],"texture":"#0"},"east":{"uv":[10.0,2.5,11.0,2.0],"texture":"#0"},"south":{"uv":[10.0,3.0,11.0,2.5],"texture":"#0"},"west":{"uv":[9.5,10.0,10.5,9.5],"texture":"#0"},"up":{"uv":[8.5,7.5,7.5,6.5],"texture":"#0","rotation":270},"down":{"uv":[8.5,5.5,7.5,6.5],"texture":"#0","rotation":90}}},{"from":[8.1,5.35,0.0],"to":[8.1,10.35,18.0],"faces":{"north":{"uv":[0.0,0.0,0.0,2.5],"texture":"#missing"},"east":{"uv":[13.5,9.0,16.0,0.0],"texture":"#0","rotation":90},"south":{"uv":[0.0,0.0,0.0,2.5],"texture":"#missing"},"west":{"uv":[13.5,0.0,16.0,9.0],"texture":"#0","rotation":90},"up":{"uv":[0.0,0.0,0.0,9.0],"texture":"#missing"},"down":{"uv":[0.0,0.0,0.0,9.0],"texture":"#missing"}}}],"textures":{"particle":"neotech/neotech_bow","0":"neotech/neotech_bow"},"gui_light":"front"}