{"display":{"thirdperson_righthand":{"rotation":[90.0,0.0,0.0],"translation":[0.0,-4.25,-0.25],"scale":[0.7,0.7,0.7]},"thirdperson_lefthand":{"rotation":[90.0,0.0,0.0],"translation":[-3.0,-4.25,-0.25],"scale":[0.7,0.7,0.7]},"firstperson_righthand":{"rotation":[160.0,60.0,160.0],"translation":[0.25,3.75,2.25],"scale":[0.5,0.5,0.5]},"firstperson_lefthand":{"rotation":[160.0,60.0,160.0],"translation":[0.25,3.75,2.25],"scale":[0.5,0.5,0.5]},"ground":{"scale":[0.6,0.6,0.6]},"gui":{"rotation":[-160.0,-35.0,-180.0],"translation":[-4.25,2.0,0.0]},"head":{"translation":[0.25,-1.0,0.0],"scale":[1.81,1.81,1.81]},"fixed":{"translation":[6.0,3.0,9.0],"scale":[2.0,2.0,2.0]}},"elements":[{"from":[3.9,2.4,3.9],"to":[12.1,10.6,12.1],"faces":{"north":{"uv":[10.0,2.75,12.0,4.75],"texture":"#6"},"east":{"uv":[8.0,2.75,10.0,4.75],"texture":"#6"},"south":{"uv":[14.0,2.75,16.0,4.75],"texture":"#6"},"west":{"uv":[12.0,2.75,14.0,4.75],"texture":"#6"},"up":{"uv":[10.0,2.75,12.0,0.75],"texture":"#6"},"down":{"uv":[8.0,0.75,10.0,2.75],"texture":"#6"}}}],"textures":{"6":"entity/villager/profession/cartographer"},"gui_light":"front"}