{"model":{"type":"minecraft:range_dispatch","property":"minecraft:custom_model_data","entries":[{"threshold":500.0,"model":{"model":"minecraft:d0955bb5-3d8f-45f7-9b2f-d80f9c6c9bf5","type":"minecraft:model"}},{"threshold":501.0,"model":{"model":"minecraft:2fa2cde6-d639-4958-9256-42f77a8bdc42","type":"minecraft:model"}},{"threshold":502.0,"model":{"model":"minecraft:f2a6962a-d4ba-487e-be27-5d6eb89265c6","type":"minecraft:model"}},{"threshold":503.0,"model":{"model":"minecraft:5f2dca61-5d3d-458d-a713-f881925d69f2","type":"minecraft:model"}},{"threshold":504.0,"model":{"model":"minecraft:d49736c2-e611-4aba-8b6d-add2cffa7884","type":"minecraft:model"}},{"threshold":505.0,"model":{"model":"minecraft:ffe41311-d329-4a6a-8d4f-d09f3ad5ac5b","type":"minecraft:model"}}],"scale":1.0,"fallback":{"type":"minecraft:model","model":"minecraft:item/book"}}}