{"model":{"type":"minecraft:range_dispatch","property":"minecraft:custom_model_data","entries":[{"threshold":1000.0,"model":{"model":"minecraft:0a389726-fe07-4d22-9570-4f98ddc7878e","type":"minecraft:model"}},{"threshold":13012.0,"model":{"model":"minecraft:2b1ba31f-b9c8-48bd-9bfa-8d9189310198","type":"minecraft:model"}},{"threshold":13017.0,"model":{"model":"minecraft:bcc6e2a6-fe2b-4d36-9f93-2b57b506ff9f","type":"minecraft:model"}}],"scale":1.0,"fallback":{"type":"minecraft:model","model":"minecraft:item/diamond_sword"}}}