{"model":{"type":"minecraft:range_dispatch","property":"minecraft:custom_model_data","fallback":{"type":"minecraft:select","cases":[{"model":{"type":"minecraft:model","model":"minecraft:item/leather_chestplate_quartz_trim","tints":[{"type":"minecraft:dye","default":-6265536}]},"when":"minecraft:quartz"},{"model":{"type":"minecraft:model","model":"minecraft:item/leather_chestplate_iron_trim","tints":[{"type":"minecraft:dye","default":-6265536}]},"when":"minecraft:iron"},{"model":{"type":"minecraft:model","model":"minecraft:item/leather_chestplate_netherite_trim","tints":[{"type":"minecraft:dye","default":-6265536}]},"when":"minecraft:netherite"},{"model":{"type":"minecraft:model","model":"minecraft:item/leather_chestplate_redstone_trim","tints":[{"type":"minecraft:dye","default":-6265536}]},"when":"minecraft:redstone"},{"model":{"type":"minecraft:model","model":"minecraft:item/leather_chestplate_copper_trim","tints":[{"type":"minecraft:dye","default":-6265536}]},"when":"minecraft:copper"},{"model":{"type":"minecraft:model","model":"minecraft:item/leather_chestplate_gold_trim","tints":[{"type":"minecraft:dye","default":-6265536}]},"when":"minecraft:gold"},{"model":{"type":"minecraft:model","model":"minecraft:item/leather_chestplate_emerald_trim","tints":[{"type":"minecraft:dye","default":-6265536}]},"when":"minecraft:emerald"},{"model":{"type":"minecraft:model","model":"minecraft:item/leather_chestplate_diamond_trim","tints":[{"type":"minecraft:dye","default":-6265536}]},"when":"minecraft:diamond"},{"model":{"type":"minecraft:model","model":"minecraft:item/leather_chestplate_lapis_trim","tints":[{"type":"minecraft:dye","default":-6265536}]},"when":"minecraft:lapis"},{"model":{"type":"minecraft:model","model":"minecraft:item/leather_chestplate_amethyst_trim","tints":[{"type":"minecraft:dye","default":-6265536}]},"when":"minecraft:amethyst"},{"model":{"type":"minecraft:model","model":"minecraft:item/leather_chestplate_resin_trim","tints":[{"type":"minecraft:dye","default":-6265536}]},"when":"minecraft:resin"}],"fallback":{"type":"minecraft:model","model":"minecraft:item/leather_chestplate","tints":[{"type":"minecraft:dye","default":-6265536}]},"property":"minecraft:trim_material"},"entries":[{"threshold":1000.0,"model":{"model":"minecraft:1ce3a49c-c34b-423b-b7b3-085ba72bb4d7","type":"minecraft:model"}},{"threshold":1001.0,"model":{"model":"minecraft:e53f6d0a-9c6f-4e16-838e-26f827596b07","type":"minecraft:model"}},{"threshold":1002.0,"model":{"model":"minecraft:af73af65-454d-46a8-98e9-8b7b04fa725d","type":"minecraft:model"}},{"threshold":1026.0,"model":{"model":"minecraft:97e77d69-4c5a-40f0-a907-78696f51b345","type":"minecraft:model"}},{"threshold":12001.0,"model":{"model":"minecraft:d7dd55c4-b47a-4201-8591-5a5f8077a6f2","type":"minecraft:model"}},{"threshold":13001.0,"model":{"model":"minecraft:e897448d-a484-4b94-85a0-6f252d17920c","type":"minecraft:model"}}]}}