{"model":{"type":"minecraft:range_dispatch","property":"minecraft:custom_model_data","entries":[{"threshold":1000.0,"model":{"model":"nexo:e54b0d82-f4ce-4150-b376-2337880fff87","type":"minecraft:model"}},{"threshold":1051.0,"model":{"model":"minecraft:5a826e34-ca43-41db-9261-48e22ef82edc","type":"minecraft:model"}},{"threshold":12006.0,"model":{"model":"minecraft:b6bfc358-b865-42b1-8522-7061719dc4ba","type":"minecraft:model"}},{"threshold":13006.0,"model":{"model":"minecraft:f0b47993-d87a-4832-8f2c-d92cd0919ace","type":"minecraft:model"}}],"scale":1.0,"fallback":{"type":"minecraft:model","model":"minecraft:item/netherite_shovel"}}}