{"model":{"type":"minecraft:range_dispatch","property":"minecraft:custom_model_data","entries":[{"threshold":1000.0,"model":{"model":"nexo:8a2d58bf-ca71-4b61-aee3-20fb4c318e63","type":"minecraft:model"}},{"threshold":1021.0,"model":{"model":"minecraft:ff2c5f4f-4ad9-48b4-9b49-4358810b02f3","type":"minecraft:model"}},{"threshold":12007.0,"model":{"model":"minecraft:92eaa432-a7d7-4503-8976-525b45a43c32","type":"minecraft:model"}},{"threshold":13007.0,"model":{"model":"minecraft:f1d3c8cc-0aa7-49a5-9956-34f19787c3c9","type":"minecraft:model"}}],"scale":1.0,"fallback":{"type":"minecraft:model","model":"minecraft:item/netherite_hoe"}}}