{"model":{"type":"minecraft:range_dispatch","property":"minecraft:custom_model_data","fallback":{"type":"minecraft:special","base":"minecraft:item/template_skull","model":{"type":"minecraft:head","kind":"player"}},"entries":[{"threshold":1.0,"model":{"type":"minecraft:special","base":"minecraft:faad933f-9d74-4017-8766-6278bba7ba07","model":{"type":"minecraft:head","kind":"player"}}},{"threshold":2.0,"model":{"type":"minecraft:special","base":"minecraft:0d7e0235-9403-41da-b79c-85bf8d481632","model":{"type":"minecraft:head","kind":"player"}}},{"threshold":3.0,"model":{"type":"minecraft:special","base":"minecraft:c1f00572-c9e8-413b-9f34-6e48f058d482","model":{"type":"minecraft:head","kind":"player"}}},{"threshold":4.0,"model":{"type":"minecraft:special","base":"minecraft:87c6e816-a361-4ac4-a5d0-fa6a5edd216d","model":{"type":"minecraft:head","kind":"player"}}},{"threshold":5.0,"model":{"type":"minecraft:special","base":"minecraft:fe17a5eb-66f3-42df-9002-b20b22e734ac","model":{"type":"minecraft:head","kind":"player"}}},{"threshold":6.0,"model":{"type":"minecraft:special","base":"minecraft:f201b636-40ac-4a51-886b-0a87ace562d1","model":{"type":"minecraft:head","kind":"player"}}},{"threshold":7.0,"model":{"type":"minecraft:special","base":"minecraft:6da36191-52cc-4dc6-a484-f288e45c37f5","model":{"type":"minecraft:head","kind":"player"}}},{"threshold":8.0,"model":{"type":"minecraft:special","base":"minecraft:9fa5dc66-51e9-4ab4-b200-f0e287a816ee","model":{"type":"minecraft:head","kind":"player"}}}]}}