{"parent":"item/generated","textures":{"layer0":"item/book"},"overrides":[{"predicate":{"custom_model_data":500},"model":"d0955bb5-3d8f-45f7-9b2f-d80f9c6c9bf5"},{"predicate":{"custom_model_data":501},"model":"2fa2cde6-d639-4958-9256-42f77a8bdc42"},{"predicate":{"custom_model_data":502},"model":"f2a6962a-d4ba-487e-be27-5d6eb89265c6"},{"predicate":{"custom_model_data":503},"model":"5f2dca61-5d3d-458d-a713-f881925d69f2"},{"predicate":{"custom_model_data":504},"model":"d49736c2-e611-4aba-8b6d-add2cffa7884"},{"predicate":{"custom_model_data":505},"model":"ffe41311-d329-4a6a-8d4f-d09f3ad5ac5b"}]}