{"parent":"item/generated","display":{"thirdperson_righthand":{"rotation":[-80.0,260.0,-40.0],"translation":[-1.0,-2.0,2.5],"scale":[0.9,0.9,0.9]},"thirdperson_lefthand":{"rotation":[-80.0,-280.0,40.0],"translation":[-1.0,-2.0,2.5],"scale":[0.9,0.9,0.9]},"firstperson_righthand":{"rotation":[0.0,-90.0,25.0],"translation":[1.13,3.2,1.13],"scale":[0.68,0.68,0.68]},"firstperson_lefthand":{"rotation":[0.0,90.0,-25.0],"translation":[1.13,3.2,1.13],"scale":[0.68,0.68,0.68]}},"textures":{"layer0":"item/bow"},"overrides":[{"predicate":{"pulling":1},"model":"item/bow_pulling_0"},{"predicate":{"pulling":1,"pull":0.65},"model":"item/bow_pulling_1"},{"predicate":{"pulling":1,"pull":0.9},"model":"item/bow_pulling_2"},{"predicate":{"custom_model_data":1012},"model":"nexus/bow"},{"predicate":{"pulling":1.0,"pull":0.0,"custom_model_data":1012},"model":"nexus/bow_0"},{"predicate":{"pulling":1.0,"pull":0.65,"custom_model_data":1012},"model":"nexus/bow_1"},{"predicate":{"pulling":1.0,"pull":0.9,"custom_model_data":1012},"model":"nexus/bow_2"},{"predicate":{"custom_model_data":9001},"model":"neotech/neotech_bow"},{"predicate":{"pulling":1.0,"pull":0.0,"custom_model_data":9001},"model":"neotech/neotech_bow_0"},{"predicate":{"pulling":1.0,"pull":0.65,"custom_model_data":9001},"model":"neotech/neotech_bow_1"},{"predicate":{"pulling":1.0,"pull":0.9,"custom_model_data":9001},"model":"neotech/neotech_bow_2"},{"predicate":{"custom_model_data":12011},"model":"shadow_bat_pack/bow"},{"predicate":{"pulling":1.0,"pull":0.0,"custom_model_data":12011},"model":"shadow_bat_pack/bow_0"},{"predicate":{"pulling":1.0,"pull":0.65,"custom_model_data":12011},"model":"shadow_bat_pack/bow_1"},{"predicate":{"pulling":1.0,"pull":0.9,"custom_model_data":12011},"model":"shadow_bat_pack/bow_2"},{"predicate":{"custom_model_data":13010},"model":"starlight/bow"},{"predicate":{"pulling":1.0,"pull":0.0,"custom_model_data":13010},"model":"starlight/bow_0"},{"predicate":{"pulling":1.0,"pull":0.65,"custom_model_data":13010},"model":"starlight/bow_1"},{"predicate":{"pulling":1.0,"pull":0.9,"custom_model_data":13010},"model":"starlight/bow_2"}]}