{"parent":"item/generated","textures":{"layer0":"item/chainmail_leggings"},"overrides":[{"predicate":{"trim_type":0.1},"model":"item/chainmail_leggings_quartz_trim"},{"predicate":{"trim_type":0.2},"model":"item/chainmail_leggings_iron_trim"},{"predicate":{"trim_type":0.3},"model":"item/chainmail_leggings_netherite_trim"},{"predicate":{"trim_type":0.4},"model":"item/chainmail_leggings_redstone_trim"},{"predicate":{"trim_type":0.5},"model":"item/chainmail_leggings_copper_trim"},{"predicate":{"trim_type":0.6},"model":"item/chainmail_leggings_gold_trim"},{"predicate":{"trim_type":0.7},"model":"item/chainmail_leggings_emerald_trim"},{"predicate":{"trim_type":0.8},"model":"item/chainmail_leggings_diamond_trim"},{"predicate":{"trim_type":0.9},"model":"item/chainmail_leggings_lapis_trim"},{"predicate":{"trim_type":1.0},"model":"item/chainmail_leggings_amethyst_trim"},{"predicate":{"custom_model_data":1000},"model":"emerald_leggings"},{"predicate":{"custom_model_data":1001},"model":"obsidian_leggings"},{"predicate":{"custom_model_data":1002},"model":"ruby_leggings"},{"predicate":{"custom_model_data":1003},"model":"forest_leggings"},{"predicate":{"custom_model_data":1025},"model":"nexus_leggings"},{"predicate":{"custom_model_data":12002},"model":"shadowbat_leggings"},{"predicate":{"custom_model_data":13002},"model":"starlight_leggings"}]}