{"parent":"item/generated","display":{"thirdperson_righthand":{"rotation":[-90.0,0.0,-60.0],"translation":[2.0,0.1,-3.0],"scale":[0.9,0.9,0.9]},"thirdperson_lefthand":{"rotation":[-90.0,0.0,30.0],"translation":[2.0,0.1,-3.0],"scale":[0.9,0.9,0.9]},"firstperson_righthand":{"rotation":[-90.0,0.0,-55.0],"translation":[1.13,3.2,1.13],"scale":[0.68,0.68,0.68]},"firstperson_lefthand":{"rotation":[-90.0,0.0,35.0],"translation":[1.13,3.2,1.13],"scale":[0.68,0.68,0.68]}},"textures":{"layer0":"item/crossbow_standby"},"overrides":[{"predicate":{"pulling":1},"model":"item/crossbow_pulling_0"},{"predicate":{"pulling":1,"pull":0.58},"model":"item/crossbow_pulling_1"},{"predicate":{"pulling":1,"pull":1.0},"model":"item/crossbow_pulling_2"},{"predicate":{"charged":1},"model":"item/crossbow_arrow"},{"predicate":{"charged":1,"firework":1},"model":"item/crossbow_firework"},{"predicate":{"custom_model_data":1013},"model":"b06c60a1-9e33-4610-9339-b5f61a6ea9c8"},{"predicate":{"pulling":1.0,"pull":0.0,"custom_model_data":1013},"model":"5d833718-c95c-428b-9ec9-26113bb3f627"},{"predicate":{"pulling":1.0,"pull":0.65,"custom_model_data":1013},"model":"55954b93-c5ad-4ce0-9fb8-bdde8aeaff6d"},{"predicate":{"pulling":1.0,"pull":0.9,"custom_model_data":1013},"model":"90b7f1e7-5f4c-414b-bdef-6d3e94e2a6b1"},{"predicate":{"custom_model_data":12010},"model":"791cc49b-398e-4b1b-8137-5b02c6f2d55a"},{"predicate":{"charged":1.0,"custom_model_data":12010},"model":"08c60d18-1757-44b9-8d5e-ce7e05c8c730"},{"predicate":{"firework":1.0,"custom_model_data":12010},"model":"cb2ec151-5b1b-43fa-8b13-3bdf2528c8e2"},{"predicate":{"pulling":1.0,"pull":0.0,"custom_model_data":12010},"model":"11b5c82a-57f8-467f-9939-dac7d83d21be"},{"predicate":{"pulling":1.0,"pull":0.65,"custom_model_data":12010},"model":"db4f8d2c-7868-4b91-ab37-c03acec3d185"},{"predicate":{"pulling":1.0,"pull":0.9,"custom_model_data":12010},"model":"45f8a86e-6188-4fe4-8f86-63e88f13a51e"}]}