{"parent":"item/generated","textures":{"layer0":"item/leather_boots","layer1":"item/leather_boots_overlay"},"overrides":[{"predicate":{"trim_type":0.1},"model":"item/leather_boots_quartz_trim"},{"predicate":{"trim_type":0.2},"model":"item/leather_boots_iron_trim"},{"predicate":{"trim_type":0.3},"model":"item/leather_boots_netherite_trim"},{"predicate":{"trim_type":0.4},"model":"item/leather_boots_redstone_trim"},{"predicate":{"trim_type":0.5},"model":"item/leather_boots_copper_trim"},{"predicate":{"trim_type":0.6},"model":"item/leather_boots_gold_trim"},{"predicate":{"trim_type":0.7},"model":"item/leather_boots_emerald_trim"},{"predicate":{"trim_type":0.8},"model":"item/leather_boots_diamond_trim"},{"predicate":{"trim_type":0.9},"model":"item/leather_boots_lapis_trim"},{"predicate":{"trim_type":1.0},"model":"item/leather_boots_amethyst_trim"},{"predicate":{"custom_model_data":1000},"model":"emerald_boots"},{"predicate":{"custom_model_data":1001},"model":"obsidian_boots"},{"predicate":{"custom_model_data":1002},"model":"ruby_boots"},{"predicate":{"custom_model_data":1027},"model":"nexus_boots"},{"predicate":{"custom_model_data":12003},"model":"shadowbat_boots"},{"predicate":{"custom_model_data":13003},"model":"starlight_boots"}]}