{"parent":"item/generated","textures":{"layer0":"item/leather_leggings","layer1":"item/leather_leggings_overlay"},"overrides":[{"predicate":{"trim_type":0.1},"model":"item/leather_leggings_quartz_trim"},{"predicate":{"trim_type":0.2},"model":"item/leather_leggings_iron_trim"},{"predicate":{"trim_type":0.3},"model":"item/leather_leggings_netherite_trim"},{"predicate":{"trim_type":0.4},"model":"item/leather_leggings_redstone_trim"},{"predicate":{"trim_type":0.5},"model":"item/leather_leggings_copper_trim"},{"predicate":{"trim_type":0.6},"model":"item/leather_leggings_gold_trim"},{"predicate":{"trim_type":0.7},"model":"item/leather_leggings_emerald_trim"},{"predicate":{"trim_type":0.8},"model":"item/leather_leggings_diamond_trim"},{"predicate":{"trim_type":0.9},"model":"item/leather_leggings_lapis_trim"},{"predicate":{"trim_type":1.0},"model":"item/leather_leggings_amethyst_trim"},{"predicate":{"custom_model_data":1000},"model":"a0b175ce-5539-4b53-8de9-d837b6655334"},{"predicate":{"custom_model_data":1001},"model":"63df23ef-9dc2-45c0-98df-5b6dd162d25a"},{"predicate":{"custom_model_data":1002},"model":"6dc9848b-9e09-446c-bbc1-5203e2167196"},{"predicate":{"custom_model_data":1025},"model":"bdb6e2fc-178c-47dc-b75e-83168b70b5a9"},{"predicate":{"custom_model_data":12002},"model":"075eecc1-88f0-4688-9ac0-0762e1f53508"},{"predicate":{"custom_model_data":13002},"model":"1a5532ae-2ead-414e-b0c6-c7fcb9a41761"}]}