{"parent":"item/generated","textures":{"layer0":"item/leather_chestplate","layer1":"item/leather_chestplate_overlay"},"overrides":[{"predicate":{"trim_type":0.1},"model":"item/leather_chestplate_quartz_trim"},{"predicate":{"trim_type":0.2},"model":"item/leather_chestplate_iron_trim"},{"predicate":{"trim_type":0.3},"model":"item/leather_chestplate_netherite_trim"},{"predicate":{"trim_type":0.4},"model":"item/leather_chestplate_redstone_trim"},{"predicate":{"trim_type":0.5},"model":"item/leather_chestplate_copper_trim"},{"predicate":{"trim_type":0.6},"model":"item/leather_chestplate_gold_trim"},{"predicate":{"trim_type":0.7},"model":"item/leather_chestplate_emerald_trim"},{"predicate":{"trim_type":0.8},"model":"item/leather_chestplate_diamond_trim"},{"predicate":{"trim_type":0.9},"model":"item/leather_chestplate_lapis_trim"},{"predicate":{"trim_type":1.0},"model":"item/leather_chestplate_amethyst_trim"},{"predicate":{"custom_model_data":1000},"model":"1ce3a49c-c34b-423b-b7b3-085ba72bb4d7"},{"predicate":{"custom_model_data":1001},"model":"e53f6d0a-9c6f-4e16-838e-26f827596b07"},{"predicate":{"custom_model_data":1002},"model":"af73af65-454d-46a8-98e9-8b7b04fa725d"},{"predicate":{"custom_model_data":1026},"model":"97e77d69-4c5a-40f0-a907-78696f51b345"},{"predicate":{"custom_model_data":12001},"model":"d7dd55c4-b47a-4201-8591-5a5f8077a6f2"},{"predicate":{"custom_model_data":13001},"model":"e897448d-a484-4b94-85a0-6f252d17920c"}]}