{"parent":"item/generated","textures":{"layer0":"item/leather_boots","layer1":"item/leather_boots_overlay"},"overrides":[{"predicate":{"trim_type":0.1},"model":"item/leather_boots_quartz_trim"},{"predicate":{"trim_type":0.2},"model":"item/leather_boots_iron_trim"},{"predicate":{"trim_type":0.3},"model":"item/leather_boots_netherite_trim"},{"predicate":{"trim_type":0.4},"model":"item/leather_boots_redstone_trim"},{"predicate":{"trim_type":0.5},"model":"item/leather_boots_copper_trim"},{"predicate":{"trim_type":0.6},"model":"item/leather_boots_gold_trim"},{"predicate":{"trim_type":0.7},"model":"item/leather_boots_emerald_trim"},{"predicate":{"trim_type":0.8},"model":"item/leather_boots_diamond_trim"},{"predicate":{"trim_type":0.9},"model":"item/leather_boots_lapis_trim"},{"predicate":{"trim_type":1.0},"model":"item/leather_boots_amethyst_trim"},{"predicate":{"custom_model_data":1000},"model":"56791199-2213-4c20-89ea-9a39f77d7f70"},{"predicate":{"custom_model_data":1001},"model":"f2002a1f-de6a-4135-9573-f436a06a230c"},{"predicate":{"custom_model_data":1002},"model":"7ce2b23c-9088-4111-ade5-7a19ddbf3ee2"},{"predicate":{"custom_model_data":1027},"model":"d8c45b51-fb70-4ead-8e94-5577649c1639"},{"predicate":{"custom_model_data":12003},"model":"c6fd39ed-618d-47a9-bf3b-395cce4d3bcb"},{"predicate":{"custom_model_data":13003},"model":"5411d9a9-ea74-4b44-8b11-1a1780e87d18"}]}