{"parent":"item/generated","textures":{"layer0":"item/leather_horse_armor"},"overrides":[{"predicate":{"custom_model_data":1},"model":"modelengine:aefa3f30-871b-46a1-b9c5-927ffb2c601c"},{"predicate":{"custom_model_data":2},"model":"modelengine:18770a74-f92a-4a60-8b20-bd7f11aca3d1"},{"predicate":{"custom_model_data":3},"model":"modelengine:58b4e344-1aa0-4662-b2d8-75cd60ddebb1"},{"predicate":{"custom_model_data":4},"model":"modelengine:f6606033-f147-4ed8-8157-e5ce95fbe428"},{"predicate":{"custom_model_data":5},"model":"modelengine:f3fc6cb8-32c6-4be4-8fb5-2dd90514207b"},{"predicate":{"custom_model_data":6},"model":"modelengine:03a264f8-89e3-4027-b724-a30304e8f276"},{"predicate":{"custom_model_data":7},"model":"modelengine:3ff4485a-880a-4e2e-bea9-71a047df8030"},{"predicate":{"custom_model_data":8},"model":"modelengine:b0f7124a-e03c-4c4f-9bb9-a9dad499dfd2"},{"predicate":{"custom_model_data":9},"model":"modelengine:1ee09983-b4a7-48b7-9d4f-9342c05da00b"},{"predicate":{"custom_model_data":10},"model":"modelengine:da945918-b831-46b6-9666-64f26ad2f8d1"},{"predicate":{"custom_model_data":11},"model":"modelengine:e39035b3-7e0f-4909-9b66-c8957d3e03a2"},{"predicate":{"custom_model_data":12},"model":"modelengine:196cc1a9-6362-481f-94fe-ef2909b336fe"},{"predicate":{"custom_model_data":13},"model":"modelengine:750d66f8-27a3-40a0-b853-51c809017171"},{"predicate":{"custom_model_data":14},"model":"modelengine:91a53801-6d77-45c3-b147-4033bb8d5b69"},{"predicate":{"custom_model_data":15},"model":"modelengine:d57e5524-6a46-4cd6-af2d-7db77cc853e5"},{"predicate":{"custom_model_data":16},"model":"modelengine:39b8a8cc-bb59-4a65-8962-3d48e9f777ae"},{"predicate":{"custom_model_data":17},"model":"modelengine:01ec6f10-27ba-4c45-bbd2-511abb86bb68"},{"predicate":{"custom_model_data":18},"model":"modelengine:51729974-ca3b-4fa5-a4d1-e45830e9c50c"},{"predicate":{"custom_model_data":19},"model":"modelengine:2fde279d-8eec-4360-a505-7b17484f0af7"},{"predicate":{"custom_model_data":20},"model":"modelengine:8dd0445c-0e4b-4b18-994f-f1da6e3c36db"},{"predicate":{"custom_model_data":21},"model":"modelengine:784ec0ca-0244-407d-b36d-d82a920b9c97"},{"predicate":{"custom_model_data":22},"model":"modelengine:4a252e79-ca41-47c6-87f0-d14280a7fbcc"},{"predicate":{"custom_model_data":23},"model":"modelengine:ae99d452-9e5f-4121-973a-3e26e0230dcd"},{"predicate":{"custom_model_data":24},"model":"modelengine:9095ecd1-0eef-4722-8432-323c186f98dd"},{"predicate":{"custom_model_data":25},"model":"modelengine:9e0e5c35-3371-498d-bbce-39b9423cb4af"},{"predicate":{"custom_model_data":26},"model":"modelengine:4f7fb247-6e04-4862-b7c0-01e57e3c345d"},{"predicate":{"custom_model_data":27},"model":"modelengine:4cf2f0e3-992b-42a8-a4f8-8f96348db7bd"},{"predicate":{"custom_model_data":28},"model":"modelengine:845bb9b5-f190-48b7-a7e0-0bd269748b80"},{"predicate":{"custom_model_data":29},"model":"modelengine:41a46e62-531e-4c2c-a10b-d7eb1be90d51"},{"predicate":{"custom_model_data":30},"model":"modelengine:126f1e95-5081-4de3-9d82-0e4f1d26731b"},{"predicate":{"custom_model_data":31},"model":"modelengine:c6b44c6e-c971-4383-a58c-a96f00a2bb4b"}]}