{"parent":"item/generated","textures":{"layer0":"item/leather_helmet","layer1":"item/leather_helmet_overlay"},"overrides":[{"predicate":{"trim_type":0.1},"model":"item/leather_helmet_quartz_trim"},{"predicate":{"trim_type":0.2},"model":"item/leather_helmet_iron_trim"},{"predicate":{"trim_type":0.3},"model":"item/leather_helmet_netherite_trim"},{"predicate":{"trim_type":0.4},"model":"item/leather_helmet_redstone_trim"},{"predicate":{"trim_type":0.5},"model":"item/leather_helmet_copper_trim"},{"predicate":{"trim_type":0.6},"model":"item/leather_helmet_gold_trim"},{"predicate":{"trim_type":0.7},"model":"item/leather_helmet_emerald_trim"},{"predicate":{"trim_type":0.8},"model":"item/leather_helmet_diamond_trim"},{"predicate":{"trim_type":0.9},"model":"item/leather_helmet_lapis_trim"},{"predicate":{"trim_type":1.0},"model":"item/leather_helmet_amethyst_trim"},{"predicate":{"custom_model_data":1000},"model":"3bd8d68f-3326-4f41-8ba2-361dff2c3c94"},{"predicate":{"custom_model_data":1001},"model":"b1891949-98c2-400f-8036-8107f7e3b12f"},{"predicate":{"custom_model_data":1002},"model":"fbb6392c-f04d-48b5-91ef-fee7c5c56bed"},{"predicate":{"custom_model_data":1024},"model":"1075dac1-f85a-4ea5-8834-401418d42f28"},{"predicate":{"custom_model_data":12000},"model":"b8b21c98-cb8b-45e6-b290-6134e03afdac"},{"predicate":{"custom_model_data":13000},"model":"526598f5-52ef-431e-aa0d-184cac607342"}]}