{"parent":"item/handheld","textures":{"layer0":"item/netherite_axe"},"overrides":[{"predicate":{"custom_model_data":1000},"model":"nexo:7df899c3-07a4-4170-8031-00c4bfcfb31b"},{"predicate":{"custom_model_data":1011},"model":"9d4ff967-73ee-44db-962c-33cd9dc8c96f"},{"predicate":{"custom_model_data":1032},"model":"105a1310-7f9c-4b54-a052-61471e4962c5"},{"predicate":{"custom_model_data":9000},"model":"570d5d8f-b17d-4b00-ab50-f9e3645c653a"},{"predicate":{"custom_model_data":12004},"model":"90525df7-794f-4a37-8e66-4ecab030ae6c"},{"predicate":{"custom_model_data":12016},"model":"04f03955-fa9c-46ca-8ec0-9afde2a70ba2"},{"predicate":{"custom_model_data":13004},"model":"43614d0e-8d8a-444a-8ea5-ddb3a113e6af"},{"predicate":{"custom_model_data":13008},"model":"902d75cf-f0a4-4594-80dd-06981e9d87bd"},{"predicate":{"custom_model_data":13015},"model":"f9f68745-b680-469c-a921-78f4c1c302c0"}]}