{"parent":"item/handheld","textures":{"layer0":"item/netherite_pickaxe"},"overrides":[{"predicate":{"custom_model_data":1000},"model":"nexo:da689afe-e4dd-48e2-82e7-872fa9729b2a"},{"predicate":{"custom_model_data":1050},"model":"fbbbfd9f-0fd3-4c38-a5b1-d5d0a2445804"},{"predicate":{"custom_model_data":2000},"model":"b760442d-ade4-4072-8f79-b895ae9d3617"},{"predicate":{"custom_model_data":2001},"model":"bde5828d-07b9-4b8b-a86b-42a4e54f59f2"},{"predicate":{"custom_model_data":2002},"model":"6593af84-cb2c-42e2-ae57-ae405fc47188"},{"predicate":{"custom_model_data":2003},"model":"20a7ca7d-01cf-4652-b808-78c9ade18b93"},{"predicate":{"custom_model_data":2004},"model":"9e6fd58a-8d1c-4ad3-844e-ed3b77198ab0"},{"predicate":{"custom_model_data":12005},"model":"cb4e9687-4604-4482-91e1-2e98d6270da1"},{"predicate":{"custom_model_data":13005},"model":"3c3b661d-2c0d-44d6-a49e-6c793ebbf522"},{"predicate":{"custom_model_data":935001},"model":"746a0493-c989-4f98-9641-4b04e2959a6c"}]}