{"parent":"item/handheld","textures":{"layer0":"item/netherite_sword"},"overrides":[{"predicate":{"custom_model_data":1000},"model":"nexo:4ff68c98-f6d9-456b-80c7-f3b9a66a7031"},{"predicate":{"custom_model_data":1031},"model":"6956b1ee-c043-47b7-9e02-de10e64f29eb"},{"predicate":{"custom_model_data":1033},"model":"5842d123-052c-4867-a35a-59167c61df40"},{"predicate":{"custom_model_data":1037},"model":"ddbf8262-8689-4c25-b920-61af245536fb"},{"predicate":{"custom_model_data":1038},"model":"c1c2e1b5-11d9-40dd-abff-b7f0e1feb47c"},{"predicate":{"custom_model_data":9002},"model":"7f4cd393-aaf5-48db-b51a-ce384aec32a3"},{"predicate":{"custom_model_data":9003},"model":"606700b5-8950-44d1-8128-67c0bf4140fe"},{"predicate":{"custom_model_data":9004},"model":"cc721519-e5ae-4c68-8acf-2f9bebac753d"},{"predicate":{"custom_model_data":12008},"model":"47cbaa00-2ac0-4b11-862f-7a257598ca67"},{"predicate":{"custom_model_data":12012},"model":"a1e585d4-bcc2-4636-8f85-56a854e6ab20"},{"predicate":{"custom_model_data":13011},"model":"6370c7e2-04fc-4e97-b250-01719cc947e2"},{"predicate":{"custom_model_data":13016},"model":"0f97f0e0-5ff1-4ef6-b3e4-17e9ee1c379e"},{"predicate":{"custom_model_data":935002},"model":"523d2445-c854-45a5-8283-b9c17a1eb6e7"}]}