{"parent":"item/generated","textures":{"layer0":"item/paper"},"overrides":[{"predicate":{"custom_model_data":1000},"model":"b30d6f15-a326-4bf4-a087-e6bb547fddcb"},{"predicate":{"custom_model_data":1001},"model":"nexo:69ef8895-8187-414c-8f20-83f9195be471"},{"predicate":{"custom_model_data":1002},"model":"2c3e4b29-861d-4ea1-8302-2c806e0f7344"},{"predicate":{"custom_model_data":1003},"model":"d1f39be5-bc50-4850-86ed-a0a81573e8f4"},{"predicate":{"custom_model_data":1004},"model":"7af35aef-872b-401d-82e4-47afa1c7fefd"},{"predicate":{"custom_model_data":1005},"model":"a0fe7486-5b8b-4fe0-8d4f-4ce3d2d3269b"},{"predicate":{"custom_model_data":1006},"model":"35157d02-f715-494d-87b3-bb46ba708bbe"},{"predicate":{"custom_model_data":1007},"model":"0acffe13-f802-45f2-827a-b12b324b9d41"},{"predicate":{"custom_model_data":1008},"model":"3775b262-a219-46d1-8f31-5f610016a377"},{"predicate":{"custom_model_data":1009},"model":"nexo:34f2929e-c5cc-49e4-8241-32f753057fa2"},{"predicate":{"custom_model_data":1010},"model":"nexo:e216afd4-b8ac-4f67-a583-3e8930f7b13d"},{"predicate":{"custom_model_data":1011},"model":"nexo:bad7aee2-fae0-40a5-b89c-5d6191b3629c"},{"predicate":{"custom_model_data":1012},"model":"nexo:5678c132-e8b7-4292-b9bf-56b801f78ad1"},{"predicate":{"custom_model_data":1013},"model":"nexo:b64d55a6-d38c-4500-a439-8dee2640e900"},{"predicate":{"custom_model_data":1014},"model":"b0e141a9-0c94-49fd-8cad-5e6ccf0e5f14"},{"predicate":{"custom_model_data":1015},"model":"7ef6cada-c13d-47a8-a314-db6bd36750fe"},{"predicate":{"custom_model_data":1016},"model":"4411e6ec-29df-4459-a264-7d14fcedd3e8"},{"predicate":{"custom_model_data":1030},"model":"3e49a402-8def-4ad7-ab24-f21b860f1619"},{"predicate":{"custom_model_data":1070},"model":"5ef7c7bf-d530-4d47-9884-4bc2d553652e"},{"predicate":{"custom_model_data":11000},"model":"cbdf9e1d-7a5e-4b6b-830d-9422470ef3a8"},{"predicate":{"custom_model_data":11001},"model":"097460b5-45ba-4319-9d30-4de48ba48ce0"},{"predicate":{"custom_model_data":11002},"model":"6e2c8c9a-c7c4-4a2a-b648-fa25ff2e142b"},{"predicate":{"custom_model_data":11003},"model":"c6310242-fc18-4bc1-8e53-5764922011da"},{"predicate":{"custom_model_data":11004},"model":"8f5e4612-1351-4382-9719-09562c954310"},{"predicate":{"custom_model_data":11005},"model":"10563f67-eb2e-4dab-9918-fe15385416c3"},{"predicate":{"custom_model_data":11006},"model":"495dcfb3-9461-4d82-8674-90f45bd22082"},{"predicate":{"custom_model_data":11007},"model":"cb2fa82e-08e7-45c7-8f59-fffb1881f4bc"},{"predicate":{"custom_model_data":11008},"model":"212806fc-f673-42be-8fd3-138a1235fb48"},{"predicate":{"custom_model_data":11009},"model":"bf440837-1562-43ee-9fe7-022663366cc7"},{"predicate":{"custom_model_data":11010},"model":"37717397-8ed7-4c44-99ee-010514db51bb"},{"predicate":{"custom_model_data":11011},"model":"8b0c18d1-c76d-49c3-bd58-9569a86488a2"},{"predicate":{"custom_model_data":11012},"model":"69b653d8-e4b0-4fdf-a5ef-7074ec8a7fa8"},{"predicate":{"custom_model_data":11013},"model":"cd0bc0eb-3e36-47d3-8487-9fda5f1dd5ee"},{"predicate":{"custom_model_data":12014},"model":"50bbe5e1-716c-4af1-858a-1f2d145fd090"},{"predicate":{"custom_model_data":12015},"model":"ad21ee5c-eeeb-433c-8630-1e6cca607055"},{"predicate":{"custom_model_data":12018},"model":"fd1eca25-907e-4ca5-95ce-780ae7bd26be"},{"predicate":{"custom_model_data":13014},"model":"8043c414-4d8c-4f9c-b3b7-6b15636cb01c"},{"predicate":{"custom_model_data":13019},"model":"29b9ddab-49d1-408a-811d-cd727b4af7cb"}]}