{"parent":"item/template_skull","overrides":[{"predicate":{"custom_model_data":1},"model":"faad933f-9d74-4017-8766-6278bba7ba07"},{"predicate":{"custom_model_data":2},"model":"0d7e0235-9403-41da-b79c-85bf8d481632"},{"predicate":{"custom_model_data":3},"model":"c1f00572-c9e8-413b-9f34-6e48f058d482"},{"predicate":{"custom_model_data":4},"model":"87c6e816-a361-4ac4-a5d0-fa6a5edd216d"},{"predicate":{"custom_model_data":5},"model":"fe17a5eb-66f3-42df-9002-b20b22e734ac"},{"predicate":{"custom_model_data":6},"model":"f201b636-40ac-4a51-886b-0a87ace562d1"},{"predicate":{"custom_model_data":7},"model":"6da36191-52cc-4dc6-a484-f288e45c37f5"},{"predicate":{"custom_model_data":8},"model":"9fa5dc66-51e9-4ab4-b200-f0e287a816ee"}]}