{"parent":"item/generated","textures":{"layer0":"item/potion_overlay","layer1":"item/potion"},"overrides":[{"predicate":{"custom_model_data":12018},"model":"075286fd-c74f-472c-917e-b912e4475b15"},{"predicate":{"custom_model_data":8390008},"model":"cb597877-2cc6-46c0-9fd8-95ccc3560d06"},{"predicate":{"custom_model_data":8390009},"model":"7b23a502-aa2b-430d-adba-2fb9e2956515"},{"predicate":{"custom_model_data":8390010},"model":"032907aa-228a-4289-9d99-a093d621afe2"},{"predicate":{"custom_model_data":8390011},"model":"9a2be07c-571b-4a16-832d-0848d722e4ec"},{"predicate":{"custom_model_data":9923354},"model":"e5f677ca-da76-4661-874d-1a942e04a248"},{"predicate":{"custom_model_data":9923355},"model":"0abc34b5-8856-40a0-b454-8e95952375be"},{"predicate":{"custom_model_data":9923356},"model":"3525e587-f1ee-46f0-9a01-6cc7f4e2d1ba"}]}