{"display":{"firstperson_righthand":{"translation":[0.5,0.0,0.0]},"gui":{"rotation":[0.0,-93.0,0.0],"translation":[0.0,-3.25,0.0]},"head":{"translation":[-6.25,-4.75,-1.25]},"fixed":{"translation":[0.0,-3.0,0.0]}},"elements":[{"from":[5.0,11.0,9.0],"to":[6.0,13.0,11.0],"faces":{"north":{"uv":[7.5,7.0,8.0,8.0],"texture":"#0"},"east":{"uv":[2.5,7.0,3.5,8.0],"texture":"#0"},"south":{"uv":[8.0,0.0,8.5,1.0],"texture":"#0"},"west":{"uv":[7.0,4.5,8.0,5.5],"texture":"#0"},"up":{"uv":[8.5,2.0,8.0,1.0],"texture":"#0"},"down":{"uv":[8.5,2.0,8.0,3.0],"texture":"#0"}}},{"from":[6.0,11.0,2.0],"to":[7.0,14.0,8.0],"faces":{"north":{"uv":[7.0,7.0,7.5,8.5],"texture":"#0"},"east":{"uv":[3.5,0.0,6.5,1.5],"texture":"#0"},"south":{"uv":[7.5,0.0,8.0,1.5],"texture":"#0"},"west":{"uv":[3.5,1.5,6.5,3.0],"texture":"#0"},"up":{"uv":[1.0,10.0,0.5,7.0],"texture":"#0"},"down":{"uv":[1.5,7.0,1.0,10.0],"texture":"#0"}}},{"from":[6.0,10.0,8.0],"to":[7.0,14.0,11.0],"faces":{"north":{"uv":[1.5,7.0,2.0,9.0],"texture":"#0"},"east":{"uv":[3.5,6.0,5.0,8.0],"texture":"#0"},"south":{"uv":[2.0,7.0,2.5,9.0],"texture":"#0"},"west":{"uv":[5.0,6.0,6.5,8.0],"texture":"#0"},"up":{"uv":[7.5,7.0,7.0,5.5],"texture":"#0"},"down":{"uv":[7.0,7.0,6.5,8.5],"texture":"#0"}}},{"from":[7.0,9.0,6.0],"to":[8.0,16.0,13.0],"faces":{"north":{"uv":[6.5,0.0,7.0,3.5],"texture":"#0"},"east":{"uv":[0.0,0.0,3.5,3.5],"texture":"#0"},"south":{"uv":[6.5,3.5,7.0,7.0],"texture":"#0"},"west":{"uv":[0.0,3.5,3.5,7.0],"texture":"#0"},"up":{"uv":[0.5,10.5,0.0,7.0],"texture":"#0"},"down":{"uv":[7.5,0.0,7.0,3.5],"texture":"#0"}}},{"from":[7.0,11.0,2.0],"to":[13.0,14.0,3.0],"faces":{"north":{"uv":[3.5,3.0,6.5,4.5],"texture":"#0"},"east":{"uv":[7.5,1.5,8.0,3.0],"texture":"#0"},"south":{"uv":[3.5,4.5,6.5,6.0],"texture":"#0"},"west":{"uv":[7.5,5.5,8.0,7.0],"texture":"#0"},"up":{"uv":[10.0,4.0,7.0,3.5],"texture":"#0"},"down":{"uv":[10.0,4.0,7.0,4.5],"texture":"#0"}}}],"textures":{"particle":"clockwork/colors","0":"clockwork/colors"}}