{"display":{"head":{},"firstperson_righthand":{},"thirdperson_lefthand":{},"firstperson_lefthand":{},"fixed":{},"ground":{},"thirdperson_righthand":{},"gui":{"rotation":[-150.0,-45.0,180.0]}},"elements":[{"from":[1.1004105,-8.84971,0.33319998],"to":[14.358761,8.091518,13.59155],"faces":{"east":{"uv":[5.0,5.375,5.40625,5.90625],"texture":"#0","tintindex":0},"south":{"uv":[5.5,0.0,5.90625,0.53125],"texture":"#0","tintindex":0},"north":{"uv":[4.5,5.375,4.90625,5.90625],"texture":"#0","tintindex":0},"west":{"uv":[5.5,2.5,5.90625,3.03125],"texture":"#0","tintindex":0},"up":{"uv":[6.65625,3.78125,6.25,3.375],"texture":"#0","tintindex":0},"down":{"uv":[6.40625,6.25,6.0,6.65625],"texture":"#0","tintindex":0}}},{"from":[1.8369799,-8.84971,1.0697699],"to":[13.62218,8.091518,12.85497],"faces":{"east":{"uv":[6.0,1.75,6.375,2.28125],"texture":"#0","tintindex":0},"south":{"uv":[6.0,2.375,6.375,2.90625],"texture":"#0","tintindex":0},"north":{"uv":[6.0,0.0,6.375,0.53125],"texture":"#0","tintindex":0},"west":{"uv":[2.5,6.0,2.875,6.53125],"texture":"#0","tintindex":0},"up":{"uv":[0.375,6.5,0.0,6.125],"texture":"#0","tintindex":0},"down":{"uv":[6.75,5.0,6.375,5.375],"texture":"#0","tintindex":0}}}],"textures":{"particle":"#0","0":"modelengine:272a9ee3-b415-4caa-a388-6635dd9e7b52"}}