{"display":{"head":{},"firstperson_righthand":{},"thirdperson_lefthand":{},"firstperson_lefthand":{},"fixed":{},"ground":{},"thirdperson_righthand":{},"gui":{"rotation":[-150.0,-45.0,180.0]}},"elements":[{"from":[-2.1615715,-8.437832,1.0697699],"to":[7.41391,13.585754,12.85497],"faces":{"east":{"uv":[2.625,4.5,3.0,5.1875],"texture":"#0","tintindex":0},"south":{"uv":[5.625,1.75,5.9375,2.4375],"texture":"#0","tintindex":0},"north":{"uv":[5.625,1.0,5.9375,1.6875],"texture":"#0","tintindex":0},"west":{"uv":[3.0,4.5,3.375,5.1875],"texture":"#0","tintindex":0},"up":{"uv":[7.0625,3.375,6.75,3.0],"texture":"#0","tintindex":0},"down":{"uv":[7.0625,3.375,6.75,3.75],"texture":"#0","tintindex":0}}},{"from":[-2.8117657,19.585754,-1.9302301],"to":[1.7637043,25.585754,0.85497],"faces":{"east":{"uv":[5.21875,8.25,5.125,8.4375],"texture":"#0","tintindex":0},"south":{"uv":[7.78125,5.875,7.625,6.0625],"texture":"#0","tintindex":0},"north":{"uv":[7.78125,5.625,7.625,5.8125],"texture":"#0","tintindex":0},"west":{"uv":[5.09375,8.25,5.0,8.4375],"texture":"#0","tintindex":0},"up":{"uv":[8.375,2.21875,8.53125,2.125],"texture":"#0","tintindex":0},"down":{"uv":[8.375,2.25,8.53125,2.34375],"texture":"#0","tintindex":0}}},{"from":[4.1882343,19.585754,12.06977],"to":[7.7637043,25.585754,14.85497],"faces":{"east":{"uv":[6.21875,8.25,6.125,8.4375],"texture":"#0","tintindex":0},"south":{"uv":[8.125,3.25,8.0,3.4375],"texture":"#0","tintindex":0},"north":{"uv":[3.0,8.0,2.875,8.1875],"texture":"#0","tintindex":0},"west":{"uv":[6.09375,8.25,6.0,8.4375],"texture":"#0","tintindex":0},"up":{"uv":[8.5,5.21875,8.625,5.125],"texture":"#0","tintindex":0},"down":{"uv":[5.25,8.5,5.375,8.59375],"texture":"#0","tintindex":0}}},{"from":[-8.916632,19.585754,-1.8253651],"to":[-6.1314316,25.585754,1.7501049],"faces":{"east":{"uv":[8.125,4.625,8.0,4.8125],"texture":"#0","tintindex":0},"south":{"uv":[8.34375,6.5,8.25,6.6875],"texture":"#0","tintindex":0},"north":{"uv":[6.46875,8.25,6.375,8.4375],"texture":"#0","tintindex":0},"west":{"uv":[8.125,4.0,8.0,4.1875],"texture":"#0","tintindex":0},"up":{"uv":[5.625,8.625,5.71875,8.5],"texture":"#0","tintindex":0},"down":{"uv":[8.5,5.625,8.59375,5.75],"texture":"#0","tintindex":0}}},{"from":[-8.811766,19.585754,-1.9302301],"to":[-5.2362957,25.585754,0.85497],"faces":{"east":{"uv":[4.09375,8.25,4.0,8.4375],"texture":"#0","tintindex":0},"south":{"uv":[1.125,8.0,1.0,8.1875],"texture":"#0","tintindex":0},"north":{"uv":[7.75,7.875,7.625,8.0625],"texture":"#0","tintindex":0},"west":{"uv":[8.34375,1.375,8.25,1.5625],"texture":"#0","tintindex":0},"up":{"uv":[6.875,0.46875,7.0,0.375],"texture":"#0","tintindex":0},"down":{"uv":[7.625,2.25,7.75,2.34375],"texture":"#0","tintindex":0}}},{"from":[5.0833683,19.585754,4.174635],"to":[7.8685684,25.585754,8.750105],"faces":{"east":{"uv":[1.90625,7.75,1.75,7.9375],"texture":"#0","tintindex":0},"south":{"uv":[5.71875,8.25,5.625,8.4375],"texture":"#0","tintindex":0},"north":{"uv":[5.59375,8.25,5.5,8.4375],"texture":"#0","tintindex":0},"west":{"uv":[7.65625,7.625,7.5,7.8125],"texture":"#0","tintindex":0},"up":{"uv":[8.375,3.40625,8.46875,3.25],"texture":"#0","tintindex":0},"down":{"uv":[8.375,3.5,8.46875,3.65625],"texture":"#0","tintindex":0}}},{"from":[-2.8117657,19.585754,12.06977],"to":[1.7637043,25.585754,14.85497],"faces":{"east":{"uv":[5.46875,8.25,5.375,8.4375],"texture":"#0","tintindex":0},"south":{"uv":[7.03125,7.625,6.875,7.8125],"texture":"#0","tintindex":0},"north":{"uv":[7.78125,6.125,7.625,6.3125],"texture":"#0","tintindex":0},"west":{"uv":[5.34375,8.25,5.25,8.4375],"texture":"#0","tintindex":0},"up":{"uv":[8.375,2.46875,8.53125,2.375],"texture":"#0","tintindex":0},"down":{"uv":[8.375,2.5,8.53125,2.59375],"texture":"#0","tintindex":0}}},{"from":[-8.916632,19.585754,11.174635],"to":[-6.1314316,25.585754,14.750105],"faces":{"east":{"uv":[2.625,8.0,2.5,8.1875],"texture":"#0","tintindex":0},"south":{"uv":[8.34375,4.75,8.25,4.9375],"texture":"#0","tintindex":0},"north":{"uv":[4.84375,8.25,4.75,8.4375],"texture":"#0","tintindex":0},"west":{"uv":[2.5,8.0,2.375,8.1875],"texture":"#0","tintindex":0},"up":{"uv":[8.5,5.0,8.59375,4.875],"texture":"#0","tintindex":0},"down":{"uv":[5.0,8.5,5.09375,8.625],"texture":"#0","tintindex":0}}},{"from":[-8.916632,19.585754,4.174635],"to":[-6.1314316,25.585754,8.750105],"faces":{"east":{"uv":[2.15625,7.75,2.0,7.9375],"texture":"#0","tintindex":0},"south":{"uv":[5.84375,8.25,5.75,8.4375],"texture":"#0","tintindex":0},"north":{"uv":[8.34375,5.625,8.25,5.8125],"texture":"#0","tintindex":0},"west":{"uv":[7.90625,1.875,7.75,2.0625],"texture":"#0","tintindex":0},"up":{"uv":[8.375,3.90625,8.46875,3.75],"texture":"#0","tintindex":0},"down":{"uv":[8.375,4.0,8.46875,4.15625],"texture":"#0","tintindex":0}}},{"from":[-2.8981514,-8.437832,0.33319998],"to":[8.150478,14.543304,13.59155],"faces":{"east":{"uv":[0.625,3.75,1.03125,4.46875],"texture":"#0","tintindex":0},"south":{"uv":[5.125,4.125,5.46875,4.84375],"texture":"#0","tintindex":0},"north":{"uv":[5.125,2.5,5.46875,3.21875],"texture":"#0","tintindex":0},"west":{"uv":[1.125,3.75,1.53125,4.46875],"texture":"#0","tintindex":0},"up":{"uv":[4.46875,6.90625,4.125,6.5],"texture":"#0","tintindex":0},"down":{"uv":[6.84375,6.5,6.5,6.90625],"texture":"#0","tintindex":0}}},{"from":[-8.811766,19.585754,12.06977],"to":[-5.2362957,25.585754,14.85497],"faces":{"east":{"uv":[8.34375,4.25,8.25,4.4375],"texture":"#0","tintindex":0},"south":{"uv":[8.125,2.0,8.0,2.1875],"texture":"#0","tintindex":0},"north":{"uv":[2.125,8.0,2.0,8.1875],"texture":"#0","tintindex":0},"west":{"uv":[4.21875,8.25,4.125,8.4375],"texture":"#0","tintindex":0},"up":{"uv":[7.625,3.84375,7.75,3.75],"texture":"#0","tintindex":0},"down":{"uv":[4.625,8.5,4.75,8.59375],"texture":"#0","tintindex":0}}},{"from":[4.1882343,19.585754,-1.9302301],"to":[7.7637043,25.585754,0.85497],"faces":{"east":{"uv":[8.34375,5.875,8.25,6.0625],"texture":"#0","tintindex":0},"south":{"uv":[2.875,8.0,2.75,8.1875],"texture":"#0","tintindex":0},"north":{"uv":[2.75,8.0,2.625,8.1875],"texture":"#0","tintindex":0},"west":{"uv":[5.96875,8.25,5.875,8.4375],"texture":"#0","tintindex":0},"up":{"uv":[8.5,5.09375,8.625,5.0],"texture":"#0","tintindex":0},"down":{"uv":[5.125,8.5,5.25,8.59375],"texture":"#0","tintindex":0}}},{"from":[5.0833683,19.585754,-1.8253651],"to":[7.8685684,25.585754,1.7501049],"faces":{"east":{"uv":[8.125,3.75,8.0,3.9375],"texture":"#0","tintindex":0},"south":{"uv":[6.34375,8.25,6.25,8.4375],"texture":"#0","tintindex":0},"north":{"uv":[8.34375,6.125,8.25,6.3125],"texture":"#0","tintindex":0},"west":{"uv":[8.125,3.5,8.0,3.6875],"texture":"#0","tintindex":0},"up":{"uv":[5.375,8.625,5.46875,8.5],"texture":"#0","tintindex":0},"down":{"uv":[5.5,8.5,5.59375,8.625],"texture":"#0","tintindex":0}}},{"from":[5.0833683,19.585754,11.174635],"to":[7.8685684,25.585754,14.750105],"faces":{"east":{"uv":[2.375,8.0,2.25,8.1875],"texture":"#0","tintindex":0},"south":{"uv":[4.71875,8.25,4.625,8.4375],"texture":"#0","tintindex":0},"north":{"uv":[8.34375,4.5,8.25,4.6875],"texture":"#0","tintindex":0},"west":{"uv":[2.25,8.0,2.125,8.1875],"texture":"#0","tintindex":0},"up":{"uv":[4.75,8.625,4.84375,8.5],"texture":"#0","tintindex":0},"down":{"uv":[8.5,4.75,8.59375,4.875],"texture":"#0","tintindex":0}}},{"from":[-8.811766,10.734337,-1.9302301],"to":[7.7637043,19.757927,14.85497],"faces":{"east":{"uv":[5.40625,6.375,4.875,6.65625],"texture":"#0","tintindex":0},"south":{"uv":[6.90625,4.625,6.375,4.90625],"texture":"#0","tintindex":0},"north":{"uv":[6.90625,3.875,6.375,4.15625],"texture":"#0","tintindex":0},"west":{"uv":[6.90625,4.25,6.375,4.53125],"texture":"#0","tintindex":0},"up":{"uv":[4.125,4.65625,4.65625,4.125],"texture":"#0","tintindex":0},"down":{"uv":[0.0,4.25,0.53125,4.78125],"texture":"#0","tintindex":0}}}],"textures":{"particle":"#0","0":"modelengine:272a9ee3-b415-4caa-a388-6635dd9e7b52"}}