{"display":{"head":{},"firstperson_righthand":{},"thirdperson_lefthand":{},"firstperson_lefthand":{},"fixed":{},"ground":{},"thirdperson_righthand":{},"gui":{"rotation":[-150.0,-45.0,180.0]}},"elements":[{"from":[24.96415,6.5633087,0.6629553],"to":[27.53962,13.563305,15.448156],"faces":{"east":{"uv":[6.875,6.875,7.34375,7.09375],"texture":"#0","tintindex":0},"south":{"uv":[0.75,8.25,0.84375,8.46875],"texture":"#0","tintindex":0},"north":{"uv":[0.625,8.25,0.71875,8.46875],"texture":"#0","tintindex":0},"west":{"uv":[7.0,0.375,7.46875,0.59375],"texture":"#0","tintindex":0},"up":{"uv":[4.59375,7.71875,4.5,7.25],"texture":"#0","tintindex":0},"down":{"uv":[7.34375,7.125,7.25,7.59375],"texture":"#0","tintindex":0}}},{"from":[27.495686,6.4946785,2.1629558],"to":[29.495686,14.518269,13.448156],"rotation":{"origin":[26.20795,11.006474,8.055555],"axis":"z","angle":-45.0},"faces":{"east":{"uv":[7.0,5.875,7.34375,6.125],"texture":"#0","tintindex":0},"south":{"uv":[1.75,8.375,1.8125,8.625],"texture":"#0","tintindex":0},"north":{"uv":[1.625,8.375,1.6875,8.625],"texture":"#0","tintindex":0},"west":{"uv":[7.0,6.125,7.34375,6.375],"texture":"#0","tintindex":0},"up":{"uv":[0.4375,8.59375,0.375,8.25],"texture":"#0","tintindex":0},"down":{"uv":[0.5625,8.25,0.5,8.59375],"texture":"#0","tintindex":0}}},{"from":[4.9641495,9.563309,-1.3370447],"to":[16.53962,20.586895,0.9481559],"rotation":{"origin":[26.251884,14.0751,8.055555],"axis":"z","angle":22.5},"faces":{"east":{"uv":[8.125,4.5,8.1875,4.84375],"texture":"#0","tintindex":0},"south":{"uv":[6.625,5.375,7.0,5.71875],"texture":"#0","tintindex":0},"north":{"uv":[4.5,6.625,4.875,6.96875],"texture":"#0","tintindex":0},"west":{"uv":[8.125,6.5,8.1875,6.84375],"texture":"#0","tintindex":0},"up":{"uv":[8.375,0.8125,8.0,0.75],"texture":"#0","tintindex":0},"down":{"uv":[8.375,0.875,8.0,0.9375],"texture":"#0","tintindex":0}}},{"from":[15.964149,9.563309,-1.3370447],"to":[27.53962,18.586895,0.9481559],"rotation":{"origin":[26.251884,14.0751,8.055555],"axis":"z","angle":22.5},"faces":{"east":{"uv":[2.75,8.25,2.8125,8.53125],"texture":"#0","tintindex":0},"south":{"uv":[6.875,6.5,7.25,6.78125],"texture":"#0","tintindex":0},"north":{"uv":[5.625,6.875,6.0,7.15625],"texture":"#0","tintindex":0},"west":{"uv":[2.875,8.25,2.9375,8.53125],"texture":"#0","tintindex":0},"up":{"uv":[2.0,8.0625,1.625,8.0],"texture":"#0","tintindex":0},"down":{"uv":[8.375,1.625,8.0,1.6875],"texture":"#0","tintindex":0}}},{"from":[4.9641495,9.563309,15.162956],"to":[16.53962,20.586895,17.448154],"rotation":{"origin":[26.251884,14.0751,8.055555],"axis":"z","angle":22.5},"faces":{"east":{"uv":[7.75,8.125,7.8125,8.46875],"texture":"#0","tintindex":0},"south":{"uv":[0.75,6.75,1.125,7.09375],"texture":"#0","tintindex":0},"north":{"uv":[0.375,6.75,0.75,7.09375],"texture":"#0","tintindex":0},"west":{"uv":[8.125,7.875,8.1875,8.21875],"texture":"#0","tintindex":0},"up":{"uv":[8.375,1.8125,8.0,1.75],"texture":"#0","tintindex":0},"down":{"uv":[8.375,1.875,8.0,1.9375],"texture":"#0","tintindex":0}}},{"from":[27.53962,9.563309,2.1629558],"to":[29.53962,17.586895,13.448156],"rotation":{"origin":[26.251884,14.0751,8.055555],"axis":"z","angle":22.5},"faces":{"east":{"uv":[7.0,5.375,7.34375,5.625],"texture":"#0","tintindex":0},"south":{"uv":[0.25,8.375,0.3125,8.625],"texture":"#0","tintindex":0},"north":{"uv":[7.875,8.25,7.9375,8.5],"texture":"#0","tintindex":0},"west":{"uv":[7.0,5.625,7.34375,5.875],"texture":"#0","tintindex":0},"up":{"uv":[8.0625,8.46875,8.0,8.125],"texture":"#0","tintindex":0},"down":{"uv":[8.3125,0.0,8.25,0.34375],"texture":"#0","tintindex":0}}},{"from":[15.964149,9.563309,15.162956],"to":[27.53962,18.586895,17.448154],"rotation":{"origin":[26.251884,14.0751,8.055555],"axis":"z","angle":22.5},"faces":{"east":{"uv":[2.5,8.25,2.5625,8.53125],"texture":"#0","tintindex":0},"south":{"uv":[5.25,6.875,5.625,7.15625],"texture":"#0","tintindex":0},"north":{"uv":[3.75,6.875,4.125,7.15625],"texture":"#0","tintindex":0},"west":{"uv":[2.625,8.25,2.6875,8.53125],"texture":"#0","tintindex":0},"up":{"uv":[8.375,0.5625,8.0,0.5],"texture":"#0","tintindex":0},"down":{"uv":[8.375,0.625,8.0,0.6875],"texture":"#0","tintindex":0}}},{"from":[15.703384,8.191875,0.6629553],"to":[26.703384,10.767345,15.448156],"rotation":{"origin":[31.21518,9.47961,8.055555],"axis":"z","angle":22.5},"faces":{"east":{"uv":[7.25,6.75,7.71875,6.84375],"texture":"#0","tintindex":0},"south":{"uv":[7.625,1.75,7.96875,1.84375],"texture":"#0","tintindex":0},"north":{"uv":[7.625,1.625,7.96875,1.71875],"texture":"#0","tintindex":0},"west":{"uv":[7.375,2.625,7.84375,2.71875],"texture":"#0","tintindex":0},"up":{"uv":[1.96875,4.21875,1.625,3.75],"texture":"#0","tintindex":0},"down":{"uv":[4.46875,0.75,4.125,1.21875],"texture":"#0","tintindex":0}}},{"from":[24.96415,9.563309,0.6629553],"to":[27.53962,20.586895,15.448156],"rotation":{"origin":[26.251884,14.0751,8.055555],"axis":"z","angle":22.5},"faces":{"east":{"uv":[6.375,1.5,6.84375,1.84375],"texture":"#0","tintindex":0},"south":{"uv":[1.0,7.625,1.09375,7.96875],"texture":"#0","tintindex":0},"north":{"uv":[1.0,5.625,1.09375,5.96875],"texture":"#0","tintindex":0},"west":{"uv":[6.375,1.875,6.84375,2.21875],"texture":"#0","tintindex":0},"up":{"uv":[4.34375,7.71875,4.25,7.25],"texture":"#0","tintindex":0},"down":{"uv":[4.46875,7.25,4.375,7.71875],"texture":"#0","tintindex":0}}}],"textures":{"particle":"#0","0":"modelengine:272a9ee3-b415-4caa-a388-6635dd9e7b52"}}