{"display":{"head":{},"firstperson_righthand":{},"thirdperson_lefthand":{},"firstperson_lefthand":{},"fixed":{},"ground":{},"thirdperson_righthand":{},"gui":{"rotation":[-150.0,-45.0,180.0]}},"elements":[{"from":[5.0,5.5,3.5],"to":[11.0,10.5,12.5],"faces":{"east":{"uv":[4.5,5.0,0.0,7.5],"texture":"#0","tintindex":0},"south":{"uv":[10.0,6.5,13.0,9.0],"texture":"#0","tintindex":0},"north":{"uv":[9.0,3.5,12.0,6.0],"texture":"#0","tintindex":0},"west":{"uv":[0.0,5.0,4.5,7.5],"texture":"#0","tintindex":0},"up":{"uv":[3.0,4.5,0.0,0.0],"texture":"#0","tintindex":0},"down":{"uv":[6.5,0.0,3.5,4.5],"texture":"#0","tintindex":0}}}],"textures":{"particle":"#0","0":"modelengine:93da75e2-630b-4144-b155-3733eb7ca0b4"}}