{"display":{"head":{},"firstperson_righthand":{},"thirdperson_lefthand":{},"firstperson_lefthand":{},"fixed":{},"ground":{},"thirdperson_righthand":{},"gui":{"rotation":[-150.0,-45.0,180.0]}},"elements":[{"from":[7.0,4.0,7.0],"to":[9.0,8.0,9.0],"faces":{"east":{"uv":[5.0,13.5,6.0,15.5],"texture":"#0","tintindex":0},"south":{"uv":[13.5,6.0,14.5,8.0],"texture":"#0","tintindex":0},"north":{"uv":[13.5,0.0,14.5,2.0],"texture":"#0","tintindex":0},"west":{"uv":[6.5,13.5,7.5,15.5],"texture":"#0","tintindex":0},"up":{"uv":[10.5,15.5,9.5,14.5],"texture":"#0","tintindex":0},"down":{"uv":[12.0,14.5,11.0,15.5],"texture":"#0","tintindex":0}}}],"textures":{"particle":"#0","0":"modelengine:93da75e2-630b-4144-b155-3733eb7ca0b4"}}