{"display":{"head":{},"firstperson_righthand":{},"thirdperson_lefthand":{},"firstperson_lefthand":{},"fixed":{},"ground":{},"thirdperson_righthand":{},"gui":{"rotation":[-150.0,-45.0,180.0]}},"elements":[{"from":[7.0,8.0,7.5],"to":[9.0,10.0,8.5],"faces":{"east":{"uv":[4.5,10.5,4.0,11.5],"texture":"#0","tintindex":0},"south":{"uv":[2.5,14.5,1.5,15.5],"texture":"#0","tintindex":0},"north":{"uv":[8.0,3.5,7.0,4.5],"texture":"#0","tintindex":0},"west":{"uv":[9.5,6.5,9.0,7.5],"texture":"#0","tintindex":0},"up":{"uv":[13.5,3.0,14.5,2.5],"texture":"#0","tintindex":0},"down":{"uv":[14.0,11.0,15.0,11.5],"texture":"#0","tintindex":0}}}],"textures":{"particle":"#0","0":"modelengine:93da75e2-630b-4144-b155-3733eb7ca0b4"}}