{"display":{"head":{},"firstperson_righthand":{},"thirdperson_lefthand":{},"firstperson_lefthand":{},"fixed":{},"ground":{},"thirdperson_righthand":{},"gui":{"rotation":[-150.0,-45.0,180.0]}},"elements":[{"from":[4.88548,-4.2035065,7.1997747],"to":[11.150681,-0.75350666,7.61895],"faces":{"east":{"uv":[0.75,8.625,0.78125,8.84375],"texture":"#0","tintindex":0},"south":{"uv":[7.0,4.375,7.40625,4.59375],"texture":"#0","tintindex":0},"north":{"uv":[7.0,4.125,7.40625,4.34375],"texture":"#0","tintindex":0},"west":{"uv":[0.875,8.625,0.90625,8.84375],"texture":"#0","tintindex":0},"up":{"uv":[8.90625,3.03125,8.5,3.0],"texture":"#0","tintindex":0},"down":{"uv":[8.90625,3.125,8.5,3.15625],"texture":"#0","tintindex":0}}},{"from":[4.88548,-0.75350666,7.372275],"to":[11.150681,2.6964931,7.7914495],"faces":{"east":{"uv":[0.5,8.625,0.53125,8.84375],"texture":"#0","tintindex":0},"south":{"uv":[4.125,7.0,4.53125,7.21875],"texture":"#0","tintindex":0},"north":{"uv":[7.0,3.875,7.40625,4.09375],"texture":"#0","tintindex":0},"west":{"uv":[0.625,8.625,0.65625,8.84375],"texture":"#0","tintindex":0},"up":{"uv":[1.03125,8.53125,0.625,8.5],"texture":"#0","tintindex":0},"down":{"uv":[8.90625,2.625,8.5,2.65625],"texture":"#0","tintindex":0}}},{"from":[4.88548,2.6964931,7.7172747],"to":[11.150681,8.043993,8.13645],"faces":{"east":{"uv":[5.75,8.5,5.78125,8.84375],"texture":"#0","tintindex":0},"south":{"uv":[6.5,6.125,6.90625,6.46875],"texture":"#0","tintindex":0},"north":{"uv":[6.5,5.75,6.90625,6.09375],"texture":"#0","tintindex":0},"west":{"uv":[8.5,5.75,8.53125,6.09375],"texture":"#0","tintindex":0},"up":{"uv":[8.78125,7.28125,8.375,7.25],"texture":"#0","tintindex":0},"down":{"uv":[8.53125,8.375,8.125,8.40625],"texture":"#0","tintindex":0}}}],"textures":{"particle":"#0","0":"modelengine:272a9ee3-b415-4caa-a388-6635dd9e7b52"}}