{"display":{"head":{},"firstperson_righthand":{},"thirdperson_lefthand":{},"firstperson_lefthand":{},"fixed":{},"ground":{},"thirdperson_righthand":{},"gui":{"rotation":[-150.0,-45.0,180.0]}},"elements":[{"from":[5.5,4.5979004,3.582882],"to":[10.5,9.5979,14.582882],"faces":{"east":{"uv":[0.0,0.0,2.75,1.25],"texture":"#0","tintindex":0},"south":{"uv":[8.0,0.0,9.25,1.25],"texture":"#0","tintindex":0},"north":{"uv":[4.75,7.0,6.0,8.25],"texture":"#0","tintindex":0},"west":{"uv":[0.0,1.5,2.75,2.75],"texture":"#0","tintindex":0},"up":{"uv":[1.25,5.75,0.0,3.0],"texture":"#0","tintindex":0},"down":{"uv":[4.25,0.0,3.0,2.75],"texture":"#0","tintindex":0}}},{"from":[5.51,7.7656527,4.2806716],"to":[10.49,9.745652,10.260672],"rotation":{"origin":[8.0,9.255652,7.270672],"axis":"x","angle":45.0},"faces":{"east":{"uv":[9.25,6.0,10.75,6.5],"texture":"#0","tintindex":0},"south":{"uv":[4.0,10.0,5.25,10.5],"texture":"#0","tintindex":0},"north":{"uv":[9.5,9.75,10.75,10.25],"texture":"#0","tintindex":0},"west":{"uv":[0.0,9.75,1.5,10.25],"texture":"#0","tintindex":0},"up":{"uv":[3.0,8.0,1.75,6.5],"texture":"#0","tintindex":0},"down":{"uv":[4.5,6.5,3.25,8.0],"texture":"#0","tintindex":0}}}],"textures":{"particle":"#0","0":"modelengine:5c8b429f-4760-4d09-a7e1-d2517dfe3262"}}