{"display":{"head":{},"firstperson_righthand":{},"thirdperson_lefthand":{},"firstperson_lefthand":{},"fixed":{},"ground":{},"thirdperson_righthand":{},"gui":{"rotation":[-150.0,-45.0,180.0]}},"elements":[{"from":[7.429497,4.1354103,-9.064266],"to":[8.31299,7.0367737,-7.9808655],"faces":{"east":{"uv":[7.875,3.875,7.96875,4.15625],"texture":"#0","tintindex":0},"south":{"uv":[4.0,7.875,4.09375,8.15625],"texture":"#0","tintindex":0},"north":{"uv":[7.875,3.5,7.96875,3.78125],"texture":"#0","tintindex":0},"west":{"uv":[4.125,7.875,4.21875,8.15625],"texture":"#0","tintindex":0},"up":{"uv":[6.46875,8.59375,6.375,8.5],"texture":"#0","tintindex":0},"down":{"uv":[8.59375,6.75,8.5,6.84375],"texture":"#0","tintindex":0}}},{"from":[7.70434,-1.3300695,-12.184559],"to":[8.042586,-0.81007004,-2.069457],"faces":{"east":{"uv":[7.25,0.25,8.1875,0.3125],"texture":"#0","tintindex":0},"south":{"uv":[8.75,2.0,8.78125,2.0625],"texture":"#0","tintindex":0},"north":{"uv":[2.0,8.75,2.03125,8.8125],"texture":"#0","tintindex":0},"west":{"uv":[7.25,1.25,8.1875,1.3125],"texture":"#0","tintindex":0},"up":{"uv":[4.28125,8.6875,4.25,7.75],"texture":"#0","tintindex":0},"down":{"uv":[4.40625,7.75,4.375,8.6875],"texture":"#0","tintindex":0}}},{"from":[7.70434,16.728971,-13.874561],"to":[8.042586,17.11897,-0.63945675],"faces":{"east":{"uv":[7.375,5.375,8.625,5.40625],"texture":"#0","tintindex":0},"south":{"uv":[8.75,3.875,8.78125,3.90625],"texture":"#0","tintindex":0},"north":{"uv":[3.875,8.75,3.90625,8.78125],"texture":"#0","tintindex":0},"west":{"uv":[7.375,5.5,8.625,5.53125],"texture":"#0","tintindex":0},"up":{"uv":[3.78125,8.625,3.75,7.375],"texture":"#0","tintindex":0},"down":{"uv":[3.90625,7.375,3.875,8.625],"texture":"#0","tintindex":0}}},{"from":[7.70434,17.11897,-13.22456],"to":[8.042586,17.508972,-1.1594572],"faces":{"east":{"uv":[0.0,7.5,1.125,7.53125],"texture":"#0","tintindex":0},"south":{"uv":[8.75,4.25,8.78125,4.28125],"texture":"#0","tintindex":0},"north":{"uv":[4.25,8.75,4.28125,8.78125],"texture":"#0","tintindex":0},"west":{"uv":[7.5,0.375,8.625,0.40625],"texture":"#0","tintindex":0},"up":{"uv":[1.15625,8.625,1.125,7.5],"texture":"#0","tintindex":0},"down":{"uv":[1.28125,7.5,1.25,8.625],"texture":"#0","tintindex":0}}},{"from":[6.329835,8.335777,-11.266869],"to":[9.281552,9.229816,-10.752701],"faces":{"east":{"uv":[5.375,8.625,5.4375,8.71875],"texture":"#0","tintindex":0},"south":{"uv":[7.875,1.375,8.15625,1.46875],"texture":"#0","tintindex":0},"north":{"uv":[7.875,1.125,8.15625,1.21875],"texture":"#0","tintindex":0},"west":{"uv":[5.5,8.625,5.5625,8.71875],"texture":"#0","tintindex":0},"up":{"uv":[8.65625,0.3125,8.375,0.25],"texture":"#0","tintindex":0},"down":{"uv":[8.65625,0.5,8.375,0.5625],"texture":"#0","tintindex":0}}},{"from":[6.929497,7.010761,-9.064266],"to":[8.896323,9.662124,-4.3975325],"faces":{"east":{"uv":[5.375,3.625,5.8125,3.875],"texture":"#0","tintindex":0},"south":{"uv":[2.75,7.25,2.9375,7.5],"texture":"#0","tintindex":0},"north":{"uv":[2.5,7.25,2.6875,7.5],"texture":"#0","tintindex":0},"west":{"uv":[6.875,2.625,7.3125,2.875],"texture":"#0","tintindex":0},"up":{"uv":[4.6875,1.8125,4.5,1.375],"texture":"#0","tintindex":0},"down":{"uv":[4.0625,4.875,3.875,5.3125],"texture":"#0","tintindex":0}}},{"from":[5.9305553,6.848274,-10.828388],"to":[6.3867726,8.313201,-8.882252],"faces":{"east":{"uv":[4.625,7.0,4.8125,7.125],"texture":"#0","tintindex":0},"south":{"uv":[8.75,0.25,8.78125,0.375],"texture":"#0","tintindex":0},"north":{"uv":[0.25,8.75,0.28125,8.875],"texture":"#0","tintindex":0},"west":{"uv":[8.125,3.625,8.3125,3.75],"texture":"#0","tintindex":0},"up":{"uv":[4.78125,8.8125,4.75,8.625],"texture":"#0","tintindex":0},"down":{"uv":[8.65625,4.75,8.625,4.9375],"texture":"#0","tintindex":0}}},{"from":[6.729115,9.823279,-10.68372],"to":[8.982093,10.22256,-9.08189],"faces":{"east":{"uv":[7.125,8.625,7.28125,8.65625],"texture":"#0","tintindex":0},"south":{"uv":[8.625,2.125,8.84375,2.15625],"texture":"#0","tintindex":0},"north":{"uv":[2.0,8.625,2.21875,8.65625],"texture":"#0","tintindex":0},"west":{"uv":[8.625,7.125,8.78125,7.15625],"texture":"#0","tintindex":0},"up":{"uv":[5.96875,7.65625,5.75,7.5],"texture":"#0","tintindex":0},"down":{"uv":[6.21875,7.5,6.0,7.65625],"texture":"#0","tintindex":0}}},{"from":[5.9305553,6.848274,-4.637787],"to":[6.3867726,8.313201,-2.6916523],"faces":{"east":{"uv":[8.125,3.5,8.3125,3.625],"texture":"#0","tintindex":0},"south":{"uv":[1.125,8.75,1.15625,8.875],"texture":"#0","tintindex":0},"north":{"uv":[8.75,1.0,8.78125,1.125],"texture":"#0","tintindex":0},"west":{"uv":[8.125,3.625,8.3125,3.75],"texture":"#0","tintindex":0},"up":{"uv":[8.65625,5.9375,8.625,5.75],"texture":"#0","tintindex":0},"down":{"uv":[5.90625,8.625,5.875,8.8125],"texture":"#0","tintindex":0}}},{"from":[7.5128303,3.1507134,-6.7726],"to":[8.229657,4.1354103,-3.3975325],"faces":{"east":{"uv":[5.0,7.75,5.3125,7.84375],"texture":"#0","tintindex":0},"south":{"uv":[8.625,3.75,8.6875,3.84375],"texture":"#0","tintindex":0},"north":{"uv":[3.75,8.625,3.8125,8.71875],"texture":"#0","tintindex":0},"west":{"uv":[5.375,7.75,5.6875,7.84375],"texture":"#0","tintindex":0},"up":{"uv":[1.5625,8.5625,1.5,8.25],"texture":"#0","tintindex":0},"down":{"uv":[2.0625,8.25,2.0,8.5625],"texture":"#0","tintindex":0}}},{"from":[6.329835,9.123463,-10.902748],"to":[9.281552,9.6376295,-9.505268],"rotation":{"origin":[7.8167853,8.518445,-10.0597],"axis":"x","angle":-22.5},"faces":{"east":{"uv":[8.25,8.5,8.375,8.5625],"texture":"#0","tintindex":0},"south":{"uv":[8.375,0.125,8.65625,0.1875],"texture":"#0","tintindex":0},"north":{"uv":[8.375,0.0,8.65625,0.0625],"texture":"#0","tintindex":0},"west":{"uv":[8.5,8.25,8.625,8.3125],"texture":"#0","tintindex":0},"up":{"uv":[2.90625,3.75,2.625,3.625],"texture":"#0","tintindex":0},"down":{"uv":[5.78125,3.125,5.5,3.25],"texture":"#0","tintindex":0}}},{"from":[7.179497,7.510761,-11.064266],"to":[8.646323,8.745457,11.352467],"faces":{"east":{"uv":[4.25,3.875,6.34375,4.0],"texture":"#0","tintindex":0},"south":{"uv":[4.0,5.375,4.125,5.5],"texture":"#0","tintindex":0},"north":{"uv":[3.25,5.25,3.375,5.375],"texture":"#0","tintindex":0},"west":{"uv":[4.25,4.0,6.34375,4.125],"texture":"#0","tintindex":0},"up":{"uv":[1.25,6.59375,1.125,4.5],"texture":"#0","tintindex":0},"down":{"uv":[1.375,4.5,1.25,6.59375],"texture":"#0","tintindex":0}}},{"from":[6.729115,9.823279,-4.4381475],"to":[8.982093,10.22256,-2.836318],"faces":{"east":{"uv":[8.625,8.0,8.78125,8.03125],"texture":"#0","tintindex":0},"south":{"uv":[8.625,2.875,8.84375,2.90625],"texture":"#0","tintindex":0},"north":{"uv":[8.625,2.75,8.84375,2.78125],"texture":"#0","tintindex":0},"west":{"uv":[8.125,8.625,8.28125,8.65625],"texture":"#0","tintindex":0},"up":{"uv":[0.71875,7.78125,0.5,7.625],"texture":"#0","tintindex":0},"down":{"uv":[0.96875,7.625,0.75,7.78125],"texture":"#0","tintindex":0}}},{"from":[7.429497,4.1354103,-7.314266],"to":[8.31299,7.0367737,-6.2308655],"faces":{"east":{"uv":[0.875,7.875,0.96875,8.15625],"texture":"#0","tintindex":0},"south":{"uv":[1.375,7.875,1.46875,8.15625],"texture":"#0","tintindex":0},"north":{"uv":[0.75,7.875,0.84375,8.15625],"texture":"#0","tintindex":0},"west":{"uv":[1.5,7.875,1.59375,8.15625],"texture":"#0","tintindex":0},"up":{"uv":[6.21875,8.59375,6.125,8.5],"texture":"#0","tintindex":0},"down":{"uv":[6.34375,8.5,6.25,8.59375],"texture":"#0","tintindex":0}}},{"from":[9.224615,8.358353,-4.637787],"to":[9.680833,9.823279,-2.6916523],"faces":{"east":{"uv":[8.0,4.875,8.1875,5.0],"texture":"#0","tintindex":0},"south":{"uv":[1.25,8.75,1.28125,8.875],"texture":"#0","tintindex":0},"north":{"uv":[8.75,1.125,8.78125,1.25],"texture":"#0","tintindex":0},"west":{"uv":[8.125,3.875,8.3125,4.0],"texture":"#0","tintindex":0},"up":{"uv":[6.15625,8.8125,6.125,8.625],"texture":"#0","tintindex":0},"down":{"uv":[8.65625,6.125,8.625,6.3125],"texture":"#0","tintindex":0}}},{"from":[7.70434,15.298971,-13.354561],"to":[8.042586,16.078972,-0.76945686],"faces":{"east":{"uv":[7.125,5.25,8.3125,5.3125],"texture":"#0","tintindex":0},"south":{"uv":[2.5,8.75,2.53125,8.8125],"texture":"#0","tintindex":0},"north":{"uv":[2.375,8.75,2.40625,8.8125],"texture":"#0","tintindex":0},"west":{"uv":[6.0,7.125,7.1875,7.1875],"texture":"#0","tintindex":0},"up":{"uv":[6.65625,8.5625,6.625,7.375],"texture":"#0","tintindex":0},"down":{"uv":[6.78125,7.375,6.75,8.5625],"texture":"#0","tintindex":0}}},{"from":[7.70434,-2.2400703,-9.454559],"to":[8.042586,-1.85007,-5.059456],"faces":{"east":{"uv":[8.5,3.25,8.90625,3.28125],"texture":"#0","tintindex":0},"south":{"uv":[8.75,3.75,8.78125,3.78125],"texture":"#0","tintindex":0},"north":{"uv":[3.75,8.75,3.78125,8.78125],"texture":"#0","tintindex":0},"west":{"uv":[8.5,3.375,8.90625,3.40625],"texture":"#0","tintindex":0},"up":{"uv":[8.53125,3.90625,8.5,3.5],"texture":"#0","tintindex":0},"down":{"uv":[4.03125,8.5,4.0,8.90625],"texture":"#0","tintindex":0}}},{"from":[7.70434,18.54897,-9.454559],"to":[8.042586,18.938972,-5.059456],"faces":{"east":{"uv":[8.5,4.0,8.90625,4.03125],"texture":"#0","tintindex":0},"south":{"uv":[8.75,4.375,8.78125,4.40625],"texture":"#0","tintindex":0},"north":{"uv":[4.375,8.75,4.40625,8.78125],"texture":"#0","tintindex":0},"west":{"uv":[8.5,4.125,8.90625,4.15625],"texture":"#0","tintindex":0},"up":{"uv":[4.15625,8.90625,4.125,8.5],"texture":"#0","tintindex":0},"down":{"uv":[8.53125,4.25,8.5,4.65625],"texture":"#0","tintindex":0}}},{"from":[6.329835,9.309113,-5.0370674],"to":[9.281552,9.823279,-2.836318],"faces":{"east":{"uv":[8.375,6.625,8.59375,6.6875],"texture":"#0","tintindex":0},"south":{"uv":[8.375,1.5,8.65625,1.5625],"texture":"#0","tintindex":0},"north":{"uv":[8.375,1.375,8.65625,1.4375],"texture":"#0","tintindex":0},"west":{"uv":[8.375,7.125,8.59375,7.1875],"texture":"#0","tintindex":0},"up":{"uv":[7.53125,2.09375,7.25,1.875],"texture":"#0","tintindex":0},"down":{"uv":[7.53125,2.125,7.25,2.34375],"texture":"#0","tintindex":0}}},{"from":[6.329835,9.123463,-4.0147705],"to":[9.281552,9.6376295,-2.6172924],"rotation":{"origin":[7.8167853,8.518445,-3.4603376],"axis":"x","angle":22.5},"faces":{"east":{"uv":[0.25,8.625,0.375,8.6875],"texture":"#0","tintindex":0},"south":{"uv":[8.375,1.75,8.65625,1.8125],"texture":"#0","tintindex":0},"north":{"uv":[8.375,1.625,8.65625,1.6875],"texture":"#0","tintindex":0},"west":{"uv":[0.375,8.625,0.5,8.6875],"texture":"#0","tintindex":0},"up":{"uv":[7.78125,1.5,7.5,1.375],"texture":"#0","tintindex":0},"down":{"uv":[7.78125,1.5,7.5,1.625],"texture":"#0","tintindex":0}}},{"from":[6.329835,7.4417367,-2.7673378],"to":[9.281552,8.335777,-2.253172],"faces":{"east":{"uv":[6.0,8.625,6.0625,8.71875],"texture":"#0","tintindex":0},"south":{"uv":[7.875,2.625,8.15625,2.71875],"texture":"#0","tintindex":0},"north":{"uv":[7.875,1.5,8.15625,1.59375],"texture":"#0","tintindex":0},"west":{"uv":[8.625,6.0,8.6875,6.09375],"texture":"#0","tintindex":0},"up":{"uv":[8.65625,1.1875,8.375,1.125],"texture":"#0","tintindex":0},"down":{"uv":[8.65625,1.25,8.375,1.3125],"texture":"#0","tintindex":0}}},{"from":[9.224615,6.848274,-10.828388],"to":[9.680833,8.313201,-8.882252],"faces":{"east":{"uv":[8.125,3.625,8.3125,3.75],"texture":"#0","tintindex":0},"south":{"uv":[8.75,0.125,8.78125,0.25],"texture":"#0","tintindex":0},"north":{"uv":[8.75,0.0,8.78125,0.125],"texture":"#0","tintindex":0},"west":{"uv":[5.25,6.75,5.4375,6.875],"texture":"#0","tintindex":0},"up":{"uv":[8.65625,4.6875,8.625,4.5],"texture":"#0","tintindex":0},"down":{"uv":[4.65625,8.625,4.625,8.8125],"texture":"#0","tintindex":0}}},{"from":[7.5128303,3.1507134,-10.147667],"to":[8.229657,4.1354103,-6.7726],"faces":{"east":{"uv":[7.75,2.875,8.0625,2.96875],"texture":"#0","tintindex":0},"south":{"uv":[8.625,3.625,8.6875,3.71875],"texture":"#0","tintindex":0},"north":{"uv":[1.75,8.625,1.8125,8.71875],"texture":"#0","tintindex":0},"west":{"uv":[7.75,4.5,8.0625,4.59375],"texture":"#0","tintindex":0},"up":{"uv":[8.3125,1.3125,8.25,1.0],"texture":"#0","tintindex":0},"down":{"uv":[1.4375,8.25,1.375,8.5625],"texture":"#0","tintindex":0}}},{"from":[7.70434,-1.85007,-11.014561],"to":[8.042586,-1.3300695,-3.4994564],"faces":{"east":{"uv":[5.75,7.25,6.46875,7.3125],"texture":"#0","tintindex":0},"south":{"uv":[2.25,8.75,2.28125,8.8125],"texture":"#0","tintindex":0},"north":{"uv":[2.125,8.75,2.15625,8.8125],"texture":"#0","tintindex":0},"west":{"uv":[6.5,7.25,7.21875,7.3125],"texture":"#0","tintindex":0},"up":{"uv":[1.90625,8.84375,1.875,8.125],"texture":"#0","tintindex":0},"down":{"uv":[8.15625,5.625,8.125,6.34375],"texture":"#0","tintindex":0}}},{"from":[7.70434,17.508972,-12.184559],"to":[8.042586,18.02897,-2.069457],"faces":{"east":{"uv":[7.25,2.375,8.1875,2.4375],"texture":"#0","tintindex":0},"south":{"uv":[3.0,8.75,3.03125,8.8125],"texture":"#0","tintindex":0},"north":{"uv":[2.875,8.75,2.90625,8.8125],"texture":"#0","tintindex":0},"west":{"uv":[7.25,2.5,8.1875,2.5625],"texture":"#0","tintindex":0},"up":{"uv":[0.03125,8.8125,0.0,7.875],"texture":"#0","tintindex":0},"down":{"uv":[0.15625,7.875,0.125,8.8125],"texture":"#0","tintindex":0}}},{"from":[7.70434,14.258971,-12.05456],"to":[8.042586,15.298971,-1.9394569],"faces":{"east":{"uv":[7.0,4.75,7.9375,4.84375],"texture":"#0","tintindex":0},"south":{"uv":[1.625,8.75,1.65625,8.84375],"texture":"#0","tintindex":0},"north":{"uv":[8.75,1.5,8.78125,1.59375],"texture":"#0","tintindex":0},"west":{"uv":[7.0,4.875,7.9375,4.96875],"texture":"#0","tintindex":0},"up":{"uv":[4.53125,8.6875,4.5,7.75],"texture":"#0","tintindex":0},"down":{"uv":[7.78125,7.125,7.75,8.0625],"texture":"#0","tintindex":0}}},{"from":[7.429497,9.662124,-9.064266],"to":[8.31299,12.563487,-7.9808655],"faces":{"east":{"uv":[5.375,7.875,5.46875,8.15625],"texture":"#0","tintindex":0},"south":{"uv":[5.5,7.875,5.59375,8.15625],"texture":"#0","tintindex":0},"north":{"uv":[5.25,7.875,5.34375,8.15625],"texture":"#0","tintindex":0},"west":{"uv":[5.625,7.875,5.71875,8.15625],"texture":"#0","tintindex":0},"up":{"uv":[7.21875,8.59375,7.125,8.5],"texture":"#0","tintindex":0},"down":{"uv":[7.46875,8.5,7.375,8.59375],"texture":"#0","tintindex":0}}},{"from":[7.429497,9.662124,-7.314266],"to":[8.31299,12.563487,-6.2308655],"faces":{"east":{"uv":[5.75,7.875,5.84375,8.15625],"texture":"#0","tintindex":0},"south":{"uv":[5.875,7.875,5.96875,8.15625],"texture":"#0","tintindex":0},"north":{"uv":[7.875,5.625,7.96875,5.90625],"texture":"#0","tintindex":0},"west":{"uv":[6.0,7.875,6.09375,8.15625],"texture":"#0","tintindex":0},"up":{"uv":[7.84375,8.59375,7.75,8.5],"texture":"#0","tintindex":0},"down":{"uv":[7.96875,8.5,7.875,8.59375],"texture":"#0","tintindex":0}}},{"from":[7.70434,18.02897,-11.014561],"to":[8.042586,18.54897,-3.4994564],"faces":{"east":{"uv":[7.25,6.5,7.96875,6.5625],"texture":"#0","tintindex":0},"south":{"uv":[3.25,8.75,3.28125,8.8125],"texture":"#0","tintindex":0},"north":{"uv":[3.125,8.75,3.15625,8.8125],"texture":"#0","tintindex":0},"west":{"uv":[7.25,6.625,7.96875,6.6875],"texture":"#0","tintindex":0},"up":{"uv":[8.15625,7.84375,8.125,7.125],"texture":"#0","tintindex":0},"down":{"uv":[7.65625,8.125,7.625,8.84375],"texture":"#0","tintindex":0}}},{"from":[6.329835,6.848274,-5.0370674],"to":[9.281552,7.3624415,-2.836318],"faces":{"east":{"uv":[8.375,6.375,8.59375,6.4375],"texture":"#0","tintindex":0},"south":{"uv":[8.375,0.75,8.65625,0.8125],"texture":"#0","tintindex":0},"north":{"uv":[8.375,0.625,8.65625,0.6875],"texture":"#0","tintindex":0},"west":{"uv":[8.375,6.5,8.59375,6.5625],"texture":"#0","tintindex":0},"up":{"uv":[7.53125,1.84375,7.25,1.625],"texture":"#0","tintindex":0},"down":{"uv":[2.15625,7.25,1.875,7.46875],"texture":"#0","tintindex":0}}},{"from":[5.9305553,8.358353,-10.828388],"to":[6.3867726,9.823279,-8.882252],"faces":{"east":{"uv":[8.125,2.125,8.3125,2.25],"texture":"#0","tintindex":0},"south":{"uv":[8.75,0.75,8.78125,0.875],"texture":"#0","tintindex":0},"north":{"uv":[8.75,0.625,8.78125,0.75],"texture":"#0","tintindex":0},"west":{"uv":[8.0,4.875,8.1875,5.0],"texture":"#0","tintindex":0},"up":{"uv":[5.28125,8.8125,5.25,8.625],"texture":"#0","tintindex":0},"down":{"uv":[8.65625,5.25,8.625,5.4375],"texture":"#0","tintindex":0}}},{"from":[6.729115,6.8175144,-11.288357],"to":[8.982093,8.419343,-10.889076],"rotation":{"origin":[7.8167853,8.153108,-10.0597],"axis":"x","angle":-22.5},"faces":{"east":{"uv":[8.625,6.625,8.65625,6.78125],"texture":"#0","tintindex":0},"south":{"uv":[5.5,7.5,5.71875,7.65625],"texture":"#0","tintindex":0},"north":{"uv":[5.25,7.5,5.46875,7.65625],"texture":"#0","tintindex":0},"west":{"uv":[8.625,6.875,8.65625,7.03125],"texture":"#0","tintindex":0},"up":{"uv":[1.46875,8.65625,1.25,8.625],"texture":"#0","tintindex":0},"down":{"uv":[1.71875,8.625,1.5,8.65625],"texture":"#0","tintindex":0}}},{"from":[7.5128303,12.563491,-10.147667],"to":[8.229657,13.548187,-6.7726],"faces":{"east":{"uv":[7.75,6.75,8.0625,6.84375],"texture":"#0","tintindex":0},"south":{"uv":[8.625,4.375,8.6875,4.46875],"texture":"#0","tintindex":0},"north":{"uv":[8.625,4.25,8.6875,4.34375],"texture":"#0","tintindex":0},"west":{"uv":[7.875,0.0,8.1875,0.09375],"texture":"#0","tintindex":0},"up":{"uv":[8.3125,2.5625,8.25,2.25],"texture":"#0","tintindex":0},"down":{"uv":[2.4375,8.25,2.375,8.5625],"texture":"#0","tintindex":0}}},{"from":[7.429497,4.1354103,-5.480933],"to":[8.31299,7.0367737,-4.3975325],"faces":{"east":{"uv":[0.5,7.875,0.59375,8.15625],"texture":"#0","tintindex":0},"south":{"uv":[7.875,0.5,7.96875,0.78125],"texture":"#0","tintindex":0},"north":{"uv":[0.375,7.875,0.46875,8.15625],"texture":"#0","tintindex":0},"west":{"uv":[0.625,7.875,0.71875,8.15625],"texture":"#0","tintindex":0},"up":{"uv":[5.96875,8.59375,5.875,8.5],"texture":"#0","tintindex":0},"down":{"uv":[6.09375,8.5,6.0,8.59375],"texture":"#0","tintindex":0}}},{"from":[7.70434,-0.4200697,-13.874561],"to":[8.042586,-0.030070305,-0.63945675],"faces":{"east":{"uv":[7.375,2.75,8.625,2.78125],"texture":"#0","tintindex":0},"south":{"uv":[3.5,8.75,3.53125,8.78125],"texture":"#0","tintindex":0},"north":{"uv":[3.375,8.75,3.40625,8.78125],"texture":"#0","tintindex":0},"west":{"uv":[5.25,7.375,6.5,7.40625],"texture":"#0","tintindex":0},"up":{"uv":[3.53125,8.625,3.5,7.375],"texture":"#0","tintindex":0},"down":{"uv":[3.65625,7.375,3.625,8.625],"texture":"#0","tintindex":0}}},{"from":[6.329835,7.4417367,-11.266869],"to":[9.281552,8.335777,-10.752701],"faces":{"east":{"uv":[4.875,8.625,4.9375,8.71875],"texture":"#0","tintindex":0},"south":{"uv":[7.875,1.0,8.15625,1.09375],"texture":"#0","tintindex":0},"north":{"uv":[7.875,0.125,8.15625,0.21875],"texture":"#0","tintindex":0},"west":{"uv":[5.0,8.625,5.0625,8.71875],"texture":"#0","tintindex":0},"up":{"uv":[8.53125,7.9375,8.25,7.875],"texture":"#0","tintindex":0},"down":{"uv":[8.53125,8.0,8.25,8.0625],"texture":"#0","tintindex":0}}},{"from":[6.329835,6.848274,-10.68372],"to":[9.281552,7.3624415,-8.482971],"faces":{"east":{"uv":[8.375,2.875,8.59375,2.9375],"texture":"#0","tintindex":0},"south":{"uv":[8.25,7.5,8.53125,7.5625],"texture":"#0","tintindex":0},"north":{"uv":[8.25,7.375,8.53125,7.4375],"texture":"#0","tintindex":0},"west":{"uv":[8.375,5.25,8.59375,5.3125],"texture":"#0","tintindex":0},"up":{"uv":[1.03125,7.46875,0.75,7.25],"texture":"#0","tintindex":0},"down":{"uv":[7.53125,1.0,7.25,1.21875],"texture":"#0","tintindex":0}}},{"from":[7.5128303,12.563491,-6.7726],"to":[8.229657,13.548187,-3.3975325],"faces":{"east":{"uv":[5.75,7.75,6.0625,7.84375],"texture":"#0","tintindex":0},"south":{"uv":[8.625,3.875,8.6875,3.96875],"texture":"#0","tintindex":0},"north":{"uv":[3.875,8.625,3.9375,8.71875],"texture":"#0","tintindex":0},"west":{"uv":[6.125,7.75,6.4375,7.84375],"texture":"#0","tintindex":0},"up":{"uv":[2.1875,8.5625,2.125,8.25],"texture":"#0","tintindex":0},"down":{"uv":[2.3125,8.25,2.25,8.5625],"texture":"#0","tintindex":0}}},{"from":[6.729115,8.25221,-11.288357],"to":[8.982093,9.854039,-10.889076],"rotation":{"origin":[7.8167853,8.518445,-10.0597],"axis":"x","angle":22.5},"faces":{"east":{"uv":[7.375,8.625,7.40625,8.78125],"texture":"#0","tintindex":0},"south":{"uv":[7.5,7.125,7.71875,7.28125],"texture":"#0","tintindex":0},"north":{"uv":[6.25,7.5,6.46875,7.65625],"texture":"#0","tintindex":0},"west":{"uv":[8.625,7.375,8.65625,7.53125],"texture":"#0","tintindex":0},"up":{"uv":[2.46875,8.65625,2.25,8.625],"texture":"#0","tintindex":0},"down":{"uv":[8.84375,2.25,8.625,2.28125],"texture":"#0","tintindex":0}}},{"from":[7.70434,16.078972,-14.264561],"to":[8.042586,16.728971,-0.2494564],"faces":{"east":{"uv":[7.125,3.0,8.4375,3.0625],"texture":"#0","tintindex":0},"south":{"uv":[2.75,8.75,2.78125,8.8125],"texture":"#0","tintindex":0},"north":{"uv":[2.625,8.75,2.65625,8.8125],"texture":"#0","tintindex":0},"west":{"uv":[7.125,3.125,8.4375,3.1875],"texture":"#0","tintindex":0},"up":{"uv":[3.28125,8.6875,3.25,7.375],"texture":"#0","tintindex":0},"down":{"uv":[3.40625,7.375,3.375,8.6875],"texture":"#0","tintindex":0}}},{"from":[5.9305553,8.358353,-4.637787],"to":[6.3867726,9.823279,-2.6916523],"faces":{"east":{"uv":[8.125,4.0,8.3125,4.125],"texture":"#0","tintindex":0},"south":{"uv":[1.375,8.75,1.40625,8.875],"texture":"#0","tintindex":0},"north":{"uv":[8.75,1.25,8.78125,1.375],"texture":"#0","tintindex":0},"west":{"uv":[8.0,4.875,8.1875,5.0],"texture":"#0","tintindex":0},"up":{"uv":[6.28125,8.8125,6.25,8.625],"texture":"#0","tintindex":0},"down":{"uv":[6.40625,8.625,6.375,8.8125],"texture":"#0","tintindex":0}}},{"from":[6.76283,7.010761,10.435734],"to":[9.06299,9.495457,11.769134],"faces":{"east":{"uv":[6.375,6.75,6.5,6.96875],"texture":"#0","tintindex":0},"south":{"uv":[3.0,6.625,3.21875,6.84375],"texture":"#0","tintindex":0},"north":{"uv":[0.375,5.375,0.59375,5.59375],"texture":"#0","tintindex":0},"west":{"uv":[0.25,7.875,0.375,8.09375],"texture":"#0","tintindex":0},"up":{"uv":[2.46875,2.25,2.25,2.125],"texture":"#0","tintindex":0},"down":{"uv":[4.71875,1.875,4.5,2.0],"texture":"#0","tintindex":0}}},{"from":[7.70434,12.85284,-11.014561],"to":[8.042586,14.258967,-2.7194576],"faces":{"east":{"uv":[7.0,0.625,7.78125,0.75],"texture":"#0","tintindex":0},"south":{"uv":[8.625,8.625,8.65625,8.75],"texture":"#0","tintindex":0},"north":{"uv":[8.625,8.5,8.65625,8.625],"texture":"#0","tintindex":0},"west":{"uv":[7.0,0.75,7.78125,0.875],"texture":"#0","tintindex":0},"up":{"uv":[7.90625,7.90625,7.875,7.125],"texture":"#0","tintindex":0},"down":{"uv":[7.53125,7.875,7.5,8.65625],"texture":"#0","tintindex":0}}},{"from":[7.70434,1.39993,-12.05456],"to":[8.042586,2.4399304,-1.9394569],"faces":{"east":{"uv":[7.0,0.875,7.9375,0.96875],"texture":"#0","tintindex":0},"south":{"uv":[1.5,8.75,1.53125,8.84375],"texture":"#0","tintindex":0},"north":{"uv":[8.75,1.375,8.78125,1.46875],"texture":"#0","tintindex":0},"west":{"uv":[7.0,4.625,7.9375,4.71875],"texture":"#0","tintindex":0},"up":{"uv":[7.28125,8.5625,7.25,7.625],"texture":"#0","tintindex":0},"down":{"uv":[7.78125,3.5,7.75,4.4375],"texture":"#0","tintindex":0}}},{"from":[6.729115,6.448994,-4.4381475],"to":[8.982093,6.848274,-2.836318],"faces":{"east":{"uv":[8.625,7.625,8.78125,7.65625],"texture":"#0","tintindex":0},"south":{"uv":[2.5,8.625,2.71875,8.65625],"texture":"#0","tintindex":0},"north":{"uv":[8.625,2.375,8.84375,2.40625],"texture":"#0","tintindex":0},"west":{"uv":[7.75,8.625,7.90625,8.65625],"texture":"#0","tintindex":0},"up":{"uv":[7.71875,7.53125,7.5,7.375],"texture":"#0","tintindex":0},"down":{"uv":[0.21875,7.625,0.0,7.78125],"texture":"#0","tintindex":0}}},{"from":[7.429497,9.662124,-5.480933],"to":[8.31299,12.563487,-4.3975325],"faces":{"east":{"uv":[4.75,7.875,4.84375,8.15625],"texture":"#0","tintindex":0},"south":{"uv":[5.0,7.875,5.09375,8.15625],"texture":"#0","tintindex":0},"north":{"uv":[4.625,7.875,4.71875,8.15625],"texture":"#0","tintindex":0},"west":{"uv":[5.125,7.875,5.21875,8.15625],"texture":"#0","tintindex":0},"up":{"uv":[8.59375,6.96875,8.5,6.875],"texture":"#0","tintindex":0},"down":{"uv":[8.59375,7.0,8.5,7.09375],"texture":"#0","tintindex":0}}},{"from":[6.329835,7.033924,-4.0147705],"to":[9.281552,7.5480905,-2.6172924],"rotation":{"origin":[7.8167853,8.153108,-3.4603376],"axis":"x","angle":-22.5},"faces":{"east":{"uv":[8.375,8.5,8.5,8.5625],"texture":"#0","tintindex":0},"south":{"uv":[8.375,1.0,8.65625,1.0625],"texture":"#0","tintindex":0},"north":{"uv":[8.375,0.875,8.65625,0.9375],"texture":"#0","tintindex":0},"west":{"uv":[8.5,8.5,8.625,8.5625],"texture":"#0","tintindex":0},"up":{"uv":[7.78125,0.625,7.5,0.5],"texture":"#0","tintindex":0},"down":{"uv":[1.65625,7.5,1.375,7.625],"texture":"#0","tintindex":0}}},{"from":[7.70434,-0.81007004,-13.22456],"to":[8.042586,-0.4200697,-1.1594572],"faces":{"east":{"uv":[7.375,6.875,8.5,6.90625],"texture":"#0","tintindex":0},"south":{"uv":[8.75,3.625,8.78125,3.65625],"texture":"#0","tintindex":0},"north":{"uv":[3.625,8.75,3.65625,8.78125],"texture":"#0","tintindex":0},"west":{"uv":[7.375,7.0,8.5,7.03125],"texture":"#0","tintindex":0},"up":{"uv":[7.15625,8.5,7.125,7.375],"texture":"#0","tintindex":0},"down":{"uv":[7.40625,7.125,7.375,8.25],"texture":"#0","tintindex":0}}},{"from":[6.729115,6.448994,-10.68372],"to":[8.982093,6.848274,-9.08189],"faces":{"east":{"uv":[8.625,6.5,8.78125,6.53125],"texture":"#0","tintindex":0},"south":{"uv":[1.0,8.625,1.21875,8.65625],"texture":"#0","tintindex":0},"north":{"uv":[8.625,0.375,8.84375,0.40625],"texture":"#0","tintindex":0},"west":{"uv":[6.625,8.625,6.78125,8.65625],"texture":"#0","tintindex":0},"up":{"uv":[7.71875,4.53125,7.5,4.375],"texture":"#0","tintindex":0},"down":{"uv":[5.21875,7.5,5.0,7.65625],"texture":"#0","tintindex":0}}},{"from":[7.70434,0.61993027,-13.354561],"to":[8.042586,1.39993,-0.76945686],"faces":{"east":{"uv":[7.125,5.0,8.3125,5.0625],"texture":"#0","tintindex":0},"south":{"uv":[1.75,8.75,1.78125,8.8125],"texture":"#0","tintindex":0},"north":{"uv":[8.75,1.625,8.78125,1.6875],"texture":"#0","tintindex":0},"west":{"uv":[7.125,5.125,8.3125,5.1875],"texture":"#0","tintindex":0},"up":{"uv":[4.90625,8.5625,4.875,7.375],"texture":"#0","tintindex":0},"down":{"uv":[6.53125,7.375,6.5,8.5625],"texture":"#0","tintindex":0}}},{"from":[6.329835,8.335777,-2.7673378],"to":[9.281552,9.229816,-2.253172],"faces":{"east":{"uv":[8.625,6.375,8.6875,6.46875],"texture":"#0","tintindex":0},"south":{"uv":[7.875,4.375,8.15625,4.46875],"texture":"#0","tintindex":0},"north":{"uv":[7.875,4.25,8.15625,4.34375],"texture":"#0","tintindex":0},"west":{"uv":[6.5,8.625,6.5625,8.71875],"texture":"#0","tintindex":0},"up":{"uv":[8.65625,1.9375,8.375,1.875],"texture":"#0","tintindex":0},"down":{"uv":[8.65625,2.0,8.375,2.0625],"texture":"#0","tintindex":0}}},{"from":[6.329835,7.033924,-10.902748],"to":[9.281552,7.5480905,-9.505268],"rotation":{"origin":[7.8167853,8.153108,-10.0597],"axis":"x","angle":22.5},"faces":{"east":{"uv":[8.0,8.5,8.125,8.5625],"texture":"#0","tintindex":0},"south":{"uv":[8.25,7.75,8.53125,7.8125],"texture":"#0","tintindex":0},"north":{"uv":[8.25,7.625,8.53125,7.6875],"texture":"#0","tintindex":0},"west":{"uv":[8.125,8.5,8.25,8.5625],"texture":"#0","tintindex":0},"up":{"uv":[3.65625,2.125,3.375,2.0],"texture":"#0","tintindex":0},"down":{"uv":[0.90625,3.625,0.625,3.75],"texture":"#0","tintindex":0}}},{"from":[7.70434,-0.030070305,-14.264561],"to":[8.042586,0.61993027,-0.2494564],"faces":{"east":{"uv":[7.0,6.375,8.3125,6.4375],"texture":"#0","tintindex":0},"south":{"uv":[8.75,1.875,8.78125,1.9375],"texture":"#0","tintindex":0},"north":{"uv":[8.75,1.75,8.78125,1.8125],"texture":"#0","tintindex":0},"west":{"uv":[0.375,7.125,1.6875,7.1875],"texture":"#0","tintindex":0},"up":{"uv":[3.03125,8.6875,3.0,7.375],"texture":"#0","tintindex":0},"down":{"uv":[3.15625,7.375,3.125,8.6875],"texture":"#0","tintindex":0}}},{"from":[6.729115,8.25221,-2.6309633],"to":[8.982093,9.854039,-2.2316837],"rotation":{"origin":[7.8167853,8.518445,-3.4603376],"axis":"x","angle":-22.5},"faces":{"east":{"uv":[8.625,8.125,8.65625,8.28125],"texture":"#0","tintindex":0},"south":{"uv":[1.375,7.625,1.59375,7.78125],"texture":"#0","tintindex":0},"north":{"uv":[7.625,1.0,7.84375,1.15625],"texture":"#0","tintindex":0},"west":{"uv":[8.375,8.625,8.40625,8.78125],"texture":"#0","tintindex":0},"up":{"uv":[3.71875,8.65625,3.5,8.625],"texture":"#0","tintindex":0},"down":{"uv":[8.84375,3.5,8.625,3.53125],"texture":"#0","tintindex":0}}},{"from":[9.224615,6.848274,-4.637787],"to":[9.680833,8.313201,-2.6916523],"faces":{"east":{"uv":[8.125,3.75,8.3125,3.875],"texture":"#0","tintindex":0},"south":{"uv":[1.0,8.75,1.03125,8.875],"texture":"#0","tintindex":0},"north":{"uv":[8.75,0.875,8.78125,1.0],"texture":"#0","tintindex":0},"west":{"uv":[8.125,3.375,8.3125,3.5],"texture":"#0","tintindex":0},"up":{"uv":[8.65625,5.6875,8.625,5.5],"texture":"#0","tintindex":0},"down":{"uv":[5.65625,8.625,5.625,8.8125],"texture":"#0","tintindex":0}}},{"from":[6.329835,9.309113,-10.68372],"to":[9.281552,9.823279,-8.482971],"faces":{"east":{"uv":[8.375,6.125,8.59375,6.1875],"texture":"#0","tintindex":0},"south":{"uv":[8.25,8.125,8.53125,8.1875],"texture":"#0","tintindex":0},"north":{"uv":[8.125,8.25,8.40625,8.3125],"texture":"#0","tintindex":0},"west":{"uv":[8.375,6.25,8.59375,6.3125],"texture":"#0","tintindex":0},"up":{"uv":[1.40625,7.46875,1.125,7.25],"texture":"#0","tintindex":0},"down":{"uv":[1.78125,7.25,1.5,7.46875],"texture":"#0","tintindex":0}}},{"from":[6.729115,6.8175144,-2.6309633],"to":[8.982093,8.419343,-2.2316837],"rotation":{"origin":[7.8167853,8.153108,-3.4603376],"axis":"x","angle":22.5},"faces":{"east":{"uv":[8.625,7.75,8.65625,7.90625],"texture":"#0","tintindex":0},"south":{"uv":[0.25,7.625,0.46875,7.78125],"texture":"#0","tintindex":0},"north":{"uv":[7.625,0.0,7.84375,0.15625],"texture":"#0","tintindex":0},"west":{"uv":[8.0,8.625,8.03125,8.78125],"texture":"#0","tintindex":0},"up":{"uv":[8.84375,2.53125,8.625,2.5],"texture":"#0","tintindex":0},"down":{"uv":[2.96875,8.625,2.75,8.65625],"texture":"#0","tintindex":0}}},{"from":[7.70434,2.4399304,-11.014561],"to":[8.042586,3.846057,-2.7194576],"faces":{"east":{"uv":[6.75,3.75,7.53125,3.875],"texture":"#0","tintindex":0},"south":{"uv":[8.5,8.625,8.53125,8.75],"texture":"#0","tintindex":0},"north":{"uv":[8.625,8.375,8.65625,8.5],"texture":"#0","tintindex":0},"west":{"uv":[6.875,2.875,7.65625,3.0],"texture":"#0","tintindex":0},"up":{"uv":[6.90625,8.65625,6.875,7.875],"texture":"#0","tintindex":0},"down":{"uv":[7.03125,7.875,7.0,8.65625],"texture":"#0","tintindex":0}}},{"from":[9.224615,8.358353,-10.828388],"to":[9.680833,9.823279,-8.882252],"faces":{"east":{"uv":[8.0,4.875,8.1875,5.0],"texture":"#0","tintindex":0},"south":{"uv":[8.75,0.5,8.78125,0.625],"texture":"#0","tintindex":0},"north":{"uv":[8.75,0.625,8.78125,0.75],"texture":"#0","tintindex":0},"west":{"uv":[8.125,2.0,8.3125,2.125],"texture":"#0","tintindex":0},"up":{"uv":[8.65625,5.1875,8.625,5.0],"texture":"#0","tintindex":0},"down":{"uv":[5.15625,8.625,5.125,8.8125],"texture":"#0","tintindex":0}}}],"textures":{"particle":"#0","0":"modelengine:272a9ee3-b415-4caa-a388-6635dd9e7b52"}}