{"display":{"head":{},"firstperson_righthand":{},"thirdperson_lefthand":{},"firstperson_lefthand":{},"fixed":{},"ground":{},"thirdperson_righthand":{},"gui":{"rotation":[-150.0,-45.0,180.0]}},"elements":[{"from":[3.2185001,-13.986719,1.0971999],"to":[12.79397,8.036873,12.8824005],"faces":{"east":{"uv":[4.125,4.75,4.5,5.4375],"texture":"#0","tintindex":0},"south":{"uv":[6.0,1.0,6.3125,1.6875],"texture":"#0","tintindex":0},"north":{"uv":[0.75,6.0,1.0625,6.6875],"texture":"#0","tintindex":0},"west":{"uv":[4.75,4.125,5.125,4.8125],"texture":"#0","tintindex":0},"up":{"uv":[7.1875,0.375,6.875,0.0],"texture":"#0","tintindex":0},"down":{"uv":[7.1875,1.0,6.875,1.375],"texture":"#0","tintindex":0}}},{"from":[2.4819298,-14.944269,0.36063004],"to":[13.53055,8.036873,13.61898],"faces":{"east":{"uv":[4.125,0.0,4.53125,0.71875],"texture":"#0","tintindex":0},"south":{"uv":[2.125,5.375,2.46875,6.09375],"texture":"#0","tintindex":0},"north":{"uv":[1.75,5.375,2.09375,6.09375],"texture":"#0","tintindex":0},"west":{"uv":[3.625,4.125,4.03125,4.84375],"texture":"#0","tintindex":0},"up":{"uv":[2.59375,7.03125,2.25,6.625],"texture":"#0","tintindex":0},"down":{"uv":[2.96875,6.625,2.625,7.03125],"texture":"#0","tintindex":0}}}],"textures":{"particle":"#0","0":"modelengine:272a9ee3-b415-4caa-a388-6635dd9e7b52"}}