{"display":{"head":{},"firstperson_righthand":{},"thirdperson_lefthand":{},"firstperson_lefthand":{},"fixed":{},"ground":{},"thirdperson_righthand":{},"gui":{"rotation":[-150.0,-45.0,180.0]}},"elements":[{"from":[21.29526,19.164856,-1.9302301],"to":[24.87073,25.164856,0.85497],"faces":{"east":{"uv":[8.25,1.375,8.34375,1.5625],"texture":"#0","tintindex":0},"south":{"uv":[1.0,8.0,1.125,8.1875],"texture":"#0","tintindex":0},"north":{"uv":[7.625,7.875,7.75,8.0625],"texture":"#0","tintindex":0},"west":{"uv":[4.0,8.25,4.09375,8.4375],"texture":"#0","tintindex":0},"up":{"uv":[7.0,0.46875,6.875,0.375],"texture":"#0","tintindex":0},"down":{"uv":[7.75,2.25,7.625,2.34375],"texture":"#0","tintindex":0}}},{"from":[21.29526,19.164856,12.06977],"to":[24.87073,25.164856,14.85497],"faces":{"east":{"uv":[4.125,8.25,4.21875,8.4375],"texture":"#0","tintindex":0},"south":{"uv":[8.0,2.0,8.125,2.1875],"texture":"#0","tintindex":0},"north":{"uv":[2.0,8.0,2.125,8.1875],"texture":"#0","tintindex":0},"west":{"uv":[8.25,4.25,8.34375,4.4375],"texture":"#0","tintindex":0},"up":{"uv":[7.75,3.84375,7.625,3.75],"texture":"#0","tintindex":0},"down":{"uv":[4.75,8.5,4.625,8.59375],"texture":"#0","tintindex":0}}},{"from":[9.295259,-8.85873,1.0697699],"to":[18.87073,13.164856,12.85497],"faces":{"east":{"uv":[4.75,2.125,5.125,2.8125],"texture":"#0","tintindex":0},"south":{"uv":[0.375,6.0,0.6875,6.6875],"texture":"#0","tintindex":0},"north":{"uv":[5.875,3.125,6.1875,3.8125],"texture":"#0","tintindex":0},"west":{"uv":[4.75,2.875,5.125,3.5625],"texture":"#0","tintindex":0},"up":{"uv":[6.3125,7.125,6.0,6.75],"texture":"#0","tintindex":0},"down":{"uv":[0.3125,6.875,0.0,7.25],"texture":"#0","tintindex":0}}},{"from":[22.190395,19.164856,11.174635],"to":[24.975595,25.164856,14.750105],"faces":{"east":{"uv":[2.375,8.0,2.5,8.1875],"texture":"#0","tintindex":0},"south":{"uv":[8.25,4.75,8.34375,4.9375],"texture":"#0","tintindex":0},"north":{"uv":[4.75,8.25,4.84375,8.4375],"texture":"#0","tintindex":0},"west":{"uv":[2.5,8.0,2.625,8.1875],"texture":"#0","tintindex":0},"up":{"uv":[8.59375,5.0,8.5,4.875],"texture":"#0","tintindex":0},"down":{"uv":[5.09375,8.5,5.0,8.625],"texture":"#0","tintindex":0}}},{"from":[14.295259,19.164856,-1.9302301],"to":[18.87073,25.164856,0.85497],"faces":{"east":{"uv":[5.0,8.25,5.09375,8.4375],"texture":"#0","tintindex":0},"south":{"uv":[7.625,5.875,7.78125,6.0625],"texture":"#0","tintindex":0},"north":{"uv":[7.625,5.625,7.78125,5.8125],"texture":"#0","tintindex":0},"west":{"uv":[5.125,8.25,5.21875,8.4375],"texture":"#0","tintindex":0},"up":{"uv":[8.53125,2.21875,8.375,2.125],"texture":"#0","tintindex":0},"down":{"uv":[8.53125,2.25,8.375,2.34375],"texture":"#0","tintindex":0}}},{"from":[8.190395,19.164856,-1.8253651],"to":[10.975595,25.164856,1.7501049],"faces":{"east":{"uv":[8.0,3.5,8.125,3.6875],"texture":"#0","tintindex":0},"south":{"uv":[6.25,8.25,6.34375,8.4375],"texture":"#0","tintindex":0},"north":{"uv":[8.25,6.125,8.34375,6.3125],"texture":"#0","tintindex":0},"west":{"uv":[8.0,3.75,8.125,3.9375],"texture":"#0","tintindex":0},"up":{"uv":[5.46875,8.625,5.375,8.5],"texture":"#0","tintindex":0},"down":{"uv":[5.59375,8.5,5.5,8.625],"texture":"#0","tintindex":0}}},{"from":[22.190395,19.164856,-1.8253651],"to":[24.975595,25.164856,1.7501049],"faces":{"east":{"uv":[8.0,4.0,8.125,4.1875],"texture":"#0","tintindex":0},"south":{"uv":[8.25,6.5,8.34375,6.6875],"texture":"#0","tintindex":0},"north":{"uv":[6.375,8.25,6.46875,8.4375],"texture":"#0","tintindex":0},"west":{"uv":[8.0,4.625,8.125,4.8125],"texture":"#0","tintindex":0},"up":{"uv":[5.71875,8.625,5.625,8.5],"texture":"#0","tintindex":0},"down":{"uv":[8.59375,5.625,8.5,5.75],"texture":"#0","tintindex":0}}},{"from":[8.295259,19.164856,-1.9302301],"to":[11.870729,25.164856,0.85497],"faces":{"east":{"uv":[5.875,8.25,5.96875,8.4375],"texture":"#0","tintindex":0},"south":{"uv":[2.75,8.0,2.875,8.1875],"texture":"#0","tintindex":0},"north":{"uv":[2.625,8.0,2.75,8.1875],"texture":"#0","tintindex":0},"west":{"uv":[8.25,5.875,8.34375,6.0625],"texture":"#0","tintindex":0},"up":{"uv":[8.625,5.09375,8.5,5.0],"texture":"#0","tintindex":0},"down":{"uv":[5.25,8.5,5.125,8.59375],"texture":"#0","tintindex":0}}},{"from":[8.190395,19.164856,4.174635],"to":[10.975595,25.164856,8.750105],"faces":{"east":{"uv":[7.5,7.625,7.65625,7.8125],"texture":"#0","tintindex":0},"south":{"uv":[5.625,8.25,5.71875,8.4375],"texture":"#0","tintindex":0},"north":{"uv":[5.5,8.25,5.59375,8.4375],"texture":"#0","tintindex":0},"west":{"uv":[1.75,7.75,1.90625,7.9375],"texture":"#0","tintindex":0},"up":{"uv":[8.46875,3.40625,8.375,3.25],"texture":"#0","tintindex":0},"down":{"uv":[8.46875,3.5,8.375,3.65625],"texture":"#0","tintindex":0}}},{"from":[22.190395,19.164856,4.174635],"to":[24.975595,25.164856,8.750105],"faces":{"east":{"uv":[7.75,1.875,7.90625,2.0625],"texture":"#0","tintindex":0},"south":{"uv":[5.75,8.25,5.84375,8.4375],"texture":"#0","tintindex":0},"north":{"uv":[8.25,5.625,8.34375,5.8125],"texture":"#0","tintindex":0},"west":{"uv":[2.0,7.75,2.15625,7.9375],"texture":"#0","tintindex":0},"up":{"uv":[8.46875,3.90625,8.375,3.75],"texture":"#0","tintindex":0},"down":{"uv":[8.46875,4.0,8.375,4.15625],"texture":"#0","tintindex":0}}},{"from":[8.558689,-8.85873,0.33319998],"to":[19.60731,14.122406,13.59155],"faces":{"east":{"uv":[3.125,3.75,3.53125,4.46875],"texture":"#0","tintindex":0},"south":{"uv":[1.375,5.375,1.71875,6.09375],"texture":"#0","tintindex":0},"north":{"uv":[0.0,5.375,0.34375,6.09375],"texture":"#0","tintindex":0},"west":{"uv":[4.0,1.25,4.40625,1.96875],"texture":"#0","tintindex":0},"up":{"uv":[1.84375,7.03125,1.5,6.625],"texture":"#0","tintindex":0},"down":{"uv":[2.21875,6.625,1.875,7.03125],"texture":"#0","tintindex":0}}},{"from":[8.190395,19.164856,11.174635],"to":[10.975595,25.164856,14.750105],"faces":{"east":{"uv":[2.125,8.0,2.25,8.1875],"texture":"#0","tintindex":0},"south":{"uv":[4.625,8.25,4.71875,8.4375],"texture":"#0","tintindex":0},"north":{"uv":[8.25,4.5,8.34375,4.6875],"texture":"#0","tintindex":0},"west":{"uv":[2.25,8.0,2.375,8.1875],"texture":"#0","tintindex":0},"up":{"uv":[4.84375,8.625,4.75,8.5],"texture":"#0","tintindex":0},"down":{"uv":[8.59375,4.75,8.5,4.875],"texture":"#0","tintindex":0}}},{"from":[14.295259,19.164856,12.06977],"to":[18.87073,25.164856,14.85497],"faces":{"east":{"uv":[5.25,8.25,5.34375,8.4375],"texture":"#0","tintindex":0},"south":{"uv":[6.875,7.625,7.03125,7.8125],"texture":"#0","tintindex":0},"north":{"uv":[7.625,6.125,7.78125,6.3125],"texture":"#0","tintindex":0},"west":{"uv":[5.375,8.25,5.46875,8.4375],"texture":"#0","tintindex":0},"up":{"uv":[8.53125,2.46875,8.375,2.375],"texture":"#0","tintindex":0},"down":{"uv":[8.53125,2.5,8.375,2.59375],"texture":"#0","tintindex":0}}},{"from":[8.295259,19.164856,12.06977],"to":[11.870729,25.164856,14.85497],"faces":{"east":{"uv":[6.0,8.25,6.09375,8.4375],"texture":"#0","tintindex":0},"south":{"uv":[8.0,3.25,8.125,3.4375],"texture":"#0","tintindex":0},"north":{"uv":[2.875,8.0,3.0,8.1875],"texture":"#0","tintindex":0},"west":{"uv":[6.125,8.25,6.21875,8.4375],"texture":"#0","tintindex":0},"up":{"uv":[8.625,5.21875,8.5,5.125],"texture":"#0","tintindex":0},"down":{"uv":[5.375,8.5,5.25,8.59375],"texture":"#0","tintindex":0}}},{"from":[8.295259,10.313438,-1.9302301],"to":[24.87073,19.337029,14.85497],"faces":{"east":{"uv":[6.375,4.25,6.90625,4.53125],"texture":"#0","tintindex":0},"south":{"uv":[6.375,4.625,6.90625,4.90625],"texture":"#0","tintindex":0},"north":{"uv":[6.375,3.875,6.90625,4.15625],"texture":"#0","tintindex":0},"west":{"uv":[4.875,6.375,5.40625,6.65625],"texture":"#0","tintindex":0},"up":{"uv":[4.65625,4.65625,4.125,4.125],"texture":"#0","tintindex":0},"down":{"uv":[0.53125,4.25,0.0,4.78125],"texture":"#0","tintindex":0}}}],"textures":{"particle":"#0","0":"modelengine:272a9ee3-b415-4caa-a388-6635dd9e7b52"}}