{"providers":[{"type":"bitmap","file":"emojis/emoji_worried_face.png","height":10,"ascent":9,"chars":["ꑦ"]},{"type":"bitmap","file":"ranks/rank-prefix-mod.png","ascent":8,"chars":["ꐜ"]},{"type":"bitmap","file":"emojis/emoji_partying_face.png","height":10,"ascent":9,"chars":["ꑋ"]},{"type":"bitmap","file":"emojis/emoji_nerd_face.png","height":10,"ascent":9,"chars":["ꑇ"]},{"type":"bitmap","file":"emojis/emoji_sweat.png","height":10,"ascent":9,"chars":["ꑡ"]},{"type":"bitmap","file":"emojis/emoji_green_heart.png","height":10,"ascent":9,"chars":["ꐼ"]},{"type":"bitmap","file":"emojis/emoji_cold_sweat.png","height":10,"ascent":9,"chars":["ꐬ"]},{"type":"bitmap","file":"emojis/emoji_sweat_smile.png","height":10,"ascent":9,"chars":["ꑠ"]},{"type":"bitmap","file":"emojis/emoji_smirking_face.png","height":10,"ascent":9,"chars":["ꑙ"]},{"type":"bitmap","file":"ranks/rank-prefix-sr-mod.png","ascent":8,"chars":["ꐢ"]},{"type":"bitmap","file":"emojis/emoji_poop.png","height":10,"ascent":9,"chars":["ꑎ"]},{"type":"bitmap","file":"emojis/emoji_innocent.png","height":10,"ascent":9,"chars":["ꑁ"]},{"type":"bitmap","file":"required/ui/menu_items.png","height":256,"ascent":37,"chars":["ꐤ"]},{"type":"bitmap","file":"emojis/emoji_broken_heart.png","height":10,"ascent":9,"chars":["ꐪ"]},{"type":"bitmap","file":"ranks/rank-prefix-media.png","ascent":8,"chars":["ꐛ"]},{"type":"bitmap","file":"emojis/emoji_flushed_face.png","height":10,"ascent":9,"chars":["ꐺ"]},{"type":"bitmap","file":"emojis/emoji_sleeping_face.png","height":10,"ascent":9,"chars":["ꑔ"]},{"type":"bitmap","file":"ranks/rank-prefix-nova.png","ascent":8,"chars":["ꐝ"]},{"type":"bitmap","file":"emojis/emoji_yum.png","height":10,"ascent":9,"chars":["ꑨ"]},{"type":"bitmap","file":"emojis/emoji_expressionless.png","height":10,"ascent":9,"chars":["ꐱ"]},{"type":"bitmap","file":"emojis/emoji_kissing_face.png","height":10,"ascent":9,"chars":["ꑃ"]},{"type":"bitmap","file":"emojis/emoji_zany_face.png","height":10,"ascent":9,"chars":["ꑩ"]},{"type":"bitmap","file":"emojis/emoji_rage_pouting_face.png","height":10,"ascent":9,"chars":["ꑏ"]},{"type":"bitmap","file":"emojis/emoji_grin.png","height":10,"ascent":9,"chars":["ꐽ"]},{"type":"bitmap","file":"emojis/emoji_upside_down_face.png","height":10,"ascent":9,"chars":["ꑤ"]},{"type":"bitmap","file":"ranks/rank-prefix-alien.png","ascent":8,"chars":["ꐐ"]},{"type":"bitmap","file":"emojis/sword.png","height":10,"ascent":9,"chars":["ꐑ"]},{"type":"bitmap","file":"emojis/emoji_clown_face.png","height":10,"ascent":9,"chars":["ꐫ"]},{"type":"bitmap","file":"emojis/emoji_scream.png","height":10,"ascent":9,"chars":["ꑒ"]},{"type":"bitmap","file":"emojis/emoji_face_with_raised_eyebrow.png","height":10,"ascent":9,"chars":["ꐸ"]},{"type":"bitmap","file":"emojis/emoji_smiling_face_with_tear.png","height":10,"ascent":9,"chars":["ꑗ"]},{"type":"bitmap","file":"emojis/emoji_face_with_monocle.png","height":10,"ascent":9,"chars":["ꐷ"]},{"type":"bitmap","file":"emojis/emoji_star_struck.png","height":10,"ascent":9,"chars":["ꑛ"]},{"type":"bitmap","file":"ranks/rank-prefix-owner.png","ascent":8,"chars":["ꐟ"]},{"type":"bitmap","file":"emojis/emoji_yellow_heart.png","height":10,"ascent":9,"chars":["ꑧ"]},{"type":"bitmap","file":"ranks/rank-prefix-starlord.png","ascent":8,"chars":["ꐣ"]},{"type":"bitmap","file":"emojis/emoji_smile_smirking_face.png","height":10,"ascent":9,"chars":["ꑕ"]},{"type":"bitmap","file":"emojis/emoji_smiling_imp.png","height":10,"ascent":9,"chars":["ꑘ"]},{"type":"bitmap","file":"emojis/emoji_stuck_out_tongue.png","height":10,"ascent":9,"chars":["ꑞ"]},{"type":"bitmap","file":"ranks/rank-prefix-helper.png","ascent":8,"chars":["ꐙ"]},{"type":"bitmap","file":"emojis/emoji_angry_face.png","height":10,"ascent":9,"chars":["ꐧ"]},{"type":"bitmap","file":"emojis/emoji_winking_face.png","height":10,"ascent":9,"chars":["ꑥ"]},{"type":"bitmap","file":"emojis/emoji_zipper_mouth_face.png","height":10,"ascent":9,"chars":["ꑪ"]},{"type":"bitmap","file":"ranks/rank-prefix-admin.png","ascent":8,"chars":["ꐒ"]},{"type":"bitmap","file":"emojis/emoji_sob.png","height":10,"ascent":9,"chars":["ꑚ"]},{"type":"bitmap","file":"emojis/emoji_confounded.png","height":10,"ascent":9,"chars":["ꐭ"]},{"type":"bitmap","file":"emojis/emoji_folded_hands.png","height":10,"ascent":9,"chars":["ꐻ"]},{"type":"bitmap","file":"hearts/heart.png","height":10,"ascent":9,"chars":["ꐾ"]},{"type":"bitmap","file":"emojis/emoji_joy.png","height":10,"ascent":9,"chars":["ꑂ"]},{"type":"bitmap","file":"emojis/emoji_blue_heart.png","height":10,"ascent":9,"chars":["ꐨ"]},{"type":"bitmap","file":"advancedenchantments/ui/enchanter.png","height":170,"ascent":49,"chars":["А"]},{"type":"bitmap","file":"emojis/emoji_sunglasses.png","height":10,"ascent":9,"chars":["ꑟ"]},{"type":"bitmap","file":"emojis/emoji_hot_face.png","height":10,"ascent":9,"chars":["ꑀ"]},{"type":"bitmap","file":"emojis/emoji_open_mouth.png","height":10,"ascent":9,"chars":["ꑊ"]},{"type":"bitmap","file":"emojis/emoji_crying_face.png","height":10,"ascent":9,"chars":["ꐯ"]},{"type":"bitmap","file":"emojis/emoji_skull.png","height":10,"ascent":9,"chars":["ꑓ"]},{"type":"bitmap","file":"ranks/rank-prefix-quester.png","ascent":8,"chars":["ꐠ"]},{"type":"bitmap","file":"emojis/emoji_mask.png","height":10,"ascent":9,"chars":["ꑅ"]},{"type":"bitmap","file":"ranks/rank-prefix-lord.png","ascent":8,"chars":["ꐚ"]},{"type":"bitmap","file":"emojis/emoji_red_heart.png","height":10,"ascent":9,"chars":["ꑐ"]},{"type":"bitmap","file":"required/exit_icon.png","ascent":8,"chars":["ꐥ"]},{"type":"bitmap","file":"emojis/emoji_pensive_face.png","height":10,"ascent":9,"chars":["ꑌ"]},{"type":"bitmap","file":"ranks/rank-prefix-overlord.png","ascent":8,"chars":["ꐞ"]},{"type":"bitmap","file":"emojis/emoji_eyes.png","height":10,"ascent":9,"chars":["ꐲ"]},{"type":"bitmap","file":"esc/logo.png","height":80,"ascent":30,"chars":["ꑫ"]},{"type":"bitmap","file":"emojis/emoji_confused_face.png","height":10,"ascent":9,"chars":["ꐮ"]},{"type":"bitmap","file":"emojis/emoji_face_vomiting.png","height":10,"ascent":9,"chars":["ꐳ"]},{"type":"bitmap","file":"ranks/rank-prefix-space-cadet.png","ascent":8,"chars":["ꐡ"]},{"type":"bitmap","file":"emojis/emoji_smiling_face_with_3_hearts.png","height":10,"ascent":9,"chars":["ꑖ"]},{"type":"bitmap","file":"rune.png","height":10,"ascent":9,"chars":["ꑭ"]},{"type":"bitmap","file":"advancedenchantments/ui/alchemist.png","height":170,"ascent":47,"chars":["В"]},{"type":"bitmap","file":"emojis/emoji_thumbs_down.png","height":10,"ascent":9,"chars":["ꑢ"]},{"type":"bitmap","file":"advancedenchantments/ui/tinkerer.png","height":170,"ascent":46,"chars":["Б"]},{"type":"bitmap","file":"emojis/emoji_face_with_head_bandage.png","height":10,"ascent":9,"chars":["ꐶ"]},{"type":"bitmap","file":"emojis/verified.png","height":10,"ascent":9,"chars":["ꐓ"]},{"type":"bitmap","file":"emojis/emoji_blush.png","height":10,"ascent":9,"chars":["ꐩ"]},{"type":"bitmap","file":"esc/bottom_news.png","height":56,"ascent":20,"chars":["ꑬ"]},{"type":"bitmap","file":"emojis/emoji_pleading_face.png","height":10,"ascent":9,"chars":["ꑍ"]},{"type":"bitmap","file":"emojis/emoji_unamused_face.png","height":10,"ascent":9,"chars":["ꑣ"]},{"type":"bitmap","file":"emojis/emoji_heart_eyes.png","height":10,"ascent":9,"chars":["ꐿ"]},{"type":"bitmap","file":"emojis/emoji_neutral_face.png","height":10,"ascent":9,"chars":["ꑈ"]},{"type":"bitmap","file":"ranks/rank-prefix-builder.png","ascent":8,"chars":["ꐖ"]},{"type":"bitmap","file":"ranks/rank-prefix-dev.png","ascent":8,"chars":["ꐘ"]},{"type":"bitmap","file":"emojis/emoji_nauseated_face_sick.png","height":10,"ascent":9,"chars":["ꑆ"]},{"type":"bitmap","file":"ranks/rank-prefix-associate.png","ascent":8,"chars":["ꐔ"]},{"type":"bitmap","file":"emojis/emoji_face_with_cowboy_hat.png","height":10,"ascent":9,"chars":["ꐴ"]},{"type":"bitmap","file":"emojis/emoji_stuck_out_tongue_closed_eyes.png","height":10,"ascent":9,"chars":["ꑜ"]},{"type":"bitmap","file":"emojis/emoji_kissing_heart.png","height":10,"ascent":9,"chars":["ꑄ"]},{"type":"bitmap","file":"emojis/emoji_no_mouth.png","height":10,"ascent":9,"chars":["ꑉ"]},{"type":"bitmap","file":"emojis/emoji_stuck_out_tongue_winking_eye.png","height":10,"ascent":9,"chars":["ꑝ"]},{"type":"bitmap","file":"ranks/rank-prefix-astronaut.png","ascent":8,"chars":["ꐕ"]},{"type":"bitmap","file":"emojis/emoji_relieved_face.png","height":10,"ascent":9,"chars":["ꑑ"]},{"type":"bitmap","file":"esc/you_died.png","height":90,"ascent":20,"chars":["ꑮ"]},{"type":"bitmap","file":"ranks/rank-prefix-citizen.png","ascent":8,"chars":["ꐗ"]},{"type":"bitmap","file":"emojis/emoji_face_with_diagonal_mouth.png","height":10,"ascent":9,"chars":["ꐵ"]},{"type":"bitmap","file":"emojis/emoji_dizzy_face.png","height":10,"ascent":9,"chars":["ꐰ"]},{"type":"bitmap","file":"emojis/emoji_face_with_spiral_eyes.png","height":10,"ascent":9,"chars":["ꐹ"]},{"type":"bitmap","file":"gem_icon.png","height":11,"ascent":9,"chars":["ꑯ"]},{"type":"reference","id":"nexo:shift"}]}